2026-06-08 02:05:47: ◇ injected env (0) from .env // tip: ⌘ suppress logs { quiet: true }
2026-06-08 02:05:51: ◇ injected env (0) from .env // tip: ⌘ override existing { override: true }
2026-06-08 02:05:55: ◇ injected env (0) from .env // tip: ⌘ override existing { override: true }
2026-06-08 02:05:59: ◇ injected env (0) from .env // tip: ◈ secrets for agents [www.dotenvx.com]
2026-06-08 02:06:05: ◇ injected env (0) from .env // tip: ⌘ enable debugging { debug: true }
2026-06-08 02:06:11: ◇ injected env (0) from .env // tip: ⌁ auth for agents [www.vestauth.com]
2026-06-08 02:06:17: ◇ injected env (0) from .env // tip: ◈ encrypted .env [www.dotenvx.com]
2026-06-08 02:06:22: ◇ injected env (0) from .env // tip: ◈ secrets for agents [www.dotenvx.com]
2026-06-08 02:06:28: ◇ injected env (0) from .env // tip: ⌁ auth for agents [www.vestauth.com]
2026-06-08 02:06:33: ◇ injected env (0) from .env // tip: ⌘ custom filepath { path: '/custom/path/.env' }
2026-06-08 02:06:39: ◇ injected env (0) from .env // tip: ⌘ override existing { override: true }
2026-06-08 02:06:45: ◇ injected env (0) from .env // tip: ⌘ custom filepath { path: '/custom/path/.env' }
2026-06-08 02:06:51: ◇ injected env (0) from .env // tip: ⌁ auth for agents [www.vestauth.com]
2026-06-08 02:06:57: ◇ injected env (0) from .env // tip: ⌘ enable debugging { debug: true }
2026-06-08 02:07:03: ◇ injected env (0) from .env // tip: ◈ secrets for agents [www.dotenvx.com]
2026-06-08 02:07:09: ◇ injected env (0) from .env // tip: ⌘ custom filepath { path: '/custom/path/.env' }
2026-06-08 02:07:16: ◇ injected env (0) from .env // tip: ⌘ multiple files { path: ['.env.local', '.env'] }
2026-06-08 02:07:21: ◇ injected env (0) from .env // tip: ⌘ custom filepath { path: '/custom/path/.env' }
2026-06-08 02:07:26: ◇ injected env (0) from .env // tip: ⌘ suppress logs { quiet: true }
2026-06-08 02:07:32: ◇ injected env (0) from .env // tip: ◈ secrets for agents [www.dotenvx.com]
2026-06-08 02:07:37: ◇ injected env (0) from .env // tip: ⌘ multiple files { path: ['.env.local', '.env'] }
2026-06-08 02:07:43: ◇ injected env (0) from .env // tip: ⌁ auth for agents [www.vestauth.com]
2026-06-08 02:07:48: ◇ injected env (0) from .env // tip: ⌘ override existing { override: true }
2026-06-08 02:07:53: ◇ injected env (0) from .env // tip: ⌘ enable debugging { debug: true }
2026-06-08 02:07:58: ◇ injected env (0) from .env // tip: ⌘ suppress logs { quiet: true }
2026-06-08 02:08:04: ◇ injected env (0) from .env // tip: ⌘ multiple files { path: ['.env.local', '.env'] }
2026-06-08 02:08:09: ◇ injected env (0) from .env // tip: ⌘ multiple files { path: ['.env.local', '.env'] }
2026-06-08 02:08:15: ◇ injected env (0) from .env // tip: ◈ secrets for agents [www.dotenvx.com]
2026-06-08 02:08:21: ◇ injected env (0) from .env // tip: ◈ encrypted .env [www.dotenvx.com]
2026-06-08 02:08:28: ◇ injected env (0) from .env // tip: ⌘ suppress logs { quiet: true }
2026-06-08 02:08:35: ◇ injected env (0) from .env // tip: ◈ secrets for agents [www.dotenvx.com]
2026-06-08 02:08:41: ◇ injected env (0) from .env // tip: ◈ secrets for agents [www.dotenvx.com]
2026-06-08 02:08:46: ◇ injected env (0) from .env // tip: ◈ encrypted .env [www.dotenvx.com]
2026-06-08 02:08:52: ◇ injected env (0) from .env // tip: ⌘ custom filepath { path: '/custom/path/.env' }
2026-06-08 02:08:57: ◇ injected env (0) from .env // tip: ◈ secrets for agents [www.dotenvx.com]
2026-06-08 02:09:03: ◇ injected env (0) from .env // tip: ◈ encrypted .env [www.dotenvx.com]
2026-06-08 02:09:11: ◇ injected env (0) from .env // tip: ◈ secrets for agents [www.dotenvx.com]
2026-06-08 02:09:18: ◇ injected env (0) from .env // tip: ⌘ custom filepath { path: '/custom/path/.env' }
2026-06-08 02:09:25: ◇ injected env (0) from .env // tip: ⌘ suppress logs { quiet: true }
2026-06-08 02:09:31: ◇ injected env (0) from .env // tip: ⌘ override existing { override: true }
2026-06-08 02:09:39: ◇ injected env (0) from .env // tip: ⌘ custom filepath { path: '/custom/path/.env' }
2026-06-08 02:09:44: ◇ injected env (0) from .env // tip: ⌘ override existing { override: true }
2026-06-08 02:09:50: ◇ injected env (0) from .env // tip: ⌘ enable debugging { debug: true }
2026-06-08 02:09:55: ◇ injected env (0) from .env // tip: ◈ encrypted .env [www.dotenvx.com]
2026-06-08 02:10:01: ◇ injected env (0) from .env // tip: ⌘ enable debugging { debug: true }
2026-06-08 02:10:07: ◇ injected env (0) from .env // tip: ⌘ multiple files { path: ['.env.local', '.env'] }
2026-06-08 02:10:13: ◇ injected env (0) from .env // tip: ⌘ enable debugging { debug: true }
2026-06-08 02:10:18: ◇ injected env (0) from .env // tip: ⌘ override existing { override: true }
2026-06-08 02:10:23: ◇ injected env (0) from .env // tip: ⌘ custom filepath { path: '/custom/path/.env' }
2026-06-08 02:10:29: ◇ injected env (0) from .env // tip: ◈ encrypted .env [www.dotenvx.com]
2026-06-08 02:10:34: ◇ injected env (0) from .env // tip: ⌘ suppress logs { quiet: true }
2026-06-08 02:10:40: ◇ injected env (0) from .env // tip: ⌘ override existing { override: true }
2026-06-08 02:10:46: ◇ injected env (0) from .env // tip: ⌘ enable debugging { debug: true }
2026-06-08 02:10:51: ◇ injected env (0) from .env // tip: ◈ secrets for agents [www.dotenvx.com]
2026-06-08 02:10:57: ◇ injected env (0) from .env // tip: ⌘ enable debugging { debug: true }
2026-06-08 02:11:02: ◇ injected env (0) from .env // tip: ⌘ custom filepath { path: '/custom/path/.env' }
2026-06-08 02:11:08: ◇ injected env (0) from .env // tip: ⌘ enable debugging { debug: true }
2026-06-08 02:11:14: ◇ injected env (0) from .env // tip: ⌘ suppress logs { quiet: true }
2026-06-08 02:11:19: ◇ injected env (0) from .env // tip: ⌘ multiple files { path: ['.env.local', '.env'] }
2026-06-08 02:11:25: ◇ injected env (0) from .env // tip: ⌘ enable debugging { debug: true }
2026-06-08 02:11:31: ◇ injected env (0) from .env // tip: ⌁ auth for agents [www.vestauth.com]
2026-06-08 02:11:37: ◇ injected env (0) from .env // tip: ⌘ enable debugging { debug: true }
2026-06-08 02:11:43: ◇ injected env (0) from .env // tip: ⌘ multiple files { path: ['.env.local', '.env'] }
2026-06-08 02:11:49: ◇ injected env (0) from .env // tip: ◈ secrets for agents [www.dotenvx.com]
2026-06-08 02:11:55: ◇ injected env (0) from .env // tip: ⌘ suppress logs { quiet: true }
2026-06-08 02:12:01: ◇ injected env (0) from .env // tip: ⌁ auth for agents [www.vestauth.com]
2026-06-08 02:12:07: ◇ injected env (0) from .env // tip: ◈ secrets for agents [www.dotenvx.com]
2026-06-08 02:12:13: ◇ injected env (0) from .env // tip: ◈ secrets for agents [www.dotenvx.com]
2026-06-08 02:12:19: ◇ injected env (0) from .env // tip: ⌘ multiple files { path: ['.env.local', '.env'] }
2026-06-08 02:12:25: ◇ injected env (0) from .env // tip: ◈ secrets for agents [www.dotenvx.com]
2026-06-08 02:12:31: ◇ injected env (0) from .env // tip: ⌘ custom filepath { path: '/custom/path/.env' }
2026-06-08 02:12:36: ◇ injected env (0) from .env // tip: ◈ encrypted .env [www.dotenvx.com]
2026-06-08 02:12:42: ◇ injected env (0) from .env // tip: ⌘ suppress logs { quiet: true }
2026-06-08 02:12:47: ◇ injected env (0) from .env // tip: ⌘ suppress logs { quiet: true }
2026-06-08 02:12:53: ◇ injected env (0) from .env // tip: ⌁ auth for agents [www.vestauth.com]
2026-06-08 02:13:00: ◇ injected env (0) from .env // tip: ◈ secrets for agents [www.dotenvx.com]
2026-06-08 02:13:06: ◇ injected env (0) from .env // tip: ⌘ enable debugging { debug: true }
2026-06-08 02:13:13: ◇ injected env (0) from .env // tip: ⌘ override existing { override: true }
2026-06-08 02:13:19: ◇ injected env (0) from .env // tip: ⌘ multiple files { path: ['.env.local', '.env'] }
2026-06-08 02:13:25: ◇ injected env (0) from .env // tip: ⌘ suppress logs { quiet: true }
2026-06-08 02:13:32: ◇ injected env (0) from .env // tip: ⌘ override existing { override: true }
2026-06-08 02:13:38: ◇ injected env (0) from .env // tip: ⌘ custom filepath { path: '/custom/path/.env' }
2026-06-08 02:13:45: ◇ injected env (0) from .env // tip: ⌘ enable debugging { debug: true }
2026-06-08 02:13:51: ◇ injected env (0) from .env // tip: ⌁ auth for agents [www.vestauth.com]
2026-06-08 02:13:58: ◇ injected env (0) from .env // tip: ⌘ enable debugging { debug: true }
2026-06-08 02:14:04: ◇ injected env (0) from .env // tip: ⌘ custom filepath { path: '/custom/path/.env' }
2026-06-08 02:14:11: ◇ injected env (0) from .env // tip: ⌘ custom filepath { path: '/custom/path/.env' }
2026-06-08 02:14:17: ◇ injected env (0) from .env // tip: ⌘ multiple files { path: ['.env.local', '.env'] }
2026-06-08 02:14:24: ◇ injected env (0) from .env // tip: ⌘ suppress logs { quiet: true }
2026-06-08 02:14:30: ◇ injected env (0) from .env // tip: ⌁ auth for agents [www.vestauth.com]
2026-06-08 02:14:37: ◇ injected env (0) from .env // tip: ⌘ multiple files { path: ['.env.local', '.env'] }
2026-06-08 02:14:43: ◇ injected env (0) from .env // tip: ◈ encrypted .env [www.dotenvx.com]
2026-06-08 02:14:50: ◇ injected env (0) from .env // tip: ⌁ auth for agents [www.vestauth.com]
2026-06-08 02:14:56: ◇ injected env (0) from .env // tip: ◈ encrypted .env [www.dotenvx.com]
2026-06-08 02:15:02: ◇ injected env (0) from .env // tip: ⌁ auth for agents [www.vestauth.com]
2026-06-08 02:15:09: ◇ injected env (0) from .env // tip: ⌁ auth for agents [www.vestauth.com]
2026-06-08 02:15:16: ◇ injected env (0) from .env // tip: ⌘ custom filepath { path: '/custom/path/.env' }
2026-06-08 02:15:22: ◇ injected env (0) from .env // tip: ⌁ auth for agents [www.vestauth.com]
2026-06-08 02:15:29: ◇ injected env (0) from .env // tip: ◈ encrypted .env [www.dotenvx.com]
2026-06-08 02:15:35: ◇ injected env (0) from .env // tip: ⌁ auth for agents [www.vestauth.com]
2026-06-08 02:15:42: ◇ injected env (0) from .env // tip: ⌘ multiple files { path: ['.env.local', '.env'] }
2026-06-08 02:15:49: ◇ injected env (0) from .env // tip: ⌁ auth for agents [www.vestauth.com]
2026-06-08 02:15:56: ◇ injected env (0) from .env // tip: ◈ secrets for agents [www.dotenvx.com]
2026-06-08 02:16:02: ◇ injected env (0) from .env // tip: ⌘ multiple files { path: ['.env.local', '.env'] }
2026-06-08 02:16:09: ◇ injected env (0) from .env // tip: ⌘ override existing { override: true }
2026-06-08 02:16:16: ◇ injected env (0) from .env // tip: ⌘ enable debugging { debug: true }
2026-06-08 02:16:22: ◇ injected env (0) from .env // tip: ◈ encrypted .env [www.dotenvx.com]
2026-06-08 02:16:28: ◇ injected env (0) from .env // tip: ⌘ enable debugging { debug: true }
2026-06-08 02:16:35: ◇ injected env (0) from .env // tip: ◈ encrypted .env [www.dotenvx.com]
2026-06-08 02:16:42: ◇ injected env (0) from .env // tip: ◈ secrets for agents [www.dotenvx.com]
2026-06-08 02:16:48: ◇ injected env (0) from .env // tip: ⌁ auth for agents [www.vestauth.com]
2026-06-08 02:16:55: ◇ injected env (0) from .env // tip: ⌘ override existing { override: true }
2026-06-08 02:17:01: ◇ injected env (0) from .env // tip: ◈ secrets for agents [www.dotenvx.com]
2026-06-08 02:17:08: ◇ injected env (0) from .env // tip: ⌁ auth for agents [www.vestauth.com]
2026-06-08 02:17:15: ◇ injected env (0) from .env // tip: ⌘ override existing { override: true }
2026-06-08 02:17:21: ◇ injected env (0) from .env // tip: ◈ encrypted .env [www.dotenvx.com]
2026-06-08 02:17:28: ◇ injected env (0) from .env // tip: ⌘ suppress logs { quiet: true }
2026-06-08 02:17:34: ◇ injected env (0) from .env // tip: ⌘ enable debugging { debug: true }
2026-06-08 02:17:41: ◇ injected env (0) from .env // tip: ⌘ override existing { override: true }
2026-06-08 02:17:47: ◇ injected env (0) from .env // tip: ⌘ multiple files { path: ['.env.local', '.env'] }
2026-06-08 02:17:54: ◇ injected env (0) from .env // tip: ◈ secrets for agents [www.dotenvx.com]
2026-06-08 02:18:00: ◇ injected env (0) from .env // tip: ⌘ suppress logs { quiet: true }
2026-06-08 02:18:07: ◇ injected env (0) from .env // tip: ⌁ auth for agents [www.vestauth.com]
2026-06-08 02:18:13: ◇ injected env (0) from .env // tip: ⌘ override existing { override: true }
2026-06-08 02:18:20: ◇ injected env (0) from .env // tip: ⌘ suppress logs { quiet: true }
2026-06-08 02:18:26: ◇ injected env (0) from .env // tip: ⌘ override existing { override: true }
2026-06-08 02:18:33: ◇ injected env (0) from .env // tip: ⌘ custom filepath { path: '/custom/path/.env' }
2026-06-08 02:18:39: ◇ injected env (0) from .env // tip: ⌘ override existing { override: true }
2026-06-08 02:18:45: ◇ injected env (0) from .env // tip: ⌁ auth for agents [www.vestauth.com]
2026-06-08 02:18:51: ◇ injected env (0) from .env // tip: ◈ secrets for agents [www.dotenvx.com]
2026-06-08 02:18:56: ◇ injected env (0) from .env // tip: ◈ encrypted .env [www.dotenvx.com]
2026-06-08 02:19:02: ◇ injected env (0) from .env // tip: ⌘ enable debugging { debug: true }
2026-06-08 02:19:08: ◇ injected env (0) from .env // tip: ⌘ multiple files { path: ['.env.local', '.env'] }
2026-06-08 02:19:13: ◇ injected env (0) from .env // tip: ⌘ custom filepath { path: '/custom/path/.env' }
2026-06-08 02:19:18: ◇ injected env (0) from .env // tip: ⌘ custom filepath { path: '/custom/path/.env' }
2026-06-08 02:19:24: ◇ injected env (0) from .env // tip: ⌘ custom filepath { path: '/custom/path/.env' }
2026-06-08 02:19:31: ◇ injected env (0) from .env // tip: ◈ encrypted .env [www.dotenvx.com]
2026-06-08 02:19:37: ◇ injected env (0) from .env // tip: ⌘ override existing { override: true }
2026-06-08 02:19:43: ◇ injected env (0) from .env // tip: ⌁ auth for agents [www.vestauth.com]
2026-06-08 02:19:50: ◇ injected env (0) from .env // tip: ⌘ multiple files { path: ['.env.local', '.env'] }
2026-06-08 02:19:56: ◇ injected env (0) from .env // tip: ⌁ auth for agents [www.vestauth.com]
2026-06-08 02:20:03: ◇ injected env (0) from .env // tip: ⌘ override existing { override: true }
2026-06-08 02:20:10: ◇ injected env (0) from .env // tip: ⌘ override existing { override: true }
2026-06-08 02:20:17: ◇ injected env (0) from .env // tip: ⌘ override existing { override: true }
2026-06-08 02:20:23: ◇ injected env (0) from .env // tip: ⌁ auth for agents [www.vestauth.com]
2026-06-08 02:20:30: ◇ injected env (0) from .env // tip: ◈ encrypted .env [www.dotenvx.com]
2026-06-08 02:20:37: ◇ injected env (0) from .env // tip: ⌘ enable debugging { debug: true }
2026-06-08 02:20:44: ◇ injected env (0) from .env // tip: ⌘ multiple files { path: ['.env.local', '.env'] }
2026-06-08 02:20:51: ◇ injected env (0) from .env // tip: ⌁ auth for agents [www.vestauth.com]
2026-06-08 02:20:58: ◇ injected env (0) from .env // tip: ⌘ suppress logs { quiet: true }
2026-06-08 02:21:04: ◇ injected env (0) from .env // tip: ◈ encrypted .env [www.dotenvx.com]
2026-06-08 02:21:11: ◇ injected env (0) from .env // tip: ⌁ auth for agents [www.vestauth.com]
2026-06-08 02:21:18: ◇ injected env (0) from .env // tip: ⌘ override existing { override: true }
2026-06-08 02:21:25: ◇ injected env (0) from .env // tip: ◈ encrypted .env [www.dotenvx.com]
2026-06-08 02:21:32: ◇ injected env (0) from .env // tip: ◈ secrets for agents [www.dotenvx.com]
2026-06-08 02:21:39: ◇ injected env (0) from .env // tip: ⌘ enable debugging { debug: true }
2026-06-08 02:21:45: ◇ injected env (0) from .env // tip: ◈ secrets for agents [www.dotenvx.com]
2026-06-08 02:21:52: ◇ injected env (0) from .env // tip: ◈ secrets for agents [www.dotenvx.com]
2026-06-08 02:21:59: ◇ injected env (0) from .env // tip: ⌘ enable debugging { debug: true }
2026-06-08 02:22:06: ◇ injected env (0) from .env // tip: ◈ secrets for agents [www.dotenvx.com]
2026-06-08 02:22:13: ◇ injected env (0) from .env // tip: ◈ secrets for agents [www.dotenvx.com]
2026-06-08 02:22:20: ◇ injected env (0) from .env // tip: ⌘ multiple files { path: ['.env.local', '.env'] }
2026-06-08 02:22:27: ◇ injected env (0) from .env // tip: ⌘ multiple files { path: ['.env.local', '.env'] }
2026-06-08 02:22:33: ◇ injected env (0) from .env // tip: ⌘ custom filepath { path: '/custom/path/.env' }
2026-06-08 02:22:41: ◇ injected env (0) from .env // tip: ⌘ suppress logs { quiet: true }
2026-06-08 02:22:48: ◇ injected env (0) from .env // tip: ◈ encrypted .env [www.dotenvx.com]
2026-06-08 02:22:54: ◇ injected env (0) from .env // tip: ⌘ override existing { override: true }
2026-06-08 02:23:01: ◇ injected env (0) from .env // tip: ⌁ auth for agents [www.vestauth.com]
2026-06-08 02:23:09: ◇ injected env (0) from .env // tip: ⌘ override existing { override: true }
2026-06-08 02:23:16: ◇ injected env (0) from .env // tip: ⌘ override existing { override: true }
2026-06-08 02:23:23: ◇ injected env (0) from .env // tip: ⌘ suppress logs { quiet: true }
2026-06-08 02:23:30: ◇ injected env (0) from .env // tip: ⌁ auth for agents [www.vestauth.com]
2026-06-08 02:23:37: ◇ injected env (0) from .env // tip: ⌘ multiple files { path: ['.env.local', '.env'] }
2026-06-08 02:23:44: ◇ injected env (0) from .env // tip: ◈ encrypted .env [www.dotenvx.com]
2026-06-08 02:23:51: ◇ injected env (0) from .env // tip: ⌘ custom filepath { path: '/custom/path/.env' }
2026-06-08 02:23:57: ◇ injected env (0) from .env // tip: ⌘ multiple files { path: ['.env.local', '.env'] }
2026-06-08 02:24:04: ◇ injected env (0) from .env // tip: ◈ secrets for agents [www.dotenvx.com]
2026-06-08 02:24:11: ◇ injected env (0) from .env // tip: ⌁ auth for agents [www.vestauth.com]
2026-06-08 02:24:18: ◇ injected env (0) from .env // tip: ⌁ auth for agents [www.vestauth.com]
2026-06-08 02:24:25: ◇ injected env (0) from .env // tip: ⌁ auth for agents [www.vestauth.com]
2026-06-08 02:24:32: ◇ injected env (0) from .env // tip: ⌘ override existing { override: true }
2026-06-08 02:24:40: ◇ injected env (0) from .env // tip: ◈ encrypted .env [www.dotenvx.com]
2026-06-08 02:24:47: ◇ injected env (0) from .env // tip: ⌘ suppress logs { quiet: true }
2026-06-08 02:24:53: ◇ injected env (0) from .env // tip: ⌘ custom filepath { path: '/custom/path/.env' }
2026-06-08 02:25:00: ◇ injected env (0) from .env // tip: ⌘ enable debugging { debug: true }
2026-06-08 02:25:08: ◇ injected env (0) from .env // tip: ⌘ suppress logs { quiet: true }
2026-06-08 02:25:15: ◇ injected env (0) from .env // tip: ⌘ multiple files { path: ['.env.local', '.env'] }
2026-06-08 02:25:21: ◇ injected env (0) from .env // tip: ⌘ enable debugging { debug: true }
2026-06-08 02:25:28: ◇ injected env (0) from .env // tip: ⌘ custom filepath { path: '/custom/path/.env' }
2026-06-08 02:25:36: ◇ injected env (0) from .env // tip: ⌘ suppress logs { quiet: true }
2026-06-08 02:25:43: ◇ injected env (0) from .env // tip: ◈ secrets for agents [www.dotenvx.com]
2026-06-08 02:25:50: ◇ injected env (0) from .env // tip: ⌘ enable debugging { debug: true }
2026-06-08 02:25:57: ◇ injected env (0) from .env // tip: ⌘ custom filepath { path: '/custom/path/.env' }
2026-06-08 02:26:04: ◇ injected env (0) from .env // tip: ⌘ suppress logs { quiet: true }
2026-06-08 02:26:11: ◇ injected env (0) from .env // tip: ⌘ multiple files { path: ['.env.local', '.env'] }
2026-06-08 02:26:18: ◇ injected env (0) from .env // tip: ◈ encrypted .env [www.dotenvx.com]
2026-06-08 02:26:26: ◇ injected env (0) from .env // tip: ⌘ suppress logs { quiet: true }
2026-06-08 02:26:33: ◇ injected env (0) from .env // tip: ⌁ auth for agents [www.vestauth.com]
2026-06-08 02:26:41: ◇ injected env (0) from .env // tip: ⌘ enable debugging { debug: true }
2026-06-08 02:26:48: ◇ injected env (0) from .env // tip: ⌘ override existing { override: true }
2026-06-08 02:26:55: ◇ injected env (0) from .env // tip: ⌘ override existing { override: true }
2026-06-08 02:27:02: ◇ injected env (0) from .env // tip: ◈ encrypted .env [www.dotenvx.com]
2026-06-08 02:27:09: ◇ injected env (0) from .env // tip: ⌘ override existing { override: true }
2026-06-08 02:27:16: ◇ injected env (0) from .env // tip: ⌘ custom filepath { path: '/custom/path/.env' }
2026-06-08 02:27:23: ◇ injected env (0) from .env // tip: ◈ encrypted .env [www.dotenvx.com]
2026-06-08 02:27:30: ◇ injected env (0) from .env // tip: ◈ encrypted .env [www.dotenvx.com]
2026-06-08 02:27:37: ◇ injected env (0) from .env // tip: ⌘ enable debugging { debug: true }
2026-06-08 02:27:44: ◇ injected env (0) from .env // tip: ⌘ custom filepath { path: '/custom/path/.env' }
2026-06-08 02:27:50: ◇ injected env (0) from .env // tip: ⌁ auth for agents [www.vestauth.com]
2026-06-08 02:27:57: ◇ injected env (0) from .env // tip: ⌘ override existing { override: true }
2026-06-08 02:28:04: ◇ injected env (0) from .env // tip: ◈ secrets for agents [www.dotenvx.com]
2026-06-08 02:28:11: ◇ injected env (0) from .env // tip: ⌘ enable debugging { debug: true }
2026-06-08 02:28:18: ◇ injected env (0) from .env // tip: ⌘ enable debugging { debug: true }
2026-06-08 02:28:25: ◇ injected env (0) from .env // tip: ⌘ multiple files { path: ['.env.local', '.env'] }
2026-06-08 02:28:32: ◇ injected env (0) from .env // tip: ⌘ multiple files { path: ['.env.local', '.env'] }
2026-06-08 02:28:39: ◇ injected env (0) from .env // tip: ⌘ override existing { override: true }
2026-06-08 02:28:46: ◇ injected env (0) from .env // tip: ⌁ auth for agents [www.vestauth.com]
2026-06-08 02:28:53: ◇ injected env (0) from .env // tip: ⌘ custom filepath { path: '/custom/path/.env' }
2026-06-08 02:29:00: ◇ injected env (0) from .env // tip: ⌘ custom filepath { path: '/custom/path/.env' }
2026-06-08 02:29:07: ◇ injected env (0) from .env // tip: ⌘ override existing { override: true }
2026-06-08 02:29:14: ◇ injected env (0) from .env // tip: ⌘ custom filepath { path: '/custom/path/.env' }
2026-06-08 02:29:21: ◇ injected env (0) from .env // tip: ⌘ enable debugging { debug: true }
2026-06-08 02:29:28: ◇ injected env (0) from .env // tip: ⌘ custom filepath { path: '/custom/path/.env' }
2026-06-08 02:29:34: ◇ injected env (0) from .env // tip: ⌁ auth for agents [www.vestauth.com]
2026-06-08 02:29:42: ◇ injected env (0) from .env // tip: ⌘ override existing { override: true }
2026-06-08 02:29:48: ◇ injected env (0) from .env // tip: ⌘ multiple files { path: ['.env.local', '.env'] }
2026-06-08 02:29:55: ◇ injected env (0) from .env // tip: ◈ secrets for agents [www.dotenvx.com]
2026-06-08 02:30:02: ◇ injected env (0) from .env // tip: ◈ encrypted .env [www.dotenvx.com]
2026-06-08 02:30:09: ◇ injected env (0) from .env // tip: ⌘ suppress logs { quiet: true }
2026-06-08 02:30:15: ◇ injected env (0) from .env // tip: ⌘ custom filepath { path: '/custom/path/.env' }
2026-06-08 02:30:22: ◇ injected env (0) from .env // tip: ⌘ multiple files { path: ['.env.local', '.env'] }
2026-06-08 02:30:29: ◇ injected env (0) from .env // tip: ⌘ suppress logs { quiet: true }
2026-06-08 02:30:35: ◇ injected env (0) from .env // tip: ⌁ auth for agents [www.vestauth.com]
2026-06-08 02:30:42: ◇ injected env (0) from .env // tip: ◈ encrypted .env [www.dotenvx.com]
2026-06-08 02:30:49: ◇ injected env (0) from .env // tip: ◈ secrets for agents [www.dotenvx.com]
2026-06-08 02:30:55: ◇ injected env (0) from .env // tip: ⌘ suppress logs { quiet: true }
2026-06-08 02:31:02: ◇ injected env (0) from .env // tip: ◈ secrets for agents [www.dotenvx.com]
2026-06-08 02:31:09: ◇ injected env (0) from .env // tip: ⌘ custom filepath { path: '/custom/path/.env' }
2026-06-08 02:31:15: ◇ injected env (0) from .env // tip: ⌘ override existing { override: true }
2026-06-08 02:31:22: ◇ injected env (0) from .env // tip: ⌘ multiple files { path: ['.env.local', '.env'] }
2026-06-08 02:31:29: ◇ injected env (0) from .env // tip: ⌘ custom filepath { path: '/custom/path/.env' }
2026-06-08 02:31:36: ◇ injected env (0) from .env // tip: ⌁ auth for agents [www.vestauth.com]
2026-06-08 02:31:44: ◇ injected env (0) from .env // tip: ⌘ multiple files { path: ['.env.local', '.env'] }
2026-06-08 02:31:53: ◇ injected env (0) from .env // tip: ◈ secrets for agents [www.dotenvx.com]
2026-06-08 02:32:05: ◇ injected env (0) from .env // tip: ⌘ custom filepath { path: '/custom/path/.env' }
2026-06-08 02:32:14: ◇ injected env (0) from .env // tip: ⌘ custom filepath { path: '/custom/path/.env' }
2026-06-08 02:32:18: ◇ injected env (0) from .env // tip: ⌘ suppress logs { quiet: true }
2026-06-08 02:32:22: ◇ injected env (0) from .env // tip: ◈ secrets for agents [www.dotenvx.com]
2026-06-08 02:32:26: ◇ injected env (0) from .env // tip: ⌘ enable debugging { debug: true }
2026-06-08 02:32:33: ◇ injected env (0) from .env // tip: ⌘ suppress logs { quiet: true }
2026-06-08 02:32:42: ◇ injected env (0) from .env // tip: ◈ encrypted .env [www.dotenvx.com]
2026-06-08 02:32:49: ◇ injected env (0) from .env // tip: ◈ encrypted .env [www.dotenvx.com]
2026-06-08 02:32:58: ◇ injected env (0) from .env // tip: ⌘ override existing { override: true }
2026-06-08 02:33:06: ◇ injected env (0) from .env // tip: ⌘ custom filepath { path: '/custom/path/.env' }
2026-06-08 02:33:13: ◇ injected env (0) from .env // tip: ◈ secrets for agents [www.dotenvx.com]
2026-06-08 02:33:17: ◇ injected env (0) from .env // tip: ⌘ custom filepath { path: '/custom/path/.env' }
2026-06-08 02:33:23: ◇ injected env (0) from .env // tip: ◈ secrets for agents [www.dotenvx.com]
2026-06-08 02:33:30: ◇ injected env (0) from .env // tip: ⌁ auth for agents [www.vestauth.com]
2026-06-08 02:33:35: ◇ injected env (0) from .env // tip: ⌘ suppress logs { quiet: true }
2026-06-08 02:33:41: ◇ injected env (0) from .env // tip: ◈ encrypted .env [www.dotenvx.com]
2026-06-08 02:33:50: ◇ injected env (0) from .env // tip: ⌘ enable debugging { debug: true }
2026-06-08 02:33:57: ◇ injected env (0) from .env // tip: ⌘ custom filepath { path: '/custom/path/.env' }
2026-06-08 02:34:04: ◇ injected env (0) from .env // tip: ⌘ multiple files { path: ['.env.local', '.env'] }
2026-06-08 02:34:11: ◇ injected env (0) from .env // tip: ⌘ custom filepath { path: '/custom/path/.env' }
2026-06-08 02:34:19: ◇ injected env (0) from .env // tip: ⌘ custom filepath { path: '/custom/path/.env' }
2026-06-08 02:34:26: ◇ injected env (0) from .env // tip: ⌘ custom filepath { path: '/custom/path/.env' }
2026-06-08 02:34:34: ◇ injected env (0) from .env // tip: ⌘ enable debugging { debug: true }
2026-06-08 02:34:44: ◇ injected env (0) from .env // tip: ⌁ auth for agents [www.vestauth.com]
2026-06-08 02:34:52: ◇ injected env (0) from .env // tip: ⌘ suppress logs { quiet: true }
2026-06-08 02:35:00: ◇ injected env (0) from .env // tip: ⌘ suppress logs { quiet: true }
2026-06-08 02:35:08: ◇ injected env (0) from .env // tip: ⌘ custom filepath { path: '/custom/path/.env' }
2026-06-08 02:35:16: ◇ injected env (0) from .env // tip: ⌘ suppress logs { quiet: true }
2026-06-08 02:35:24: ◇ injected env (0) from .env // tip: ◈ secrets for agents [www.dotenvx.com]
2026-06-08 02:35:31: ◇ injected env (0) from .env // tip: ⌁ auth for agents [www.vestauth.com]
2026-06-08 02:35:40: ◇ injected env (0) from .env // tip: ⌘ custom filepath { path: '/custom/path/.env' }
2026-06-08 02:35:48: ◇ injected env (0) from .env // tip: ⌘ override existing { override: true }
2026-06-08 02:35:58: ◇ injected env (0) from .env // tip: ◈ secrets for agents [www.dotenvx.com]
2026-06-08 02:36:06: ◇ injected env (0) from .env // tip: ⌁ auth for agents [www.vestauth.com]
2026-06-08 02:36:12: ◇ injected env (0) from .env // tip: ◈ secrets for agents [www.dotenvx.com]
2026-06-08 02:36:17: ◇ injected env (0) from .env // tip: ⌘ enable debugging { debug: true }
2026-06-08 02:36:23: ◇ injected env (0) from .env // tip: ◈ secrets for agents [www.dotenvx.com]
2026-06-08 02:36:25: ◇ injected env (0) from .env // tip: ⌘ override existing { override: true }
2026-06-08 02:36:28: ◇ injected env (0) from .env // tip: ◈ secrets for agents [www.dotenvx.com]
2026-06-08 02:36:37: ◇ injected env (0) from .env // tip: ⌘ enable debugging { debug: true }
2026-06-08 02:36:46: ◇ injected env (0) from .env // tip: ◈ encrypted .env [www.dotenvx.com]
2026-06-08 02:36:55: ◇ injected env (0) from .env // tip: ⌘ multiple files { path: ['.env.local', '.env'] }
2026-06-08 02:37:03: ◇ injected env (0) from .env // tip: ⌁ auth for agents [www.vestauth.com]
2026-06-08 02:37:12: ◇ injected env (0) from .env // tip: ⌘ override existing { override: true }
2026-06-08 02:37:20: ◇ injected env (0) from .env // tip: ⌁ auth for agents [www.vestauth.com]
2026-06-08 02:37:35: ◇ injected env (0) from .env // tip: ◈ secrets for agents [www.dotenvx.com]
2026-06-08 02:37:50: ◇ injected env (0) from .env // tip: ◈ secrets for agents [www.dotenvx.com]
2026-06-08 02:38:06: ◇ injected env (0) from .env // tip: ⌘ custom filepath { path: '/custom/path/.env' }
2026-06-08 02:38:17: ◇ injected env (0) from .env // tip: ⌘ multiple files { path: ['.env.local', '.env'] }
2026-06-08 02:38:26: ◇ injected env (0) from .env // tip: ◈ secrets for agents [www.dotenvx.com]
2026-06-08 02:38:34: ◇ injected env (0) from .env // tip: ⌁ auth for agents [www.vestauth.com]
2026-06-08 02:38:43: ◇ injected env (0) from .env // tip: ⌘ override existing { override: true }
2026-06-08 02:38:50: ◇ injected env (0) from .env // tip: ◈ secrets for agents [www.dotenvx.com]
2026-06-08 02:38:59: ◇ injected env (0) from .env // tip: ◈ secrets for agents [www.dotenvx.com]
2026-06-08 02:39:08: ◇ injected env (0) from .env // tip: ⌘ custom filepath { path: '/custom/path/.env' }
2026-06-08 02:39:15: ◇ injected env (0) from .env // tip: ⌘ multiple files { path: ['.env.local', '.env'] }
2026-06-08 02:39:23: ◇ injected env (0) from .env // tip: ⌘ enable debugging { debug: true }
2026-06-08 02:39:31: ◇ injected env (0) from .env // tip: ⌘ override existing { override: true }
2026-06-08 02:39:39: ◇ injected env (0) from .env // tip: ⌘ suppress logs { quiet: true }
2026-06-08 02:39:47: ◇ injected env (0) from .env // tip: ◈ secrets for agents [www.dotenvx.com]
2026-06-08 02:39:55: ◇ injected env (0) from .env // tip: ◈ secrets for agents [www.dotenvx.com]
2026-06-08 02:40:03: ◇ injected env (0) from .env // tip: ⌘ suppress logs { quiet: true }
2026-06-08 02:40:12: ◇ injected env (0) from .env // tip: ⌘ custom filepath { path: '/custom/path/.env' }
2026-06-08 02:40:19: ◇ injected env (0) from .env // tip: ⌁ auth for agents [www.vestauth.com]
2026-06-08 02:40:27: ◇ injected env (0) from .env // tip: ⌘ enable debugging { debug: true }
2026-06-08 02:40:34: ◇ injected env (0) from .env // tip: ⌘ suppress logs { quiet: true }
2026-06-08 02:40:42: ◇ injected env (0) from .env // tip: ⌘ enable debugging { debug: true }
2026-06-08 02:40:49: ◇ injected env (0) from .env // tip: ◈ secrets for agents [www.dotenvx.com]
2026-06-08 02:40:55: ◇ injected env (0) from .env // tip: ⌘ suppress logs { quiet: true }
2026-06-08 02:41:00: ◇ injected env (0) from .env // tip: ◈ secrets for agents [www.dotenvx.com]
2026-06-08 02:41:02: ◇ injected env (0) from .env // tip: ◈ secrets for agents [www.dotenvx.com]
2026-06-08 02:41:07: ◇ injected env (0) from .env // tip: ⌘ suppress logs { quiet: true }
2026-06-08 02:41:10: ◇ injected env (0) from .env // tip: ⌘ multiple files { path: ['.env.local', '.env'] }
2026-06-08 02:41:15: ◇ injected env (0) from .env // tip: ⌘ override existing { override: true }
2026-06-08 02:41:20: ◇ injected env (0) from .env // tip: ◈ encrypted .env [www.dotenvx.com]
2026-06-08 02:41:28: ◇ injected env (0) from .env // tip: ◈ secrets for agents [www.dotenvx.com]
2026-06-08 02:41:34: ◇ injected env (0) from .env // tip: ◈ secrets for agents [www.dotenvx.com]
2026-06-08 02:41:43: ◇ injected env (0) from .env // tip: ⌘ suppress logs { quiet: true }
2026-06-08 02:41:50: ◇ injected env (0) from .env // tip: ◈ secrets for agents [www.dotenvx.com]
2026-06-08 02:41:58: ◇ injected env (0) from .env // tip: ⌁ auth for agents [www.vestauth.com]
2026-06-08 02:42:04: ◇ injected env (0) from .env // tip: ◈ secrets for agents [www.dotenvx.com]
2026-06-08 02:42:08: ◇ injected env (0) from .env // tip: ◈ encrypted .env [www.dotenvx.com]
2026-06-08 02:42:13: ◇ injected env (0) from .env // tip: ⌁ auth for agents [www.vestauth.com]
2026-06-08 02:42:21: ◇ injected env (0) from .env // tip: ⌘ custom filepath { path: '/custom/path/.env' }
2026-06-08 02:42:26: ◇ injected env (0) from .env // tip: ◈ encrypted .env [www.dotenvx.com]
2026-06-08 02:42:33: ◇ injected env (0) from .env // tip: ⌘ custom filepath { path: '/custom/path/.env' }
2026-06-08 02:42:41: ◇ injected env (0) from .env // tip: ◈ secrets for agents [www.dotenvx.com]
2026-06-08 02:42:48: ◇ injected env (0) from .env // tip: ⌘ custom filepath { path: '/custom/path/.env' }
2026-06-08 02:42:55: ◇ injected env (0) from .env // tip: ◈ encrypted .env [www.dotenvx.com]
2026-06-08 02:43:03: ◇ injected env (0) from .env // tip: ◈ encrypted .env [www.dotenvx.com]
2026-06-08 02:43:10: ◇ injected env (0) from .env // tip: ⌁ auth for agents [www.vestauth.com]
2026-06-08 02:43:19: ◇ injected env (0) from .env // tip: ◈ secrets for agents [www.dotenvx.com]
2026-06-08 02:43:28: ◇ injected env (0) from .env // tip: ⌘ suppress logs { quiet: true }
2026-06-08 02:43:40: ◇ injected env (0) from .env // tip: ◈ encrypted .env [www.dotenvx.com]
2026-06-08 02:43:50: ◇ injected env (0) from .env // tip: ⌘ custom filepath { path: '/custom/path/.env' }
2026-06-08 02:43:59: ◇ injected env (0) from .env // tip: ⌘ suppress logs { quiet: true }
2026-06-08 02:44:08: ◇ injected env (0) from .env // tip: ⌘ custom filepath { path: '/custom/path/.env' }
2026-06-08 02:44:17: ◇ injected env (0) from .env // tip: ⌘ override existing { override: true }
2026-06-08 02:44:25: ◇ injected env (0) from .env // tip: ⌁ auth for agents [www.vestauth.com]
2026-06-08 02:44:32: ◇ injected env (0) from .env // tip: ⌘ custom filepath { path: '/custom/path/.env' }
2026-06-08 02:44:45: ◇ injected env (0) from .env // tip: ⌘ multiple files { path: ['.env.local', '.env'] }
2026-06-08 02:44:56: ◇ injected env (0) from .env // tip: ⌘ suppress logs { quiet: true }
2026-06-08 02:45:05: ◇ injected env (0) from .env // tip: ⌘ multiple files { path: ['.env.local', '.env'] }
2026-06-08 02:45:13: ◇ injected env (0) from .env // tip: ◈ secrets for agents [www.dotenvx.com]
2026-06-08 02:45:20: ◇ injected env (0) from .env // tip: ◈ secrets for agents [www.dotenvx.com]
2026-06-08 02:45:29: ◇ injected env (0) from .env // tip: ◈ encrypted .env [www.dotenvx.com]
2026-06-08 02:45:37: ◇ injected env (0) from .env // tip: ◈ encrypted .env [www.dotenvx.com]
2026-06-08 02:45:43: ◇ injected env (0) from .env // tip: ◈ encrypted .env [www.dotenvx.com]
2026-06-08 02:45:52: ◇ injected env (0) from .env // tip: ⌘ multiple files { path: ['.env.local', '.env'] }
2026-06-08 02:46:01: ◇ injected env (0) from .env // tip: ⌘ enable debugging { debug: true }
2026-06-08 02:46:08: ◇ injected env (0) from .env // tip: ⌘ multiple files { path: ['.env.local', '.env'] }
2026-06-08 02:46:17: ◇ injected env (0) from .env // tip: ⌘ custom filepath { path: '/custom/path/.env' }
2026-06-08 02:46:24: ◇ injected env (0) from .env // tip: ⌁ auth for agents [www.vestauth.com]
2026-06-08 02:46:32: ◇ injected env (0) from .env // tip: ⌘ enable debugging { debug: true }
2026-06-08 02:46:39: ◇ injected env (0) from .env // tip: ⌘ override existing { override: true }
2026-06-08 02:46:47: ◇ injected env (0) from .env // tip: ◈ secrets for agents [www.dotenvx.com]
2026-06-08 02:46:53: ◇ injected env (0) from .env // tip: ⌘ enable debugging { debug: true }
2026-06-08 02:47:01: ◇ injected env (0) from .env // tip: ⌘ suppress logs { quiet: true }
2026-06-08 02:47:09: ◇ injected env (0) from .env // tip: ◈ secrets for agents [www.dotenvx.com]
2026-06-08 02:47:18: ◇ injected env (0) from .env // tip: ◈ encrypted .env [www.dotenvx.com]
2026-06-08 02:47:26: ◇ injected env (0) from .env // tip: ⌁ auth for agents [www.vestauth.com]
2026-06-08 02:47:34: ◇ injected env (0) from .env // tip: ⌘ multiple files { path: ['.env.local', '.env'] }
2026-06-08 02:47:41: ◇ injected env (0) from .env // tip: ⌘ enable debugging { debug: true }
2026-06-08 02:47:49: ◇ injected env (0) from .env // tip: ◈ secrets for agents [www.dotenvx.com]
2026-06-08 02:47:57: ◇ injected env (0) from .env // tip: ⌘ suppress logs { quiet: true }
2026-06-08 02:48:04: ◇ injected env (0) from .env // tip: ⌘ enable debugging { debug: true }
2026-06-08 02:48:11: ◇ injected env (0) from .env // tip: ⌘ multiple files { path: ['.env.local', '.env'] }
2026-06-08 02:48:20: ◇ injected env (0) from .env // tip: ⌘ suppress logs { quiet: true }
2026-06-08 02:48:27: ◇ injected env (0) from .env // tip: ◈ secrets for agents [www.dotenvx.com]
2026-06-08 02:48:35: ◇ injected env (0) from .env // tip: ⌘ custom filepath { path: '/custom/path/.env' }
2026-06-08 02:48:43: ◇ injected env (0) from .env // tip: ⌘ override existing { override: true }
2026-06-08 02:48:51: ◇ injected env (0) from .env // tip: ◈ secrets for agents [www.dotenvx.com]
2026-06-08 02:48:58: ◇ injected env (0) from .env // tip: ⌘ multiple files { path: ['.env.local', '.env'] }
2026-06-08 02:49:06: ◇ injected env (0) from .env // tip: ⌘ suppress logs { quiet: true }
2026-06-08 02:49:13: ◇ injected env (0) from .env // tip: ⌘ multiple files { path: ['.env.local', '.env'] }
2026-06-08 02:49:18: ◇ injected env (0) from .env // tip: ⌘ custom filepath { path: '/custom/path/.env' }
2026-06-08 02:49:21: ◇ injected env (0) from .env // tip: ⌁ auth for agents [www.vestauth.com]
2026-06-08 02:49:29: ◇ injected env (0) from .env // tip: ⌘ suppress logs { quiet: true }
2026-06-08 02:49:37: ◇ injected env (0) from .env // tip: ◈ secrets for agents [www.dotenvx.com]
2026-06-08 02:49:45: ◇ injected env (0) from .env // tip: ⌘ enable debugging { debug: true }
2026-06-08 02:49:53: ◇ injected env (0) from .env // tip: ⌘ override existing { override: true }
2026-06-08 02:50:01: ◇ injected env (0) from .env // tip: ⌘ enable debugging { debug: true }
2026-06-08 02:50:10: ◇ injected env (0) from .env // tip: ⌘ custom filepath { path: '/custom/path/.env' }
2026-06-08 02:50:18: ◇ injected env (0) from .env // tip: ⌁ auth for agents [www.vestauth.com]
2026-06-08 02:50:24: ◇ injected env (0) from .env // tip: ⌘ custom filepath { path: '/custom/path/.env' }
2026-06-08 02:50:27: ◇ injected env (0) from .env // tip: ⌁ auth for agents [www.vestauth.com]
2026-06-08 02:50:31: ◇ injected env (0) from .env // tip: ⌁ auth for agents [www.vestauth.com]
2026-06-08 02:50:38: ◇ injected env (0) from .env // tip: ◈ secrets for agents [www.dotenvx.com]
2026-06-08 02:50:49: ◇ injected env (0) from .env // tip: ⌘ custom filepath { path: '/custom/path/.env' }
2026-06-08 02:50:58: ◇ injected env (0) from .env // tip: ◈ encrypted .env [www.dotenvx.com]
2026-06-08 02:51:06: ◇ injected env (0) from .env // tip: ⌘ multiple files { path: ['.env.local', '.env'] }
2026-06-08 02:51:20: ◇ injected env (0) from .env // tip: ⌘ custom filepath { path: '/custom/path/.env' }
2026-06-08 02:51:35: ◇ injected env (0) from .env // tip: ⌘ override existing { override: true }
2026-06-08 02:51:47: ◇ injected env (0) from .env // tip: ⌘ override existing { override: true }
2026-06-08 02:51:55: ◇ injected env (0) from .env // tip: ⌘ override existing { override: true }
2026-06-08 02:52:11: ◇ injected env (0) from .env // tip: ⌘ multiple files { path: ['.env.local', '.env'] }
2026-06-08 02:52:26: ◇ injected env (0) from .env // tip: ⌘ custom filepath { path: '/custom/path/.env' }
2026-06-08 02:52:42: ◇ injected env (0) from .env // tip: ⌘ custom filepath { path: '/custom/path/.env' }
2026-06-08 02:52:56: ◇ injected env (0) from .env // tip: ⌘ multiple files { path: ['.env.local', '.env'] }
2026-06-08 02:53:05: ◇ injected env (0) from .env // tip: ⌁ auth for agents [www.vestauth.com]
2026-06-08 02:53:15: ◇ injected env (0) from .env // tip: ◈ secrets for agents [www.dotenvx.com]
2026-06-08 02:53:25: ◇ injected env (0) from .env // tip: ⌘ multiple files { path: ['.env.local', '.env'] }
2026-06-08 02:53:35: ◇ injected env (0) from .env // tip: ◈ secrets for agents [www.dotenvx.com]
2026-06-08 02:53:44: ◇ injected env (0) from .env // tip: ⌘ custom filepath { path: '/custom/path/.env' }
2026-06-08 02:53:52: ◇ injected env (0) from .env // tip: ⌘ override existing { override: true }
2026-06-08 02:54:02: ◇ injected env (0) from .env // tip: ◈ secrets for agents [www.dotenvx.com]
2026-06-08 02:54:14: ◇ injected env (0) from .env // tip: ◈ secrets for agents [www.dotenvx.com]
2026-06-08 02:54:24: ◇ injected env (0) from .env // tip: ◈ encrypted .env [www.dotenvx.com]
2026-06-08 02:54:33: ◇ injected env (0) from .env // tip: ⌘ multiple files { path: ['.env.local', '.env'] }
2026-06-08 02:54:42: ◇ injected env (0) from .env // tip: ⌘ override existing { override: true }
2026-06-08 02:54:49: ◇ injected env (0) from .env // tip: ⌘ multiple files { path: ['.env.local', '.env'] }
2026-06-08 02:54:52: ◇ injected env (0) from .env // tip: ⌘ override existing { override: true }
2026-06-08 02:54:59: ◇ injected env (0) from .env // tip: ◈ encrypted .env [www.dotenvx.com]
2026-06-08 02:55:04: ◇ injected env (0) from .env // tip: ⌘ multiple files { path: ['.env.local', '.env'] }
2026-06-08 02:55:13: ◇ injected env (0) from .env // tip: ⌘ suppress logs { quiet: true }
2026-06-08 02:55:20: ◇ injected env (0) from .env // tip: ⌘ multiple files { path: ['.env.local', '.env'] }
2026-06-08 02:55:27: ◇ injected env (0) from .env // tip: ⌘ enable debugging { debug: true }
2026-06-08 02:55:30: ◇ injected env (0) from .env // tip: ◈ encrypted .env [www.dotenvx.com]
2026-06-08 02:55:38: ◇ injected env (0) from .env // tip: ⌘ custom filepath { path: '/custom/path/.env' }
2026-06-08 02:55:43: ◇ injected env (0) from .env // tip: ⌘ multiple files { path: ['.env.local', '.env'] }
2026-06-08 02:55:51: ◇ injected env (0) from .env // tip: ⌁ auth for agents [www.vestauth.com]
2026-06-08 02:56:01: ◇ injected env (0) from .env // tip: ◈ secrets for agents [www.dotenvx.com]
2026-06-08 02:56:08: ◇ injected env (0) from .env // tip: ⌘ enable debugging { debug: true }
2026-06-08 02:56:11: ◇ injected env (0) from .env // tip: ⌘ custom filepath { path: '/custom/path/.env' }
2026-06-08 02:56:18: ◇ injected env (0) from .env // tip: ⌘ multiple files { path: ['.env.local', '.env'] }
2026-06-08 02:56:21: ◇ injected env (0) from .env // tip: ⌘ override existing { override: true }
2026-06-08 02:56:30: ◇ injected env (0) from .env // tip: ⌘ enable debugging { debug: true }
2026-06-08 02:56:37: ◇ injected env (0) from .env // tip: ◈ secrets for agents [www.dotenvx.com]
2026-06-08 02:56:42: ◇ injected env (0) from .env // tip: ⌁ auth for agents [www.vestauth.com]
2026-06-08 02:56:55: ◇ injected env (0) from .env // tip: ⌘ enable debugging { debug: true }
2026-06-08 02:57:04: ◇ injected env (0) from .env // tip: ⌘ enable debugging { debug: true }
2026-06-08 02:57:10: ◇ injected env (0) from .env // tip: ⌘ enable debugging { debug: true }
2026-06-08 02:57:12: ◇ injected env (0) from .env // tip: ⌘ suppress logs { quiet: true }
2026-06-08 02:57:14: ◇ injected env (0) from .env // tip: ⌘ enable debugging { debug: true }
2026-06-08 02:57:20: ◇ injected env (0) from .env // tip: ⌘ custom filepath { path: '/custom/path/.env' }
2026-06-08 02:57:23: ◇ injected env (0) from .env // tip: ⌁ auth for agents [www.vestauth.com]
2026-06-08 02:57:29: ◇ injected env (0) from .env // tip: ⌘ multiple files { path: ['.env.local', '.env'] }
2026-06-08 02:57:37: ◇ injected env (0) from .env // tip: ◈ encrypted .env [www.dotenvx.com]
2026-06-08 02:57:44: ◇ injected env (0) from .env // tip: ◈ encrypted .env [www.dotenvx.com]
2026-06-08 02:57:52: ◇ injected env (0) from .env // tip: ⌘ suppress logs { quiet: true }
2026-06-08 02:57:58: ◇ injected env (0) from .env // tip: ⌘ override existing { override: true }
2026-06-08 02:58:03: ◇ injected env (0) from .env // tip: ⌘ override existing { override: true }
2026-06-08 02:58:05: ◇ injected env (0) from .env // tip: ⌁ auth for agents [www.vestauth.com]
2026-06-08 02:58:10: ◇ injected env (0) from .env // tip: ⌘ multiple files { path: ['.env.local', '.env'] }
2026-06-08 02:58:12: ◇ injected env (0) from .env // tip: ⌘ enable debugging { debug: true }
2026-06-08 02:58:16: ◇ injected env (0) from .env // tip: ◈ encrypted .env [www.dotenvx.com]
2026-06-08 02:58:24: ◇ injected env (0) from .env // tip: ⌘ override existing { override: true }
2026-06-08 02:58:30: ◇ injected env (0) from .env // tip: ⌘ enable debugging { debug: true }
2026-06-08 02:58:37: ◇ injected env (0) from .env // tip: ⌘ suppress logs { quiet: true }
2026-06-08 02:58:42: ◇ injected env (0) from .env // tip: ⌁ auth for agents [www.vestauth.com]
2026-06-08 02:58:44: ◇ injected env (0) from .env // tip: ⌘ custom filepath { path: '/custom/path/.env' }
2026-06-08 02:58:49: ◇ injected env (0) from .env // tip: ⌘ enable debugging { debug: true }
2026-06-08 02:58:51: ◇ injected env (0) from .env // tip: ⌘ multiple files { path: ['.env.local', '.env'] }
2026-06-08 02:58:55: ◇ injected env (0) from .env // tip: ◈ secrets for agents [www.dotenvx.com]
2026-06-08 02:58:58: ◇ injected env (0) from .env // tip: ⌘ override existing { override: true }
2026-06-08 02:59:01: ◇ injected env (0) from .env // tip: ⌘ suppress logs { quiet: true }
2026-06-08 02:59:09: ◇ injected env (0) from .env // tip: ◈ secrets for agents [www.dotenvx.com]
2026-06-08 02:59:14: ◇ injected env (0) from .env // tip: ⌘ suppress logs { quiet: true }
2026-06-08 02:59:20: ◇ injected env (0) from .env // tip: ⌘ override existing { override: true }
2026-06-08 02:59:26: ◇ injected env (0) from .env // tip: ⌘ custom filepath { path: '/custom/path/.env' }
2026-06-08 02:59:28: ◇ injected env (0) from .env // tip: ◈ encrypted .env [www.dotenvx.com]
2026-06-08 02:59:33: ◇ injected env (0) from .env // tip: ◈ encrypted .env [www.dotenvx.com]
2026-06-08 02:59:37: ◇ injected env (0) from .env // tip: ◈ secrets for agents [www.dotenvx.com]
2026-06-08 02:59:44: ◇ injected env (0) from .env // tip: ◈ secrets for agents [www.dotenvx.com]
2026-06-08 02:59:51: ◇ injected env (0) from .env // tip: ⌘ multiple files { path: ['.env.local', '.env'] }
2026-06-08 02:59:58: ◇ injected env (0) from .env // tip: ⌘ override existing { override: true }
2026-06-08 03:00:05: ◇ injected env (0) from .env // tip: ⌘ enable debugging { debug: true }
2026-06-08 03:00:12: ◇ injected env (0) from .env // tip: ◈ encrypted .env [www.dotenvx.com]
2026-06-08 03:00:16: ◇ injected env (0) from .env // tip: ⌘ suppress logs { quiet: true }
2026-06-08 03:00:19: ◇ injected env (0) from .env // tip: ⌘ enable debugging { debug: true }
2026-06-08 03:00:23: ◇ injected env (0) from .env // tip: ⌘ multiple files { path: ['.env.local', '.env'] }
2026-06-08 03:00:26: ◇ injected env (0) from .env // tip: ⌘ override existing { override: true }
2026-06-08 03:00:30: ◇ injected env (0) from .env // tip: ⌘ enable debugging { debug: true }
2026-06-08 03:00:33: ◇ injected env (0) from .env // tip: ⌘ enable debugging { debug: true }
2026-06-08 03:00:38: ◇ injected env (0) from .env // tip: ⌘ custom filepath { path: '/custom/path/.env' }
2026-06-08 03:00:41: ◇ injected env (0) from .env // tip: ⌘ enable debugging { debug: true }
2026-06-08 03:00:47: ◇ injected env (0) from .env // tip: ⌘ override existing { override: true }
2026-06-08 03:00:54: ◇ injected env (0) from .env // tip: ⌘ override existing { override: true }
2026-06-08 03:00:59: ◇ injected env (0) from .env // tip: ⌘ suppress logs { quiet: true }
2026-06-08 03:01:02: ◇ injected env (0) from .env // tip: ⌘ suppress logs { quiet: true }
2026-06-08 03:01:08: ◇ injected env (0) from .env // tip: ⌘ custom filepath { path: '/custom/path/.env' }
2026-06-08 03:01:12: ◇ injected env (0) from .env // tip: ⌘ override existing { override: true }
2026-06-08 03:01:18: ◇ injected env (0) from .env // tip: ⌘ multiple files { path: ['.env.local', '.env'] }
2026-06-08 03:01:22: ◇ injected env (0) from .env // tip: ⌘ enable debugging { debug: true }
2026-06-08 03:01:26: ◇ injected env (0) from .env // tip: ⌘ enable debugging { debug: true }
2026-06-08 03:01:31: ◇ injected env (0) from .env // tip: ◈ secrets for agents [www.dotenvx.com]
2026-06-08 03:01:36: ◇ injected env (0) from .env // tip: ⌘ enable debugging { debug: true }
2026-06-08 03:01:39: ◇ injected env (0) from .env // tip: ⌘ multiple files { path: ['.env.local', '.env'] }
2026-06-08 03:01:43: ◇ injected env (0) from .env // tip: ⌘ override existing { override: true }
2026-06-08 03:01:48: ◇ injected env (0) from .env // tip: ⌘ custom filepath { path: '/custom/path/.env' }
2026-06-08 03:01:54: ◇ injected env (0) from .env // tip: ⌘ override existing { override: true }
2026-06-08 03:01:58: ◇ injected env (0) from .env // tip: ⌘ enable debugging { debug: true }
2026-06-08 03:02:07: ◇ injected env (0) from .env // tip: ⌘ multiple files { path: ['.env.local', '.env'] }
2026-06-08 03:02:13: ◇ injected env (0) from .env // tip: ⌘ override existing { override: true }
2026-06-08 03:02:17: ◇ injected env (0) from .env // tip: ⌘ enable debugging { debug: true }
2026-06-08 03:02:23: ◇ injected env (0) from .env // tip: ⌁ auth for agents [www.vestauth.com]
2026-06-08 03:02:26: ◇ injected env (0) from .env // tip: ⌁ auth for agents [www.vestauth.com]
2026-06-08 03:02:31: ◇ injected env (0) from .env // tip: ⌘ suppress logs { quiet: true }
2026-06-08 03:02:40: ◇ injected env (0) from .env // tip: ⌘ enable debugging { debug: true }
2026-06-08 03:02:50: ◇ injected env (0) from .env // tip: ⌘ override existing { override: true }
2026-06-08 03:02:59: ◇ injected env (0) from .env // tip: ◈ encrypted .env [www.dotenvx.com]
2026-06-08 03:03:06: ◇ injected env (0) from .env // tip: ⌘ multiple files { path: ['.env.local', '.env'] }
2026-06-08 03:03:10: ◇ injected env (0) from .env // tip: ◈ secrets for agents [www.dotenvx.com]
2026-06-08 03:03:18: ◇ injected env (0) from .env // tip: ⌘ suppress logs { quiet: true }
2026-06-08 03:03:25: ◇ injected env (0) from .env // tip: ⌘ multiple files { path: ['.env.local', '.env'] }
2026-06-08 03:03:33: ◇ injected env (0) from .env // tip: ⌘ enable debugging { debug: true }
2026-06-08 03:03:37: ◇ injected env (0) from .env // tip: ⌘ override existing { override: true }
2026-06-08 03:03:44: ◇ injected env (0) from .env // tip: ⌘ custom filepath { path: '/custom/path/.env' }
2026-06-08 03:03:50: ◇ injected env (0) from .env // tip: ◈ secrets for agents [www.dotenvx.com]
2026-06-08 03:03:54: ◇ injected env (0) from .env // tip: ⌘ multiple files { path: ['.env.local', '.env'] }
2026-06-08 03:03:57: ◇ injected env (0) from .env // tip: ⌘ enable debugging { debug: true }
2026-06-08 03:04:02: ◇ injected env (0) from .env // tip: ◈ secrets for agents [www.dotenvx.com]
2026-06-08 03:04:06: ◇ injected env (0) from .env // tip: ⌁ auth for agents [www.vestauth.com]
2026-06-08 03:04:11: ◇ injected env (0) from .env // tip: ⌘ custom filepath { path: '/custom/path/.env' }
2026-06-08 03:04:17: ◇ injected env (0) from .env // tip: ⌘ custom filepath { path: '/custom/path/.env' }
2026-06-08 03:04:24: ◇ injected env (0) from .env // tip: ⌁ auth for agents [www.vestauth.com]
2026-06-08 03:04:30: ◇ injected env (0) from .env // tip: ⌘ multiple files { path: ['.env.local', '.env'] }
2026-06-08 03:04:34: ◇ injected env (0) from .env // tip: ◈ encrypted .env [www.dotenvx.com]
2026-06-08 03:04:42: ◇ injected env (0) from .env // tip: ⌘ override existing { override: true }
2026-06-08 03:04:50: ◇ injected env (0) from .env // tip: ⌁ auth for agents [www.vestauth.com]
2026-06-08 03:04:58: ◇ injected env (0) from .env // tip: ⌘ enable debugging { debug: true }
2026-06-08 03:05:03: ◇ injected env (0) from .env // tip: ◈ encrypted .env [www.dotenvx.com]
2026-06-08 03:05:08: ◇ injected env (0) from .env // tip: ⌘ override existing { override: true }
2026-06-08 03:05:13: ◇ injected env (0) from .env // tip: ⌁ auth for agents [www.vestauth.com]
2026-06-08 03:05:17: ◇ injected env (0) from .env // tip: ◈ secrets for agents [www.dotenvx.com]
2026-06-08 03:05:23: ◇ injected env (0) from .env // tip: ⌘ multiple files { path: ['.env.local', '.env'] }
2026-06-08 03:05:33: ◇ injected env (0) from .env // tip: ⌘ override existing { override: true }
2026-06-08 03:05:43: ◇ injected env (0) from .env // tip: ⌘ multiple files { path: ['.env.local', '.env'] }
2026-06-08 03:05:51: ◇ injected env (0) from .env // tip: ⌁ auth for agents [www.vestauth.com]
2026-06-08 03:05:54: ◇ injected env (0) from .env // tip: ◈ encrypted .env [www.dotenvx.com]
2026-06-08 03:06:04: ◇ injected env (0) from .env // tip: ⌘ suppress logs { quiet: true }
2026-06-08 03:06:14: ◇ injected env (0) from .env // tip: ⌘ custom filepath { path: '/custom/path/.env' }
2026-06-08 03:06:23: ◇ injected env (0) from .env // tip: ⌘ custom filepath { path: '/custom/path/.env' }
2026-06-08 03:06:34: ◇ injected env (0) from .env // tip: ⌘ suppress logs { quiet: true }
2026-06-08 03:06:45: ◇ injected env (0) from .env // tip: ◈ encrypted .env [www.dotenvx.com]
2026-06-08 03:06:55: ◇ injected env (0) from .env // tip: ⌁ auth for agents [www.vestauth.com]
2026-06-08 03:07:05: ◇ injected env (0) from .env // tip: ⌘ suppress logs { quiet: true }
2026-06-08 03:07:13: ◇ injected env (0) from .env // tip: ◈ secrets for agents [www.dotenvx.com]
2026-06-08 03:07:20: ◇ injected env (0) from .env // tip: ⌘ override existing { override: true }
2026-06-08 03:07:28: ◇ injected env (0) from .env // tip: ⌘ suppress logs { quiet: true }
2026-06-08 03:07:36: ◇ injected env (0) from .env // tip: ⌘ suppress logs { quiet: true }
2026-06-08 03:07:44: ◇ injected env (0) from .env // tip: ⌁ auth for agents [www.vestauth.com]
2026-06-08 03:07:53: ◇ injected env (0) from .env // tip: ⌘ multiple files { path: ['.env.local', '.env'] }
2026-06-08 03:08:00: ◇ injected env (0) from .env // tip: ⌘ suppress logs { quiet: true }
2026-06-08 03:08:07: ◇ injected env (0) from .env // tip: ⌘ enable debugging { debug: true }
2026-06-08 03:08:14: ◇ injected env (0) from .env // tip: ⌘ override existing { override: true }
2026-06-08 03:08:21: ◇ injected env (0) from .env // tip: ⌘ override existing { override: true }
2026-06-08 03:08:30: ◇ injected env (0) from .env // tip: ⌘ enable debugging { debug: true }
2026-06-08 03:08:37: ◇ injected env (0) from .env // tip: ⌘ multiple files { path: ['.env.local', '.env'] }
2026-06-08 03:08:45: ◇ injected env (0) from .env // tip: ⌘ enable debugging { debug: true }
2026-06-08 03:08:52: ◇ injected env (0) from .env // tip: ◈ secrets for agents [www.dotenvx.com]
2026-06-08 03:09:01: ◇ injected env (0) from .env // tip: ◈ encrypted .env [www.dotenvx.com]
2026-06-08 03:09:10: ◇ injected env (0) from .env // tip: ⌘ override existing { override: true }
2026-06-08 03:09:17: ◇ injected env (0) from .env // tip: ⌁ auth for agents [www.vestauth.com]
2026-06-08 03:09:25: ◇ injected env (0) from .env // tip: ⌘ override existing { override: true }
2026-06-08 03:09:34: ◇ injected env (0) from .env // tip: ◈ secrets for agents [www.dotenvx.com]
2026-06-08 03:09:42: ◇ injected env (0) from .env // tip: ◈ encrypted .env [www.dotenvx.com]
2026-06-08 03:09:48: ◇ injected env (0) from .env // tip: ⌘ custom filepath { path: '/custom/path/.env' }
2026-06-08 03:09:54: ◇ injected env (0) from .env // tip: ◈ encrypted .env [www.dotenvx.com]
2026-06-08 03:10:01: ◇ injected env (0) from .env // tip: ⌘ enable debugging { debug: true }
2026-06-08 03:10:13: ◇ injected env (0) from .env // tip: ⌘ enable debugging { debug: true }
2026-06-08 03:10:19: ◇ injected env (0) from .env // tip: ◈ secrets for agents [www.dotenvx.com]
2026-06-08 03:10:29: ◇ injected env (0) from .env // tip: ⌘ override existing { override: true }
2026-06-08 03:10:36: ◇ injected env (0) from .env // tip: ⌘ suppress logs { quiet: true }
2026-06-08 03:10:42: ◇ injected env (0) from .env // tip: ⌘ custom filepath { path: '/custom/path/.env' }
2026-06-08 03:10:48: ◇ injected env (0) from .env // tip: ⌘ multiple files { path: ['.env.local', '.env'] }
2026-06-08 03:10:55: ◇ injected env (0) from .env // tip: ⌁ auth for agents [www.vestauth.com]
2026-06-08 03:11:01: ◇ injected env (0) from .env // tip: ⌘ custom filepath { path: '/custom/path/.env' }
2026-06-08 03:11:07: ◇ injected env (0) from .env // tip: ⌘ override existing { override: true }
2026-06-08 03:11:14: ◇ injected env (0) from .env // tip: ◈ secrets for agents [www.dotenvx.com]
2026-06-08 03:11:21: ◇ injected env (0) from .env // tip: ⌘ custom filepath { path: '/custom/path/.env' }
2026-06-08 03:11:29: ◇ injected env (0) from .env // tip: ◈ encrypted .env [www.dotenvx.com]
2026-06-08 03:11:37: ◇ injected env (0) from .env // tip: ⌘ override existing { override: true }
2026-06-08 03:11:44: ◇ injected env (0) from .env // tip: ⌁ auth for agents [www.vestauth.com]
2026-06-08 03:11:51: ◇ injected env (0) from .env // tip: ⌘ override existing { override: true }
2026-06-08 03:11:58: ◇ injected env (0) from .env // tip: ⌘ multiple files { path: ['.env.local', '.env'] }
2026-06-08 03:12:05: ◇ injected env (0) from .env // tip: ⌘ multiple files { path: ['.env.local', '.env'] }
2026-06-08 03:12:11: ◇ injected env (0) from .env // tip: ⌘ enable debugging { debug: true }
2026-06-08 03:12:17: ◇ injected env (0) from .env // tip: ⌘ enable debugging { debug: true }
2026-06-08 03:12:23: ◇ injected env (0) from .env // tip: ◈ secrets for agents [www.dotenvx.com]
2026-06-08 03:12:28: ◇ injected env (0) from .env // tip: ⌁ auth for agents [www.vestauth.com]
2026-06-08 03:12:34: ◇ injected env (0) from .env // tip: ⌘ suppress logs { quiet: true }
2026-06-08 03:12:40: ◇ injected env (0) from .env // tip: ⌘ suppress logs { quiet: true }
2026-06-08 03:12:45: ◇ injected env (0) from .env // tip: ⌘ custom filepath { path: '/custom/path/.env' }
2026-06-08 03:12:51: ◇ injected env (0) from .env // tip: ⌁ auth for agents [www.vestauth.com]
2026-06-08 03:12:56: ◇ injected env (0) from .env // tip: ⌘ custom filepath { path: '/custom/path/.env' }
2026-06-08 03:13:02: ◇ injected env (0) from .env // tip: ⌘ enable debugging { debug: true }
2026-06-08 03:13:08: ◇ injected env (0) from .env // tip: ◈ secrets for agents [www.dotenvx.com]
2026-06-08 03:13:13: ◇ injected env (0) from .env // tip: ◈ secrets for agents [www.dotenvx.com]
2026-06-08 03:13:19: ◇ injected env (0) from .env // tip: ◈ secrets for agents [www.dotenvx.com]
2026-06-08 03:13:25: ◇ injected env (0) from .env // tip: ⌘ enable debugging { debug: true }
2026-06-08 03:13:30: ◇ injected env (0) from .env // tip: ◈ secrets for agents [www.dotenvx.com]
2026-06-08 03:13:37: ◇ injected env (0) from .env // tip: ⌘ multiple files { path: ['.env.local', '.env'] }
2026-06-08 03:13:45: ◇ injected env (0) from .env // tip: ◈ secrets for agents [www.dotenvx.com]
2026-06-08 03:13:52: ◇ injected env (0) from .env // tip: ⌘ multiple files { path: ['.env.local', '.env'] }
2026-06-08 03:14:00: ◇ injected env (0) from .env // tip: ⌘ custom filepath { path: '/custom/path/.env' }
2026-06-08 03:14:05: ◇ injected env (0) from .env // tip: ⌘ multiple files { path: ['.env.local', '.env'] }
2026-06-08 03:14:13: ◇ injected env (0) from .env // tip: ◈ encrypted .env [www.dotenvx.com]
2026-06-08 03:14:20: ◇ injected env (0) from .env // tip: ⌘ override existing { override: true }
2026-06-08 03:14:27: ◇ injected env (0) from .env // tip: ⌘ enable debugging { debug: true }
2026-06-08 03:14:34: ◇ injected env (0) from .env // tip: ⌘ enable debugging { debug: true }
2026-06-08 03:14:41: ◇ injected env (0) from .env // tip: ⌘ enable debugging { debug: true }
2026-06-08 03:14:48: ◇ injected env (0) from .env // tip: ⌘ custom filepath { path: '/custom/path/.env' }
2026-06-08 03:14:55: ◇ injected env (0) from .env // tip: ⌘ multiple files { path: ['.env.local', '.env'] }
2026-06-08 03:15:02: ◇ injected env (0) from .env // tip: ⌘ suppress logs { quiet: true }
2026-06-08 03:15:09: ◇ injected env (0) from .env // tip: ⌘ multiple files { path: ['.env.local', '.env'] }
2026-06-08 03:15:16: ◇ injected env (0) from .env // tip: ⌘ multiple files { path: ['.env.local', '.env'] }
2026-06-08 03:15:22: ◇ injected env (0) from .env // tip: ⌘ enable debugging { debug: true }
2026-06-08 03:15:28: ◇ injected env (0) from .env // tip: ◈ encrypted .env [www.dotenvx.com]
2026-06-08 03:15:34: ◇ injected env (0) from .env // tip: ⌘ suppress logs { quiet: true }
2026-06-08 03:15:41: ◇ injected env (0) from .env // tip: ⌘ enable debugging { debug: true }
2026-06-08 03:15:47: ◇ injected env (0) from .env // tip: ⌘ suppress logs { quiet: true }
2026-06-08 03:15:54: ◇ injected env (0) from .env // tip: ⌘ enable debugging { debug: true }
2026-06-08 03:16:01: ◇ injected env (0) from .env // tip: ⌘ enable debugging { debug: true }
2026-06-08 03:16:09: ◇ injected env (0) from .env // tip: ◈ encrypted .env [www.dotenvx.com]
2026-06-08 03:16:16: ◇ injected env (0) from .env // tip: ⌘ multiple files { path: ['.env.local', '.env'] }
2026-06-08 03:16:23: ◇ injected env (0) from .env // tip: ⌘ suppress logs { quiet: true }
2026-06-08 03:16:30: ◇ injected env (0) from .env // tip: ⌁ auth for agents [www.vestauth.com]
2026-06-08 03:16:37: ◇ injected env (0) from .env // tip: ⌘ suppress logs { quiet: true }
2026-06-08 03:16:44: ◇ injected env (0) from .env // tip: ⌘ enable debugging { debug: true }
2026-06-08 03:16:50: ◇ injected env (0) from .env // tip: ⌁ auth for agents [www.vestauth.com]
2026-06-08 03:16:56: ◇ injected env (0) from .env // tip: ⌘ multiple files { path: ['.env.local', '.env'] }
2026-06-08 03:17:04: ◇ injected env (0) from .env // tip: ⌘ suppress logs { quiet: true }
2026-06-08 03:17:10: ◇ injected env (0) from .env // tip: ⌘ suppress logs { quiet: true }
2026-06-08 03:17:18: ◇ injected env (0) from .env // tip: ⌁ auth for agents [www.vestauth.com]
2026-06-08 03:17:25: ◇ injected env (0) from .env // tip: ◈ encrypted .env [www.dotenvx.com]
2026-06-08 03:17:31: ◇ injected env (0) from .env // tip: ⌘ enable debugging { debug: true }
2026-06-08 03:17:37: ◇ injected env (0) from .env // tip: ◈ encrypted .env [www.dotenvx.com]
2026-06-08 03:17:44: ◇ injected env (0) from .env // tip: ◈ encrypted .env [www.dotenvx.com]
2026-06-08 03:17:51: ◇ injected env (0) from .env // tip: ⌘ multiple files { path: ['.env.local', '.env'] }
2026-06-08 03:17:57: ◇ injected env (0) from .env // tip: ◈ encrypted .env [www.dotenvx.com]
2026-06-08 03:18:03: ◇ injected env (0) from .env // tip: ⌘ enable debugging { debug: true }
2026-06-08 03:18:10: ◇ injected env (0) from .env // tip: ⌘ enable debugging { debug: true }
2026-06-08 03:18:16: ◇ injected env (0) from .env // tip: ⌘ multiple files { path: ['.env.local', '.env'] }
2026-06-08 03:18:22: ◇ injected env (0) from .env // tip: ⌁ auth for agents [www.vestauth.com]
2026-06-08 03:18:29: ◇ injected env (0) from .env // tip: ⌘ suppress logs { quiet: true }
2026-06-08 03:18:35: ◇ injected env (0) from .env // tip: ◈ encrypted .env [www.dotenvx.com]
2026-06-08 03:18:41: ◇ injected env (0) from .env // tip: ⌘ custom filepath { path: '/custom/path/.env' }
2026-06-08 03:18:48: ◇ injected env (0) from .env // tip: ⌘ enable debugging { debug: true }
2026-06-08 03:18:56: ◇ injected env (0) from .env // tip: ⌘ suppress logs { quiet: true }
2026-06-08 03:19:03: ◇ injected env (0) from .env // tip: ◈ secrets for agents [www.dotenvx.com]
2026-06-08 03:19:10: ◇ injected env (0) from .env // tip: ◈ secrets for agents [www.dotenvx.com]
2026-06-08 03:19:17: ◇ injected env (0) from .env // tip: ⌘ multiple files { path: ['.env.local', '.env'] }
2026-06-08 03:19:24: ◇ injected env (0) from .env // tip: ◈ encrypted .env [www.dotenvx.com]
2026-06-08 03:19:30: ◇ injected env (0) from .env // tip: ⌘ override existing { override: true }
2026-06-08 03:19:37: ◇ injected env (0) from .env // tip: ◈ secrets for agents [www.dotenvx.com]
2026-06-08 03:19:43: ◇ injected env (0) from .env // tip: ⌘ suppress logs { quiet: true }
2026-06-08 03:19:49: ◇ injected env (0) from .env // tip: ⌁ auth for agents [www.vestauth.com]
2026-06-08 03:19:56: ◇ injected env (0) from .env // tip: ◈ encrypted .env [www.dotenvx.com]
2026-06-08 03:20:02: ◇ injected env (0) from .env // tip: ◈ secrets for agents [www.dotenvx.com]
2026-06-08 03:20:09: ◇ injected env (0) from .env // tip: ⌘ suppress logs { quiet: true }
2026-06-08 03:20:16: ◇ injected env (0) from .env // tip: ◈ encrypted .env [www.dotenvx.com]
2026-06-08 03:20:23: ◇ injected env (0) from .env // tip: ◈ encrypted .env [www.dotenvx.com]
2026-06-08 03:20:30: ◇ injected env (0) from .env // tip: ⌘ suppress logs { quiet: true }
2026-06-08 03:20:37: ◇ injected env (0) from .env // tip: ⌁ auth for agents [www.vestauth.com]
2026-06-08 03:20:44: ◇ injected env (0) from .env // tip: ◈ secrets for agents [www.dotenvx.com]
2026-06-08 03:20:50: ◇ injected env (0) from .env // tip: ⌘ multiple files { path: ['.env.local', '.env'] }
2026-06-08 03:20:57: ◇ injected env (0) from .env // tip: ⌘ multiple files { path: ['.env.local', '.env'] }
2026-06-08 03:21:03: ◇ injected env (0) from .env // tip: ⌘ enable debugging { debug: true }
2026-06-08 03:21:10: ◇ injected env (0) from .env // tip: ⌘ override existing { override: true }
2026-06-08 03:21:16: ◇ injected env (0) from .env // tip: ⌘ custom filepath { path: '/custom/path/.env' }
2026-06-08 03:21:22: ◇ injected env (0) from .env // tip: ◈ encrypted .env [www.dotenvx.com]
2026-06-08 03:21:28: ◇ injected env (0) from .env // tip: ⌘ custom filepath { path: '/custom/path/.env' }
2026-06-08 03:21:35: ◇ injected env (0) from .env // tip: ⌘ custom filepath { path: '/custom/path/.env' }
2026-06-08 03:21:43: ◇ injected env (0) from .env // tip: ⌘ override existing { override: true }
2026-06-08 03:21:49: ◇ injected env (0) from .env // tip: ⌘ override existing { override: true }
2026-06-08 03:21:56: ◇ injected env (0) from .env // tip: ◈ secrets for agents [www.dotenvx.com]
2026-06-08 03:22:02: ◇ injected env (0) from .env // tip: ◈ encrypted .env [www.dotenvx.com]
2026-06-08 03:22:09: ◇ injected env (0) from .env // tip: ⌘ override existing { override: true }
2026-06-08 03:22:15: ◇ injected env (0) from .env // tip: ◈ encrypted .env [www.dotenvx.com]
2026-06-08 03:22:22: ◇ injected env (0) from .env // tip: ⌘ override existing { override: true }
2026-06-08 03:22:29: ◇ injected env (0) from .env // tip: ⌁ auth for agents [www.vestauth.com]
2026-06-08 03:22:36: ◇ injected env (0) from .env // tip: ◈ secrets for agents [www.dotenvx.com]
2026-06-08 03:22:42: ◇ injected env (0) from .env // tip: ⌘ override existing { override: true }
2026-06-08 03:22:48: ◇ injected env (0) from .env // tip: ⌘ suppress logs { quiet: true }
2026-06-08 03:22:55: ◇ injected env (0) from .env // tip: ◈ encrypted .env [www.dotenvx.com]
2026-06-08 03:23:01: ◇ injected env (0) from .env // tip: ◈ encrypted .env [www.dotenvx.com]
2026-06-08 03:23:06: ◇ injected env (0) from .env // tip: ◈ secrets for agents [www.dotenvx.com]
2026-06-08 03:23:12: ◇ injected env (0) from .env // tip: ⌘ enable debugging { debug: true }
2026-06-08 03:23:18: ◇ injected env (0) from .env // tip: ⌘ multiple files { path: ['.env.local', '.env'] }
2026-06-08 03:23:24: ◇ injected env (0) from .env // tip: ⌘ suppress logs { quiet: true }
2026-06-08 03:23:30: ◇ injected env (0) from .env // tip: ⌘ enable debugging { debug: true }
2026-06-08 03:23:37: ◇ injected env (0) from .env // tip: ⌘ multiple files { path: ['.env.local', '.env'] }
2026-06-08 03:23:43: ◇ injected env (0) from .env // tip: ⌘ multiple files { path: ['.env.local', '.env'] }
2026-06-08 03:23:49: ◇ injected env (0) from .env // tip: ◈ encrypted .env [www.dotenvx.com]
2026-06-08 03:23:56: ◇ injected env (0) from .env // tip: ◈ encrypted .env [www.dotenvx.com]
2026-06-08 03:24:04: ◇ injected env (0) from .env // tip: ⌘ enable debugging { debug: true }
2026-06-08 03:24:09: ◇ injected env (0) from .env // tip: ◈ secrets for agents [www.dotenvx.com]
2026-06-08 03:24:14: ◇ injected env (0) from .env // tip: ⌘ multiple files { path: ['.env.local', '.env'] }
2026-06-08 03:24:20: ◇ injected env (0) from .env // tip: ⌘ multiple files { path: ['.env.local', '.env'] }
2026-06-08 03:24:23: ◇ injected env (0) from .env // tip: ⌘ suppress logs { quiet: true }
2026-06-08 03:24:32: ◇ injected env (0) from .env // tip: ⌁ auth for agents [www.vestauth.com]
2026-06-08 03:24:41: ◇ injected env (0) from .env // tip: ⌘ custom filepath { path: '/custom/path/.env' }
2026-06-08 03:24:49: ◇ injected env (0) from .env // tip: ⌘ override existing { override: true }
2026-06-08 03:24:58: ◇ injected env (0) from .env // tip: ⌁ auth for agents [www.vestauth.com]
2026-06-08 03:25:11: ◇ injected env (0) from .env // tip: ⌘ custom filepath { path: '/custom/path/.env' }
2026-06-08 03:25:21: ◇ injected env (0) from .env // tip: ⌘ custom filepath { path: '/custom/path/.env' }
2026-06-08 03:25:30: ◇ injected env (0) from .env // tip: ⌘ suppress logs { quiet: true }
2026-06-08 03:25:41: ◇ injected env (0) from .env // tip: ◈ secrets for agents [www.dotenvx.com]
2026-06-08 03:25:51: ◇ injected env (0) from .env // tip: ⌁ auth for agents [www.vestauth.com]
2026-06-08 03:25:59: ◇ injected env (0) from .env // tip: ◈ encrypted .env [www.dotenvx.com]
2026-06-08 03:26:06: ◇ injected env (0) from .env // tip: ⌘ enable debugging { debug: true }
2026-06-08 03:26:10: ◇ injected env (0) from .env // tip: ⌘ multiple files { path: ['.env.local', '.env'] }
2026-06-08 03:26:17: ◇ injected env (0) from .env // tip: ◈ secrets for agents [www.dotenvx.com]
2026-06-08 03:26:25: ◇ injected env (0) from .env // tip: ⌘ suppress logs { quiet: true }
2026-06-08 03:26:30: ◇ injected env (0) from .env // tip: ⌘ custom filepath { path: '/custom/path/.env' }
2026-06-08 03:26:36: ◇ injected env (0) from .env // tip: ⌘ suppress logs { quiet: true }
2026-06-08 03:26:44: ◇ injected env (0) from .env // tip: ⌘ multiple files { path: ['.env.local', '.env'] }
2026-06-08 03:26:53: ◇ injected env (0) from .env // tip: ⌘ enable debugging { debug: true }
2026-06-08 03:27:02: ◇ injected env (0) from .env // tip: ◈ encrypted .env [www.dotenvx.com]
2026-06-08 03:27:12: ◇ injected env (0) from .env // tip: ⌘ suppress logs { quiet: true }
2026-06-08 03:27:19: ◇ injected env (0) from .env // tip: ◈ encrypted .env [www.dotenvx.com]
2026-06-08 03:27:29: ◇ injected env (0) from .env // tip: ⌁ auth for agents [www.vestauth.com]
2026-06-08 03:27:38: ◇ injected env (0) from .env // tip: ⌘ custom filepath { path: '/custom/path/.env' }
2026-06-08 03:27:47: ◇ injected env (0) from .env // tip: ⌘ custom filepath { path: '/custom/path/.env' }
2026-06-08 03:27:56: ◇ injected env (0) from .env // tip: ◈ secrets for agents [www.dotenvx.com]
2026-06-08 03:28:05: ◇ injected env (0) from .env // tip: ◈ secrets for agents [www.dotenvx.com]
2026-06-08 03:28:15: ◇ injected env (0) from .env // tip: ⌘ suppress logs { quiet: true }
2026-06-08 03:28:26: ◇ injected env (0) from .env // tip: ◈ secrets for agents [www.dotenvx.com]
2026-06-08 03:28:36: ◇ injected env (0) from .env // tip: ⌘ suppress logs { quiet: true }
2026-06-08 03:28:47: ◇ injected env (0) from .env // tip: ⌘ custom filepath { path: '/custom/path/.env' }
2026-06-08 03:28:58: ◇ injected env (0) from .env // tip: ⌘ enable debugging { debug: true }
2026-06-08 03:29:09: ◇ injected env (0) from .env // tip: ⌘ suppress logs { quiet: true }
2026-06-08 03:29:18: ◇ injected env (0) from .env // tip: ◈ encrypted .env [www.dotenvx.com]
2026-06-08 03:29:29: ◇ injected env (0) from .env // tip: ⌘ custom filepath { path: '/custom/path/.env' }
2026-06-08 03:29:40: ◇ injected env (0) from .env // tip: ⌘ suppress logs { quiet: true }
2026-06-08 03:29:52: ◇ injected env (0) from .env // tip: ⌘ multiple files { path: ['.env.local', '.env'] }
2026-06-08 03:30:04: ◇ injected env (0) from .env // tip: ⌘ enable debugging { debug: true }
2026-06-08 03:30:14: ◇ injected env (0) from .env // tip: ⌘ multiple files { path: ['.env.local', '.env'] }
2026-06-08 03:30:23: ◇ injected env (0) from .env // tip: ⌘ custom filepath { path: '/custom/path/.env' }
2026-06-08 03:30:33: ◇ injected env (0) from .env // tip: ⌘ suppress logs { quiet: true }
2026-06-08 03:30:43: ◇ injected env (0) from .env // tip: ⌘ multiple files { path: ['.env.local', '.env'] }
2026-06-08 03:30:54: ◇ injected env (0) from .env // tip: ◈ secrets for agents [www.dotenvx.com]
2026-06-08 03:31:05: ◇ injected env (0) from .env // tip: ⌘ multiple files { path: ['.env.local', '.env'] }
2026-06-08 03:31:15: ◇ injected env (0) from .env // tip: ⌘ custom filepath { path: '/custom/path/.env' }
2026-06-08 03:31:20: ◇ injected env (0) from .env // tip: ⌘ custom filepath { path: '/custom/path/.env' }
2026-06-08 03:31:28: ◇ injected env (0) from .env // tip: ◈ secrets for agents [www.dotenvx.com]
2026-06-08 03:31:37: ◇ injected env (0) from .env // tip: ⌘ enable debugging { debug: true }
2026-06-08 03:31:46: ◇ injected env (0) from .env // tip: ⌘ multiple files { path: ['.env.local', '.env'] }
2026-06-08 03:31:52: ◇ injected env (0) from .env // tip: ⌘ multiple files { path: ['.env.local', '.env'] }
2026-06-08 03:31:59: ◇ injected env (0) from .env // tip: ◈ secrets for agents [www.dotenvx.com]
2026-06-08 03:32:09: ◇ injected env (0) from .env // tip: ⌘ override existing { override: true }
2026-06-08 03:32:19: ◇ injected env (0) from .env // tip: ◈ encrypted .env [www.dotenvx.com]
2026-06-08 03:32:26: ◇ injected env (0) from .env // tip: ⌘ suppress logs { quiet: true }
2026-06-08 03:32:34: ◇ injected env (0) from .env // tip: ⌘ enable debugging { debug: true }
2026-06-08 03:32:41: ◇ injected env (0) from .env // tip: ◈ secrets for agents [www.dotenvx.com]
2026-06-08 03:32:47: ◇ injected env (0) from .env // tip: ⌘ multiple files { path: ['.env.local', '.env'] }
2026-06-08 03:32:52: ◇ injected env (0) from .env // tip: ⌘ override existing { override: true }
2026-06-08 03:32:58: ◇ injected env (0) from .env // tip: ◈ secrets for agents [www.dotenvx.com]
2026-06-08 03:33:05: ◇ injected env (0) from .env // tip: ⌘ override existing { override: true }
2026-06-08 03:33:12: ◇ injected env (0) from .env // tip: ⌘ custom filepath { path: '/custom/path/.env' }
2026-06-08 03:33:20: ◇ injected env (0) from .env // tip: ◈ secrets for agents [www.dotenvx.com]
2026-06-08 03:33:25: ◇ injected env (0) from .env // tip: ◈ secrets for agents [www.dotenvx.com]
2026-06-08 03:33:30: ◇ injected env (0) from .env // tip: ⌘ suppress logs { quiet: true }
2026-06-08 03:33:35: ◇ injected env (0) from .env // tip: ⌘ custom filepath { path: '/custom/path/.env' }
2026-06-08 03:33:43: ◇ injected env (0) from .env // tip: ⌘ enable debugging { debug: true }
2026-06-08 03:33:50: ◇ injected env (0) from .env // tip: ⌘ multiple files { path: ['.env.local', '.env'] }
2026-06-08 03:33:56: ◇ injected env (0) from .env // tip: ⌘ override existing { override: true }
2026-06-08 03:34:02: ◇ injected env (0) from .env // tip: ⌘ custom filepath { path: '/custom/path/.env' }
2026-06-08 03:34:07: ◇ injected env (0) from .env // tip: ◈ secrets for agents [www.dotenvx.com]
2026-06-08 03:34:14: ◇ injected env (0) from .env // tip: ◈ encrypted .env [www.dotenvx.com]
2026-06-08 03:34:20: ◇ injected env (0) from .env // tip: ◈ encrypted .env [www.dotenvx.com]
2026-06-08 03:34:26: ◇ injected env (0) from .env // tip: ⌘ multiple files { path: ['.env.local', '.env'] }
2026-06-08 03:34:30: ◇ injected env (0) from .env // tip: ⌘ enable debugging { debug: true }
2026-06-08 03:34:38: ◇ injected env (0) from .env // tip: ◈ secrets for agents [www.dotenvx.com]
2026-06-08 03:34:45: ◇ injected env (0) from .env // tip: ⌘ custom filepath { path: '/custom/path/.env' }
2026-06-08 03:34:52: ◇ injected env (0) from .env // tip: ⌘ suppress logs { quiet: true }
2026-06-08 03:34:57: ◇ injected env (0) from .env // tip: ⌘ custom filepath { path: '/custom/path/.env' }
2026-06-08 03:35:02: ◇ injected env (0) from .env // tip: ◈ encrypted .env [www.dotenvx.com]
2026-06-08 03:35:09: ◇ injected env (0) from .env // tip: ⌘ multiple files { path: ['.env.local', '.env'] }
2026-06-08 03:35:17: ◇ injected env (0) from .env // tip: ⌘ custom filepath { path: '/custom/path/.env' }
2026-06-08 03:35:24: ◇ injected env (0) from .env // tip: ⌘ override existing { override: true }
2026-06-08 03:35:30: ◇ injected env (0) from .env // tip: ⌁ auth for agents [www.vestauth.com]
2026-06-08 03:35:34: ◇ injected env (0) from .env // tip: ⌘ multiple files { path: ['.env.local', '.env'] }
2026-06-08 03:35:41: ◇ injected env (0) from .env // tip: ⌘ custom filepath { path: '/custom/path/.env' }
2026-06-08 03:35:49: ◇ injected env (0) from .env // tip: ◈ secrets for agents [www.dotenvx.com]
2026-06-08 03:35:57: ◇ injected env (0) from .env // tip: ⌘ suppress logs { quiet: true }
2026-06-08 03:36:04: ◇ injected env (0) from .env // tip: ⌘ custom filepath { path: '/custom/path/.env' }
2026-06-08 03:36:11: ◇ injected env (0) from .env // tip: ⌁ auth for agents [www.vestauth.com]
2026-06-08 03:36:16: ◇ injected env (0) from .env // tip: ⌘ override existing { override: true }
2026-06-08 03:36:21: ◇ injected env (0) from .env // tip: ⌘ enable debugging { debug: true }
2026-06-08 03:36:29: ◇ injected env (0) from .env // tip: ⌘ enable debugging { debug: true }
2026-06-08 03:36:36: ◇ injected env (0) from .env // tip: ⌘ multiple files { path: ['.env.local', '.env'] }
2026-06-08 03:36:44: ◇ injected env (0) from .env // tip: ⌘ enable debugging { debug: true }
2026-06-08 03:36:50: ◇ injected env (0) from .env // tip: ⌘ suppress logs { quiet: true }
2026-06-08 03:36:55: ◇ injected env (0) from .env // tip: ⌘ override existing { override: true }
2026-06-08 03:37:02: ◇ injected env (0) from .env // tip: ⌘ override existing { override: true }
2026-06-08 03:37:10: ◇ injected env (0) from .env // tip: ⌘ multiple files { path: ['.env.local', '.env'] }
2026-06-08 03:37:17: ◇ injected env (0) from .env // tip: ⌁ auth for agents [www.vestauth.com]
2026-06-08 03:37:24: ◇ injected env (0) from .env // tip: ⌘ override existing { override: true }
2026-06-08 03:37:31: ◇ injected env (0) from .env // tip: ◈ secrets for agents [www.dotenvx.com]
2026-06-08 03:37:36: ◇ injected env (0) from .env // tip: ⌘ override existing { override: true }
2026-06-08 03:37:41: ◇ injected env (0) from .env // tip: ◈ secrets for agents [www.dotenvx.com]
2026-06-08 03:37:48: ◇ injected env (0) from .env // tip: ⌁ auth for agents [www.vestauth.com]
2026-06-08 03:37:55: ◇ injected env (0) from .env // tip: ⌁ auth for agents [www.vestauth.com]
2026-06-08 03:38:02: ◇ injected env (0) from .env // tip: ⌘ custom filepath { path: '/custom/path/.env' }
2026-06-08 03:38:07: ◇ injected env (0) from .env // tip: ⌘ custom filepath { path: '/custom/path/.env' }
2026-06-08 03:38:11: ◇ injected env (0) from .env // tip: ⌁ auth for agents [www.vestauth.com]
2026-06-08 03:38:19: ◇ injected env (0) from .env // tip: ◈ secrets for agents [www.dotenvx.com]
2026-06-08 03:38:25: ◇ injected env (0) from .env // tip: ⌘ enable debugging { debug: true }
2026-06-08 03:38:29: ◇ injected env (0) from .env // tip: ◈ secrets for agents [www.dotenvx.com]
2026-06-08 03:38:35: ◇ injected env (0) from .env // tip: ⌘ multiple files { path: ['.env.local', '.env'] }
2026-06-08 03:38:42: ◇ injected env (0) from .env // tip: ◈ encrypted .env [www.dotenvx.com]
2026-06-08 03:38:46: ◇ injected env (0) from .env // tip: ⌘ enable debugging { debug: true }
2026-06-08 03:38:52: ◇ injected env (0) from .env // tip: ◈ secrets for agents [www.dotenvx.com]
2026-06-08 03:39:00: ◇ injected env (0) from .env // tip: ⌘ custom filepath { path: '/custom/path/.env' }
2026-06-08 03:39:06: ◇ injected env (0) from .env // tip: ⌘ custom filepath { path: '/custom/path/.env' }
2026-06-08 03:39:14: ◇ injected env (0) from .env // tip: ⌘ suppress logs { quiet: true }
2026-06-08 03:39:22: ◇ injected env (0) from .env // tip: ⌘ suppress logs { quiet: true }
2026-06-08 03:39:30: ◇ injected env (0) from .env // tip: ⌘ multiple files { path: ['.env.local', '.env'] }
2026-06-08 03:39:36: ◇ injected env (0) from .env // tip: ⌘ override existing { override: true }
2026-06-08 03:39:45: ◇ injected env (0) from .env // tip: ⌁ auth for agents [www.vestauth.com]
2026-06-08 03:39:54: ◇ injected env (0) from .env // tip: ◈ encrypted .env [www.dotenvx.com]
2026-06-08 03:40:03: ◇ injected env (0) from .env // tip: ⌁ auth for agents [www.vestauth.com]
2026-06-08 03:40:14: ◇ injected env (0) from .env // tip: ⌘ override existing { override: true }
2026-06-08 03:40:22: ◇ injected env (0) from .env // tip: ◈ encrypted .env [www.dotenvx.com]
2026-06-08 03:40:31: ◇ injected env (0) from .env // tip: ⌘ suppress logs { quiet: true }
2026-06-08 03:40:40: ◇ injected env (0) from .env // tip: ⌘ override existing { override: true }
2026-06-08 03:40:48: ◇ injected env (0) from .env // tip: ⌘ override existing { override: true }
2026-06-08 03:40:57: ◇ injected env (0) from .env // tip: ⌘ override existing { override: true }
2026-06-08 03:41:06: ◇ injected env (0) from .env // tip: ⌘ enable debugging { debug: true }
2026-06-08 03:41:15: ◇ injected env (0) from .env // tip: ⌁ auth for agents [www.vestauth.com]
2026-06-08 03:41:23: ◇ injected env (0) from .env // tip: ◈ secrets for agents [www.dotenvx.com]
2026-06-08 03:41:31: ◇ injected env (0) from .env // tip: ⌘ enable debugging { debug: true }
2026-06-08 03:41:39: ◇ injected env (0) from .env // tip: ⌁ auth for agents [www.vestauth.com]
2026-06-08 03:41:47: ◇ injected env (0) from .env // tip: ⌘ multiple files { path: ['.env.local', '.env'] }
2026-06-08 03:41:55: ◇ injected env (0) from .env // tip: ⌘ suppress logs { quiet: true }
2026-06-08 03:42:02: ◇ injected env (0) from .env // tip: ⌘ suppress logs { quiet: true }
2026-06-08 03:42:10: ◇ injected env (0) from .env // tip: ⌘ override existing { override: true }
2026-06-08 03:42:17: ◇ injected env (0) from .env // tip: ⌘ multiple files { path: ['.env.local', '.env'] }
2026-06-08 03:42:24: ◇ injected env (0) from .env // tip: ◈ encrypted .env [www.dotenvx.com]
2026-06-08 03:42:31: ◇ injected env (0) from .env // tip: ⌘ multiple files { path: ['.env.local', '.env'] }
2026-06-08 03:42:38: ◇ injected env (0) from .env // tip: ⌁ auth for agents [www.vestauth.com]
2026-06-08 03:42:44: ◇ injected env (0) from .env // tip: ◈ secrets for agents [www.dotenvx.com]
2026-06-08 03:42:51: ◇ injected env (0) from .env // tip: ◈ encrypted .env [www.dotenvx.com]
2026-06-08 03:42:57: ◇ injected env (0) from .env // tip: ⌘ override existing { override: true }
2026-06-08 03:43:03: ◇ injected env (0) from .env // tip: ⌘ custom filepath { path: '/custom/path/.env' }
2026-06-08 03:43:11: ◇ injected env (0) from .env // tip: ⌘ suppress logs { quiet: true }
2026-06-08 03:43:17: ◇ injected env (0) from .env // tip: ◈ secrets for agents [www.dotenvx.com]
2026-06-08 03:43:24: ◇ injected env (0) from .env // tip: ⌁ auth for agents [www.vestauth.com]
2026-06-08 03:43:31: ◇ injected env (0) from .env // tip: ◈ encrypted .env [www.dotenvx.com]
2026-06-08 03:43:38: ◇ injected env (0) from .env // tip: ⌘ enable debugging { debug: true }
2026-06-08 03:43:45: ◇ injected env (0) from .env // tip: ⌘ enable debugging { debug: true }
2026-06-08 03:43:51: ◇ injected env (0) from .env // tip: ⌘ multiple files { path: ['.env.local', '.env'] }
2026-06-08 03:43:57: ◇ injected env (0) from .env // tip: ⌘ suppress logs { quiet: true }
2026-06-08 03:44:04: ◇ injected env (0) from .env // tip: ⌘ custom filepath { path: '/custom/path/.env' }
2026-06-08 03:44:11: ◇ injected env (0) from .env // tip: ◈ encrypted .env [www.dotenvx.com]
2026-06-08 03:44:18: ◇ injected env (0) from .env // tip: ⌘ override existing { override: true }
2026-06-08 03:44:24: ◇ injected env (0) from .env // tip: ⌘ suppress logs { quiet: true }
2026-06-08 03:44:30: ◇ injected env (0) from .env // tip: ⌘ custom filepath { path: '/custom/path/.env' }
2026-06-08 03:44:37: ◇ injected env (0) from .env // tip: ⌘ enable debugging { debug: true }
2026-06-08 03:44:44: ◇ injected env (0) from .env // tip: ⌘ enable debugging { debug: true }
2026-06-08 03:44:51: ◇ injected env (0) from .env // tip: ⌘ enable debugging { debug: true }
2026-06-08 03:44:57: ◇ injected env (0) from .env // tip: ⌘ suppress logs { quiet: true }
2026-06-08 03:45:04: ◇ injected env (0) from .env // tip: ⌘ suppress logs { quiet: true }
2026-06-08 03:45:11: ◇ injected env (0) from .env // tip: ◈ secrets for agents [www.dotenvx.com]
2026-06-08 03:45:17: ◇ injected env (0) from .env // tip: ⌘ enable debugging { debug: true }
2026-06-08 03:45:23: ◇ injected env (0) from .env // tip: ⌘ custom filepath { path: '/custom/path/.env' }
2026-06-08 03:45:30: ◇ injected env (0) from .env // tip: ◈ secrets for agents [www.dotenvx.com]
2026-06-08 03:45:37: ◇ injected env (0) from .env // tip: ⌁ auth for agents [www.vestauth.com]
2026-06-08 03:45:44: ◇ injected env (0) from .env // tip: ⌘ suppress logs { quiet: true }
2026-06-08 03:45:51: ◇ injected env (0) from .env // tip: ⌘ multiple files { path: ['.env.local', '.env'] }
2026-06-08 03:45:57: ◇ injected env (0) from .env // tip: ⌘ custom filepath { path: '/custom/path/.env' }
2026-06-08 03:46:04: ◇ injected env (0) from .env // tip: ◈ encrypted .env [www.dotenvx.com]
2026-06-08 03:46:11: ◇ injected env (0) from .env // tip: ⌘ custom filepath { path: '/custom/path/.env' }
2026-06-08 03:46:19: ◇ injected env (0) from .env // tip: ⌁ auth for agents [www.vestauth.com]
2026-06-08 03:46:26: ◇ injected env (0) from .env // tip: ⌘ suppress logs { quiet: true }
2026-06-08 03:46:33: ◇ injected env (0) from .env // tip: ⌘ custom filepath { path: '/custom/path/.env' }
2026-06-08 03:46:40: ◇ injected env (0) from .env // tip: ◈ secrets for agents [www.dotenvx.com]
2026-06-08 03:46:46: ◇ injected env (0) from .env // tip: ⌘ custom filepath { path: '/custom/path/.env' }
2026-06-08 03:46:53: ◇ injected env (0) from .env // tip: ⌘ suppress logs { quiet: true }
2026-06-08 03:46:59: ◇ injected env (0) from .env // tip: ◈ secrets for agents [www.dotenvx.com]
2026-06-08 03:47:06: ◇ injected env (0) from .env // tip: ⌁ auth for agents [www.vestauth.com]
2026-06-08 03:47:12: ◇ injected env (0) from .env // tip: ◈ encrypted .env [www.dotenvx.com]
2026-06-08 03:47:19: ◇ injected env (0) from .env // tip: ⌘ custom filepath { path: '/custom/path/.env' }
2026-06-08 03:47:25: ◇ injected env (0) from .env // tip: ◈ encrypted .env [www.dotenvx.com]
2026-06-08 03:47:32: ◇ injected env (0) from .env // tip: ◈ secrets for agents [www.dotenvx.com]
2026-06-08 03:47:38: ◇ injected env (0) from .env // tip: ⌘ suppress logs { quiet: true }
2026-06-08 03:47:45: ◇ injected env (0) from .env // tip: ⌘ multiple files { path: ['.env.local', '.env'] }
2026-06-08 03:47:51: ◇ injected env (0) from .env // tip: ⌘ multiple files { path: ['.env.local', '.env'] }
2026-06-08 03:47:58: ◇ injected env (0) from .env // tip: ⌘ suppress logs { quiet: true }
2026-06-08 03:48:05: ◇ injected env (0) from .env // tip: ◈ encrypted .env [www.dotenvx.com]
2026-06-08 03:48:11: ◇ injected env (0) from .env // tip: ⌘ override existing { override: true }
2026-06-08 03:48:19: ◇ injected env (0) from .env // tip: ⌁ auth for agents [www.vestauth.com]
2026-06-08 03:48:25: ◇ injected env (0) from .env // tip: ⌘ multiple files { path: ['.env.local', '.env'] }
2026-06-08 03:48:32: ◇ injected env (0) from .env // tip: ⌁ auth for agents [www.vestauth.com]
2026-06-08 03:48:38: ◇ injected env (0) from .env // tip: ⌘ enable debugging { debug: true }
2026-06-08 03:48:45: ◇ injected env (0) from .env // tip: ⌘ suppress logs { quiet: true }
2026-06-08 03:48:51: ◇ injected env (0) from .env // tip: ◈ secrets for agents [www.dotenvx.com]
2026-06-08 03:48:58: ◇ injected env (0) from .env // tip: ⌁ auth for agents [www.vestauth.com]
2026-06-08 03:49:04: ◇ injected env (0) from .env // tip: ⌘ enable debugging { debug: true }
2026-06-08 03:49:11: ◇ injected env (0) from .env // tip: ⌘ custom filepath { path: '/custom/path/.env' }
2026-06-08 03:49:17: ◇ injected env (0) from .env // tip: ⌘ custom filepath { path: '/custom/path/.env' }
2026-06-08 03:49:23: ◇ injected env (0) from .env // tip: ⌘ enable debugging { debug: true }
2026-06-08 03:49:30: ◇ injected env (0) from .env // tip: ⌘ custom filepath { path: '/custom/path/.env' }
2026-06-08 03:49:36: ◇ injected env (0) from .env // tip: ◈ secrets for agents [www.dotenvx.com]
2026-06-08 03:49:43: ◇ injected env (0) from .env // tip: ⌘ override existing { override: true }
2026-06-08 03:49:50: ◇ injected env (0) from .env // tip: ⌘ enable debugging { debug: true }
2026-06-08 03:49:56: ◇ injected env (0) from .env // tip: ⌘ suppress logs { quiet: true }
2026-06-08 03:50:03: ◇ injected env (0) from .env // tip: ⌘ enable debugging { debug: true }
2026-06-08 03:50:11: ◇ injected env (0) from .env // tip: ⌘ custom filepath { path: '/custom/path/.env' }
2026-06-08 03:50:18: ◇ injected env (0) from .env // tip: ⌘ custom filepath { path: '/custom/path/.env' }
2026-06-08 03:50:25: ◇ injected env (0) from .env // tip: ⌘ multiple files { path: ['.env.local', '.env'] }
2026-06-08 03:50:31: ◇ injected env (0) from .env // tip: ⌘ override existing { override: true }
2026-06-08 03:50:38: ◇ injected env (0) from .env // tip: ⌘ multiple files { path: ['.env.local', '.env'] }
2026-06-08 03:50:44: ◇ injected env (0) from .env // tip: ⌁ auth for agents [www.vestauth.com]
2026-06-08 03:50:51: ◇ injected env (0) from .env // tip: ◈ secrets for agents [www.dotenvx.com]
2026-06-08 03:50:58: ◇ injected env (0) from .env // tip: ⌘ override existing { override: true }
2026-06-08 03:51:05: ◇ injected env (0) from .env // tip: ⌘ override existing { override: true }
2026-06-08 03:51:12: ◇ injected env (0) from .env // tip: ◈ secrets for agents [www.dotenvx.com]
2026-06-08 03:51:18: ◇ injected env (0) from .env // tip: ◈ encrypted .env [www.dotenvx.com]
2026-06-08 03:51:25: ◇ injected env (0) from .env // tip: ◈ encrypted .env [www.dotenvx.com]
2026-06-08 03:51:31: ◇ injected env (0) from .env // tip: ⌁ auth for agents [www.vestauth.com]
2026-06-08 03:51:38: ◇ injected env (0) from .env // tip: ◈ secrets for agents [www.dotenvx.com]
2026-06-08 03:51:44: ◇ injected env (0) from .env // tip: ⌘ enable debugging { debug: true }
2026-06-08 03:51:51: ◇ injected env (0) from .env // tip: ◈ secrets for agents [www.dotenvx.com]
2026-06-08 03:51:57: ◇ injected env (0) from .env // tip: ◈ secrets for agents [www.dotenvx.com]
2026-06-08 03:52:03: ◇ injected env (0) from .env // tip: ◈ secrets for agents [www.dotenvx.com]
2026-06-08 03:52:10: ◇ injected env (0) from .env // tip: ⌘ suppress logs { quiet: true }
2026-06-08 03:52:16: ◇ injected env (0) from .env // tip: ⌘ custom filepath { path: '/custom/path/.env' }
2026-06-08 03:52:23: ◇ injected env (0) from .env // tip: ◈ secrets for agents [www.dotenvx.com]
2026-06-08 03:52:29: ◇ injected env (0) from .env // tip: ⌘ override existing { override: true }
2026-06-08 03:52:36: ◇ injected env (0) from .env // tip: ⌘ custom filepath { path: '/custom/path/.env' }
2026-06-08 03:52:42: ◇ injected env (0) from .env // tip: ⌘ custom filepath { path: '/custom/path/.env' }
2026-06-08 03:52:49: ◇ injected env (0) from .env // tip: ⌘ suppress logs { quiet: true }
2026-06-08 03:52:55: ◇ injected env (0) from .env // tip: ⌘ suppress logs { quiet: true }
2026-06-08 03:53:02: ◇ injected env (0) from .env // tip: ⌘ override existing { override: true }
2026-06-08 03:53:09: ◇ injected env (0) from .env // tip: ⌘ multiple files { path: ['.env.local', '.env'] }
2026-06-08 03:53:15: ◇ injected env (0) from .env // tip: ◈ encrypted .env [www.dotenvx.com]
2026-06-08 03:53:21: ◇ injected env (0) from .env // tip: ◈ encrypted .env [www.dotenvx.com]
2026-06-08 03:53:28: ◇ injected env (0) from .env // tip: ◈ secrets for agents [www.dotenvx.com]
2026-06-08 03:53:34: ◇ injected env (0) from .env // tip: ◈ encrypted .env [www.dotenvx.com]
2026-06-08 03:53:40: ◇ injected env (0) from .env // tip: ⌘ multiple files { path: ['.env.local', '.env'] }
2026-06-08 03:53:47: ◇ injected env (0) from .env // tip: ⌘ custom filepath { path: '/custom/path/.env' }
2026-06-08 03:53:54: ◇ injected env (0) from .env // tip: ◈ encrypted .env [www.dotenvx.com]
2026-06-08 03:54:00: ◇ injected env (0) from .env // tip: ⌘ multiple files { path: ['.env.local', '.env'] }
2026-06-08 03:54:06: ◇ injected env (0) from .env // tip: ◈ encrypted .env [www.dotenvx.com]
2026-06-08 03:54:13: ◇ injected env (0) from .env // tip: ⌘ suppress logs { quiet: true }
2026-06-08 03:54:19: ◇ injected env (0) from .env // tip: ⌘ enable debugging { debug: true }
2026-06-08 03:54:26: ◇ injected env (0) from .env // tip: ⌁ auth for agents [www.vestauth.com]
2026-06-08 03:54:32: ◇ injected env (0) from .env // tip: ◈ encrypted .env [www.dotenvx.com]
2026-06-08 03:54:39: ◇ injected env (0) from .env // tip: ⌘ custom filepath { path: '/custom/path/.env' }
2026-06-08 03:54:46: ◇ injected env (0) from .env // tip: ⌘ suppress logs { quiet: true }
2026-06-08 03:54:52: ◇ injected env (0) from .env // tip: ◈ secrets for agents [www.dotenvx.com]
2026-06-08 03:54:58: ◇ injected env (0) from .env // tip: ⌘ suppress logs { quiet: true }
2026-06-08 03:55:05: ◇ injected env (0) from .env // tip: ⌘ enable debugging { debug: true }
2026-06-08 03:55:12: ◇ injected env (0) from .env // tip: ⌘ custom filepath { path: '/custom/path/.env' }
2026-06-08 03:55:18: ◇ injected env (0) from .env // tip: ⌘ override existing { override: true }
2026-06-08 03:55:24: ◇ injected env (0) from .env // tip: ⌁ auth for agents [www.vestauth.com]
2026-06-08 03:55:31: ◇ injected env (0) from .env // tip: ⌘ custom filepath { path: '/custom/path/.env' }
2026-06-08 03:55:37: ◇ injected env (0) from .env // tip: ⌘ multiple files { path: ['.env.local', '.env'] }
2026-06-08 03:55:44: ◇ injected env (0) from .env // tip: ⌘ enable debugging { debug: true }
2026-06-08 03:55:51: ◇ injected env (0) from .env // tip: ⌘ override existing { override: true }
2026-06-08 03:55:57: ◇ injected env (0) from .env // tip: ◈ encrypted .env [www.dotenvx.com]
2026-06-08 03:56:04: ◇ injected env (0) from .env // tip: ⌘ suppress logs { quiet: true }
2026-06-08 03:56:10: ◇ injected env (0) from .env // tip: ⌘ multiple files { path: ['.env.local', '.env'] }
2026-06-08 03:56:17: ◇ injected env (0) from .env // tip: ⌘ suppress logs { quiet: true }
2026-06-08 03:56:23: ◇ injected env (0) from .env // tip: ⌘ enable debugging { debug: true }
2026-06-08 03:56:30: ◇ injected env (0) from .env // tip: ⌘ override existing { override: true }
2026-06-08 03:56:36: ◇ injected env (0) from .env // tip: ⌘ override existing { override: true }
2026-06-08 03:56:43: ◇ injected env (0) from .env // tip: ⌘ multiple files { path: ['.env.local', '.env'] }
2026-06-08 03:56:49: ◇ injected env (0) from .env // tip: ⌘ override existing { override: true }
2026-06-08 03:56:55: ◇ injected env (0) from .env // tip: ⌘ suppress logs { quiet: true }
2026-06-08 03:57:02: ◇ injected env (0) from .env // tip: ⌘ custom filepath { path: '/custom/path/.env' }
2026-06-08 03:57:08: ◇ injected env (0) from .env // tip: ◈ encrypted .env [www.dotenvx.com]
2026-06-08 03:57:15: ◇ injected env (0) from .env // tip: ⌘ multiple files { path: ['.env.local', '.env'] }
2026-06-08 03:57:21: ◇ injected env (0) from .env // tip: ⌘ override existing { override: true }
2026-06-08 03:57:28: ◇ injected env (0) from .env // tip: ⌘ multiple files { path: ['.env.local', '.env'] }
2026-06-08 03:57:34: ◇ injected env (0) from .env // tip: ⌁ auth for agents [www.vestauth.com]
2026-06-08 03:57:40: ◇ injected env (0) from .env // tip: ⌘ enable debugging { debug: true }
2026-06-08 03:57:47: ◇ injected env (0) from .env // tip: ⌘ suppress logs { quiet: true }
2026-06-08 03:57:53: ◇ injected env (0) from .env // tip: ⌘ override existing { override: true }
2026-06-08 03:57:59: ◇ injected env (0) from .env // tip: ⌘ enable debugging { debug: true }
2026-06-08 03:58:06: ◇ injected env (0) from .env // tip: ⌘ enable debugging { debug: true }
2026-06-08 03:58:12: ◇ injected env (0) from .env // tip: ⌘ custom filepath { path: '/custom/path/.env' }
2026-06-08 03:58:19: ◇ injected env (0) from .env // tip: ⌘ override existing { override: true }
2026-06-08 03:58:25: ◇ injected env (0) from .env // tip: ◈ encrypted .env [www.dotenvx.com]
2026-06-08 03:58:32: ◇ injected env (0) from .env // tip: ⌘ override existing { override: true }
2026-06-08 03:58:38: ◇ injected env (0) from .env // tip: ⌘ override existing { override: true }
2026-06-08 03:58:45: ◇ injected env (0) from .env // tip: ⌘ custom filepath { path: '/custom/path/.env' }
2026-06-08 03:58:51: ◇ injected env (0) from .env // tip: ◈ secrets for agents [www.dotenvx.com]
2026-06-08 03:58:58: ◇ injected env (0) from .env // tip: ⌘ custom filepath { path: '/custom/path/.env' }
2026-06-08 03:59:04: ◇ injected env (0) from .env // tip: ◈ secrets for agents [www.dotenvx.com]
2026-06-08 03:59:11: ◇ injected env (0) from .env // tip: ◈ encrypted .env [www.dotenvx.com]
2026-06-08 03:59:17: ◇ injected env (0) from .env // tip: ⌁ auth for agents [www.vestauth.com]
2026-06-08 03:59:24: ◇ injected env (0) from .env // tip: ◈ secrets for agents [www.dotenvx.com]
2026-06-08 03:59:30: ◇ injected env (0) from .env // tip: ⌘ custom filepath { path: '/custom/path/.env' }
2026-06-08 03:59:36: ◇ injected env (0) from .env // tip: ⌘ override existing { override: true }
2026-06-08 03:59:43: ◇ injected env (0) from .env // tip: ⌘ multiple files { path: ['.env.local', '.env'] }
2026-06-08 03:59:49: ◇ injected env (0) from .env // tip: ⌘ override existing { override: true }
2026-06-08 03:59:55: ◇ injected env (0) from .env // tip: ◈ encrypted .env [www.dotenvx.com]
2026-06-08 04:00:02: ◇ injected env (0) from .env // tip: ⌘ override existing { override: true }
2026-06-08 04:00:08: ◇ injected env (0) from .env // tip: ◈ encrypted .env [www.dotenvx.com]
2026-06-08 04:00:15: ◇ injected env (0) from .env // tip: ◈ encrypted .env [www.dotenvx.com]
2026-06-08 04:00:21: ◇ injected env (0) from .env // tip: ⌘ enable debugging { debug: true }
2026-06-08 04:00:27: ◇ injected env (0) from .env // tip: ◈ encrypted .env [www.dotenvx.com]
2026-06-08 04:00:33: ◇ injected env (0) from .env // tip: ⌘ suppress logs { quiet: true }
2026-06-08 04:00:40: ◇ injected env (0) from .env // tip: ◈ secrets for agents [www.dotenvx.com]
2026-06-08 04:00:47: ◇ injected env (0) from .env // tip: ⌘ suppress logs { quiet: true }
2026-06-08 04:00:53: ◇ injected env (0) from .env // tip: ◈ encrypted .env [www.dotenvx.com]
2026-06-08 04:00:59: ◇ injected env (0) from .env // tip: ⌘ custom filepath { path: '/custom/path/.env' }
2026-06-08 04:01:05: ◇ injected env (0) from .env // tip: ⌘ override existing { override: true }
2026-06-08 04:01:12: ◇ injected env (0) from .env // tip: ⌘ override existing { override: true }
2026-06-08 04:01:19: ◇ injected env (0) from .env // tip: ◈ encrypted .env [www.dotenvx.com]
2026-06-08 04:01:25: ◇ injected env (0) from .env // tip: ◈ encrypted .env [www.dotenvx.com]
2026-06-08 04:01:32: ◇ injected env (0) from .env // tip: ⌘ override existing { override: true }
2026-06-08 04:01:38: ◇ injected env (0) from .env // tip: ⌘ suppress logs { quiet: true }
2026-06-08 04:01:45: ◇ injected env (0) from .env // tip: ⌘ enable debugging { debug: true }
2026-06-08 04:01:51: ◇ injected env (0) from .env // tip: ⌁ auth for agents [www.vestauth.com]
2026-06-08 04:01:58: ◇ injected env (0) from .env // tip: ⌘ enable debugging { debug: true }
2026-06-08 04:02:04: ◇ injected env (0) from .env // tip: ◈ encrypted .env [www.dotenvx.com]
2026-06-08 04:02:11: ◇ injected env (0) from .env // tip: ⌘ multiple files { path: ['.env.local', '.env'] }
2026-06-08 04:02:18: ◇ injected env (0) from .env // tip: ⌘ suppress logs { quiet: true }
2026-06-08 04:02:24: ◇ injected env (0) from .env // tip: ⌘ multiple files { path: ['.env.local', '.env'] }
2026-06-08 04:02:30: ◇ injected env (0) from .env // tip: ◈ encrypted .env [www.dotenvx.com]
2026-06-08 04:02:37: ◇ injected env (0) from .env // tip: ⌁ auth for agents [www.vestauth.com]
2026-06-08 04:02:43: ◇ injected env (0) from .env // tip: ⌘ override existing { override: true }
2026-06-08 04:02:50: ◇ injected env (0) from .env // tip: ⌘ multiple files { path: ['.env.local', '.env'] }
2026-06-08 04:02:56: ◇ injected env (0) from .env // tip: ⌘ custom filepath { path: '/custom/path/.env' }
2026-06-08 04:03:02: ◇ injected env (0) from .env // tip: ⌘ custom filepath { path: '/custom/path/.env' }
2026-06-08 04:03:09: ◇ injected env (0) from .env // tip: ⌘ enable debugging { debug: true }
2026-06-08 04:03:15: ◇ injected env (0) from .env // tip: ⌘ override existing { override: true }
2026-06-08 04:03:22: ◇ injected env (0) from .env // tip: ⌁ auth for agents [www.vestauth.com]
2026-06-08 04:03:28: ◇ injected env (0) from .env // tip: ⌁ auth for agents [www.vestauth.com]
2026-06-08 04:03:35: ◇ injected env (0) from .env // tip: ⌁ auth for agents [www.vestauth.com]
2026-06-08 04:03:42: ◇ injected env (0) from .env // tip: ⌘ custom filepath { path: '/custom/path/.env' }
2026-06-08 04:03:48: ◇ injected env (0) from .env // tip: ⌘ enable debugging { debug: true }
2026-06-08 04:03:55: ◇ injected env (0) from .env // tip: ⌘ custom filepath { path: '/custom/path/.env' }
2026-06-08 04:04:01: ◇ injected env (0) from .env // tip: ◈ secrets for agents [www.dotenvx.com]
2026-06-08 04:04:08: ◇ injected env (0) from .env // tip: ◈ secrets for agents [www.dotenvx.com]
2026-06-08 04:04:15: ◇ injected env (0) from .env // tip: ⌘ enable debugging { debug: true }
2026-06-08 04:04:21: ◇ injected env (0) from .env // tip: ⌘ enable debugging { debug: true }
2026-06-08 04:04:28: ◇ injected env (0) from .env // tip: ⌘ suppress logs { quiet: true }
2026-06-08 04:04:35: ◇ injected env (0) from .env // tip: ⌘ multiple files { path: ['.env.local', '.env'] }
2026-06-08 04:04:42: ◇ injected env (0) from .env // tip: ◈ encrypted .env [www.dotenvx.com]
2026-06-08 04:04:48: ◇ injected env (0) from .env // tip: ⌘ custom filepath { path: '/custom/path/.env' }
2026-06-08 04:04:54: ◇ injected env (0) from .env // tip: ⌘ custom filepath { path: '/custom/path/.env' }
2026-06-08 04:05:00: ◇ injected env (0) from .env // tip: ◈ secrets for agents [www.dotenvx.com]
2026-06-08 04:05:07: ◇ injected env (0) from .env // tip: ⌘ override existing { override: true }
2026-06-08 04:05:13: ◇ injected env (0) from .env // tip: ⌁ auth for agents [www.vestauth.com]
2026-06-08 04:05:20: ◇ injected env (0) from .env // tip: ⌘ custom filepath { path: '/custom/path/.env' }
2026-06-08 04:05:27: ◇ injected env (0) from .env // tip: ⌁ auth for agents [www.vestauth.com]
2026-06-08 04:05:33: ◇ injected env (0) from .env // tip: ⌘ custom filepath { path: '/custom/path/.env' }
2026-06-08 04:05:40: ◇ injected env (0) from .env // tip: ⌘ custom filepath { path: '/custom/path/.env' }
2026-06-08 04:05:46: ◇ injected env (0) from .env // tip: ⌁ auth for agents [www.vestauth.com]
2026-06-08 04:05:53: ◇ injected env (0) from .env // tip: ⌁ auth for agents [www.vestauth.com]
2026-06-08 04:05:59: ◇ injected env (0) from .env // tip: ⌘ multiple files { path: ['.env.local', '.env'] }
2026-06-08 04:06:05: ◇ injected env (0) from .env // tip: ◈ encrypted .env [www.dotenvx.com]
2026-06-08 04:06:12: ◇ injected env (0) from .env // tip: ⌘ override existing { override: true }
2026-06-08 04:06:19: ◇ injected env (0) from .env // tip: ⌘ enable debugging { debug: true }
2026-06-08 04:06:25: ◇ injected env (0) from .env // tip: ⌁ auth for agents [www.vestauth.com]
2026-06-08 04:06:31: ◇ injected env (0) from .env // tip: ⌁ auth for agents [www.vestauth.com]
2026-06-08 04:06:38: ◇ injected env (0) from .env // tip: ⌘ multiple files { path: ['.env.local', '.env'] }
2026-06-08 04:06:44: ◇ injected env (0) from .env // tip: ⌘ custom filepath { path: '/custom/path/.env' }
2026-06-08 04:06:50: ◇ injected env (0) from .env // tip: ⌘ multiple files { path: ['.env.local', '.env'] }
2026-06-08 04:06:57: ◇ injected env (0) from .env // tip: ⌘ enable debugging { debug: true }
2026-06-08 04:07:03: ◇ injected env (0) from .env // tip: ◈ secrets for agents [www.dotenvx.com]
2026-06-08 04:07:10: ◇ injected env (0) from .env // tip: ◈ encrypted .env [www.dotenvx.com]
2026-06-08 04:07:16: ◇ injected env (0) from .env // tip: ⌘ suppress logs { quiet: true }
2026-06-08 04:07:22: ◇ injected env (0) from .env // tip: ⌘ multiple files { path: ['.env.local', '.env'] }
2026-06-08 04:07:29: ◇ injected env (0) from .env // tip: ⌘ custom filepath { path: '/custom/path/.env' }
2026-06-08 04:07:35: ◇ injected env (0) from .env // tip: ◈ secrets for agents [www.dotenvx.com]
2026-06-08 04:07:42: ◇ injected env (0) from .env // tip: ⌁ auth for agents [www.vestauth.com]
2026-06-08 04:07:48: ◇ injected env (0) from .env // tip: ⌘ suppress logs { quiet: true }
2026-06-08 04:07:55: ◇ injected env (0) from .env // tip: ⌘ enable debugging { debug: true }
2026-06-08 04:08:01: ◇ injected env (0) from .env // tip: ⌘ multiple files { path: ['.env.local', '.env'] }
2026-06-08 04:08:08: ◇ injected env (0) from .env // tip: ◈ encrypted .env [www.dotenvx.com]
2026-06-08 04:08:14: ◇ injected env (0) from .env // tip: ⌘ override existing { override: true }
2026-06-08 04:08:21: ◇ injected env (0) from .env // tip: ⌘ suppress logs { quiet: true }
2026-06-08 04:08:27: ◇ injected env (0) from .env // tip: ⌘ custom filepath { path: '/custom/path/.env' }
2026-06-08 04:08:33: ◇ injected env (0) from .env // tip: ⌘ multiple files { path: ['.env.local', '.env'] }
2026-06-08 04:08:40: ◇ injected env (0) from .env // tip: ⌘ multiple files { path: ['.env.local', '.env'] }
2026-06-08 04:08:47: ◇ injected env (0) from .env // tip: ⌘ custom filepath { path: '/custom/path/.env' }
2026-06-08 04:08:53: ◇ injected env (0) from .env // tip: ◈ secrets for agents [www.dotenvx.com]
2026-06-08 04:09:00: ◇ injected env (0) from .env // tip: ⌁ auth for agents [www.vestauth.com]
2026-06-08 04:09:06: ◇ injected env (0) from .env // tip: ⌘ enable debugging { debug: true }
2026-06-08 04:09:13: ◇ injected env (0) from .env // tip: ⌘ multiple files { path: ['.env.local', '.env'] }
2026-06-08 04:09:19: ◇ injected env (0) from .env // tip: ◈ secrets for agents [www.dotenvx.com]
2026-06-08 04:09:26: ◇ injected env (0) from .env // tip: ⌁ auth for agents [www.vestauth.com]
2026-06-08 04:09:32: ◇ injected env (0) from .env // tip: ⌘ custom filepath { path: '/custom/path/.env' }
2026-06-08 04:09:39: ◇ injected env (0) from .env // tip: ⌘ custom filepath { path: '/custom/path/.env' }
2026-06-08 04:09:45: ◇ injected env (0) from .env // tip: ⌘ custom filepath { path: '/custom/path/.env' }
2026-06-08 04:09:52: ◇ injected env (0) from .env // tip: ⌘ suppress logs { quiet: true }
2026-06-08 04:09:58: ◇ injected env (0) from .env // tip: ⌁ auth for agents [www.vestauth.com]
2026-06-08 04:10:05: ◇ injected env (0) from .env // tip: ⌘ enable debugging { debug: true }
2026-06-08 04:10:11: ◇ injected env (0) from .env // tip: ⌘ override existing { override: true }
2026-06-08 04:10:18: ◇ injected env (0) from .env // tip: ⌘ override existing { override: true }
2026-06-08 04:10:25: ◇ injected env (0) from .env // tip: ⌘ multiple files { path: ['.env.local', '.env'] }
2026-06-08 04:10:31: ◇ injected env (0) from .env // tip: ⌘ enable debugging { debug: true }
2026-06-08 04:10:37: ◇ injected env (0) from .env // tip: ◈ secrets for agents [www.dotenvx.com]
2026-06-08 04:10:44: ◇ injected env (0) from .env // tip: ⌘ enable debugging { debug: true }
2026-06-08 04:10:50: ◇ injected env (0) from .env // tip: ⌘ multiple files { path: ['.env.local', '.env'] }
2026-06-08 04:10:57: ◇ injected env (0) from .env // tip: ⌘ suppress logs { quiet: true }
2026-06-08 04:11:03: ◇ injected env (0) from .env // tip: ◈ encrypted .env [www.dotenvx.com]
2026-06-08 04:11:11: ◇ injected env (0) from .env // tip: ⌘ suppress logs { quiet: true }
2026-06-08 04:11:17: ◇ injected env (0) from .env // tip: ⌘ multiple files { path: ['.env.local', '.env'] }
2026-06-08 04:11:23: ◇ injected env (0) from .env // tip: ⌁ auth for agents [www.vestauth.com]
2026-06-08 04:11:29: ◇ injected env (0) from .env // tip: ⌘ multiple files { path: ['.env.local', '.env'] }
2026-06-08 04:11:36: ◇ injected env (0) from .env // tip: ◈ encrypted .env [www.dotenvx.com]
2026-06-08 04:11:43: ◇ injected env (0) from .env // tip: ⌘ enable debugging { debug: true }
2026-06-08 04:11:49: ◇ injected env (0) from .env // tip: ⌘ custom filepath { path: '/custom/path/.env' }
2026-06-08 04:11:56: ◇ injected env (0) from .env // tip: ◈ secrets for agents [www.dotenvx.com]
2026-06-08 04:12:02: ◇ injected env (0) from .env // tip: ◈ secrets for agents [www.dotenvx.com]
2026-06-08 04:12:09: ◇ injected env (0) from .env // tip: ⌘ override existing { override: true }
2026-06-08 04:12:15: ◇ injected env (0) from .env // tip: ⌘ custom filepath { path: '/custom/path/.env' }
2026-06-08 04:12:21: ◇ injected env (0) from .env // tip: ⌘ multiple files { path: ['.env.local', '.env'] }
2026-06-08 04:12:28: ◇ injected env (0) from .env // tip: ⌁ auth for agents [www.vestauth.com]
2026-06-08 04:12:34: ◇ injected env (0) from .env // tip: ⌘ enable debugging { debug: true }
2026-06-08 04:12:41: ◇ injected env (0) from .env // tip: ⌘ override existing { override: true }
2026-06-08 04:12:47: ◇ injected env (0) from .env // tip: ⌘ multiple files { path: ['.env.local', '.env'] }
2026-06-08 04:12:53: ◇ injected env (0) from .env // tip: ◈ secrets for agents [www.dotenvx.com]
2026-06-08 04:13:00: ◇ injected env (0) from .env // tip: ⌘ suppress logs { quiet: true }
2026-06-08 04:13:06: ◇ injected env (0) from .env // tip: ◈ secrets for agents [www.dotenvx.com]
2026-06-08 04:13:13: ◇ injected env (0) from .env // tip: ◈ secrets for agents [www.dotenvx.com]
2026-06-08 04:13:19: ◇ injected env (0) from .env // tip: ⌘ custom filepath { path: '/custom/path/.env' }
2026-06-08 04:13:26: ◇ injected env (0) from .env // tip: ⌘ suppress logs { quiet: true }
2026-06-08 04:13:32: ◇ injected env (0) from .env // tip: ⌘ enable debugging { debug: true }
2026-06-08 04:13:39: ◇ injected env (0) from .env // tip: ⌘ override existing { override: true }
2026-06-08 04:13:45: ◇ injected env (0) from .env // tip: ⌘ custom filepath { path: '/custom/path/.env' }
2026-06-08 04:13:52: ◇ injected env (0) from .env // tip: ⌘ override existing { override: true }
2026-06-08 04:13:58: ◇ injected env (0) from .env // tip: ⌘ enable debugging { debug: true }
2026-06-08 04:14:05: ◇ injected env (0) from .env // tip: ⌘ multiple files { path: ['.env.local', '.env'] }
2026-06-08 04:14:11: ◇ injected env (0) from .env // tip: ◈ encrypted .env [www.dotenvx.com]
2026-06-08 04:14:18: ◇ injected env (0) from .env // tip: ⌘ override existing { override: true }
2026-06-08 04:14:24: ◇ injected env (0) from .env // tip: ⌘ multiple files { path: ['.env.local', '.env'] }
2026-06-08 04:14:31: ◇ injected env (0) from .env // tip: ⌁ auth for agents [www.vestauth.com]
2026-06-08 04:14:37: ◇ injected env (0) from .env // tip: ⌁ auth for agents [www.vestauth.com]
2026-06-08 04:14:44: ◇ injected env (0) from .env // tip: ⌘ override existing { override: true }
2026-06-08 04:14:50: ◇ injected env (0) from .env // tip: ◈ encrypted .env [www.dotenvx.com]
2026-06-08 04:14:57: ◇ injected env (0) from .env // tip: ⌘ custom filepath { path: '/custom/path/.env' }
2026-06-08 04:15:04: ◇ injected env (0) from .env // tip: ◈ encrypted .env [www.dotenvx.com]
2026-06-08 04:15:11: ◇ injected env (0) from .env // tip: ⌁ auth for agents [www.vestauth.com]
2026-06-08 04:15:17: ◇ injected env (0) from .env // tip: ⌘ multiple files { path: ['.env.local', '.env'] }
2026-06-08 04:15:24: ◇ injected env (0) from .env // tip: ◈ encrypted .env [www.dotenvx.com]
2026-06-08 04:15:30: ◇ injected env (0) from .env // tip: ⌘ multiple files { path: ['.env.local', '.env'] }
2026-06-08 04:15:36: ◇ injected env (0) from .env // tip: ⌘ custom filepath { path: '/custom/path/.env' }
2026-06-08 04:15:43: ◇ injected env (0) from .env // tip: ⌘ custom filepath { path: '/custom/path/.env' }
2026-06-08 04:15:49: ◇ injected env (0) from .env // tip: ◈ secrets for agents [www.dotenvx.com]
2026-06-08 04:15:55: ◇ injected env (0) from .env // tip: ◈ encrypted .env [www.dotenvx.com]
2026-06-08 04:16:01: ◇ injected env (0) from .env // tip: ◈ secrets for agents [www.dotenvx.com]
2026-06-08 04:16:07: ◇ injected env (0) from .env // tip: ◈ encrypted .env [www.dotenvx.com]
2026-06-08 04:16:14: ◇ injected env (0) from .env // tip: ⌘ override existing { override: true }
2026-06-08 04:16:20: ◇ injected env (0) from .env // tip: ⌘ custom filepath { path: '/custom/path/.env' }
2026-06-08 04:16:26: ◇ injected env (0) from .env // tip: ⌘ suppress logs { quiet: true }
2026-06-08 04:16:33: ◇ injected env (0) from .env // tip: ⌘ custom filepath { path: '/custom/path/.env' }
2026-06-08 04:16:39: ◇ injected env (0) from .env // tip: ⌘ override existing { override: true }
2026-06-08 04:16:46: ◇ injected env (0) from .env // tip: ◈ secrets for agents [www.dotenvx.com]
2026-06-08 04:16:52: ◇ injected env (0) from .env // tip: ⌘ custom filepath { path: '/custom/path/.env' }
2026-06-08 04:16:58: ◇ injected env (0) from .env // tip: ⌘ custom filepath { path: '/custom/path/.env' }
2026-06-08 04:17:04: ◇ injected env (0) from .env // tip: ⌁ auth for agents [www.vestauth.com]
2026-06-08 04:17:11: ◇ injected env (0) from .env // tip: ◈ secrets for agents [www.dotenvx.com]
2026-06-08 04:17:17: ◇ injected env (0) from .env // tip: ⌘ multiple files { path: ['.env.local', '.env'] }
2026-06-08 04:17:23: ◇ injected env (0) from .env // tip: ⌘ multiple files { path: ['.env.local', '.env'] }
2026-06-08 04:17:30: ◇ injected env (0) from .env // tip: ◈ secrets for agents [www.dotenvx.com]
2026-06-08 04:17:36: ◇ injected env (0) from .env // tip: ◈ secrets for agents [www.dotenvx.com]
2026-06-08 04:17:43: ◇ injected env (0) from .env // tip: ⌘ override existing { override: true }
2026-06-08 04:17:49: ◇ injected env (0) from .env // tip: ⌘ enable debugging { debug: true }
2026-06-08 04:17:55: ◇ injected env (0) from .env // tip: ⌘ override existing { override: true }
2026-06-08 04:18:01: ◇ injected env (0) from .env // tip: ⌘ enable debugging { debug: true }
2026-06-08 04:18:08: ◇ injected env (0) from .env // tip: ⌁ auth for agents [www.vestauth.com]
2026-06-08 04:18:14: ◇ injected env (0) from .env // tip: ⌘ override existing { override: true }
2026-06-08 04:18:20: ◇ injected env (0) from .env // tip: ◈ secrets for agents [www.dotenvx.com]
2026-06-08 04:18:27: ◇ injected env (0) from .env // tip: ◈ encrypted .env [www.dotenvx.com]
2026-06-08 04:18:33: ◇ injected env (0) from .env // tip: ⌁ auth for agents [www.vestauth.com]
2026-06-08 04:18:40: ◇ injected env (0) from .env // tip: ⌘ multiple files { path: ['.env.local', '.env'] }
2026-06-08 04:18:46: ◇ injected env (0) from .env // tip: ⌘ multiple files { path: ['.env.local', '.env'] }
2026-06-08 04:18:53: ◇ injected env (0) from .env // tip: ⌘ multiple files { path: ['.env.local', '.env'] }
2026-06-08 04:18:59: ◇ injected env (0) from .env // tip: ⌘ custom filepath { path: '/custom/path/.env' }
2026-06-08 04:19:05: ◇ injected env (0) from .env // tip: ⌁ auth for agents [www.vestauth.com]
2026-06-08 04:19:12: ◇ injected env (0) from .env // tip: ⌁ auth for agents [www.vestauth.com]
2026-06-08 04:19:18: ◇ injected env (0) from .env // tip: ◈ encrypted .env [www.dotenvx.com]
2026-06-08 04:19:25: ◇ injected env (0) from .env // tip: ⌘ override existing { override: true }
2026-06-08 04:19:31: ◇ injected env (0) from .env // tip: ⌘ multiple files { path: ['.env.local', '.env'] }
2026-06-08 04:19:37: ◇ injected env (0) from .env // tip: ◈ secrets for agents [www.dotenvx.com]
2026-06-08 04:19:44: ◇ injected env (0) from .env // tip: ◈ secrets for agents [www.dotenvx.com]
2026-06-08 04:19:50: ◇ injected env (0) from .env // tip: ◈ secrets for agents [www.dotenvx.com]
2026-06-08 04:19:57: ◇ injected env (0) from .env // tip: ⌘ override existing { override: true }
2026-06-08 04:20:03: ◇ injected env (0) from .env // tip: ⌘ override existing { override: true }
2026-06-08 04:20:10: ◇ injected env (0) from .env // tip: ⌘ enable debugging { debug: true }
2026-06-08 04:20:16: ◇ injected env (0) from .env // tip: ⌘ enable debugging { debug: true }
2026-06-08 04:20:22: ◇ injected env (0) from .env // tip: ⌘ suppress logs { quiet: true }
2026-06-08 04:20:28: ◇ injected env (0) from .env // tip: ⌘ multiple files { path: ['.env.local', '.env'] }
2026-06-08 04:20:34: ◇ injected env (0) from .env // tip: ⌘ multiple files { path: ['.env.local', '.env'] }
2026-06-08 04:20:41: ◇ injected env (0) from .env // tip: ⌁ auth for agents [www.vestauth.com]
2026-06-08 04:20:48: ◇ injected env (0) from .env // tip: ⌘ custom filepath { path: '/custom/path/.env' }
2026-06-08 04:20:54: ◇ injected env (0) from .env // tip: ◈ encrypted .env [www.dotenvx.com]
2026-06-08 04:21:01: ◇ injected env (0) from .env // tip: ⌁ auth for agents [www.vestauth.com]
2026-06-08 04:21:07: ◇ injected env (0) from .env // tip: ⌁ auth for agents [www.vestauth.com]
2026-06-08 04:21:15: ◇ injected env (0) from .env // tip: ⌘ multiple files { path: ['.env.local', '.env'] }
2026-06-08 04:21:21: ◇ injected env (0) from .env // tip: ⌘ suppress logs { quiet: true }
2026-06-08 04:21:28: ◇ injected env (0) from .env // tip: ⌘ suppress logs { quiet: true }
2026-06-08 04:21:34: ◇ injected env (0) from .env // tip: ⌘ enable debugging { debug: true }
2026-06-08 04:21:41: ◇ injected env (0) from .env // tip: ⌘ enable debugging { debug: true }
2026-06-08 04:21:48: ◇ injected env (0) from .env // tip: ◈ secrets for agents [www.dotenvx.com]
2026-06-08 04:21:55: ◇ injected env (0) from .env // tip: ⌘ enable debugging { debug: true }
2026-06-08 04:22:03: ◇ injected env (0) from .env // tip: ⌘ override existing { override: true }
2026-06-08 04:22:10: ◇ injected env (0) from .env // tip: ⌁ auth for agents [www.vestauth.com]
2026-06-08 04:22:18: ◇ injected env (0) from .env // tip: ⌘ override existing { override: true }
2026-06-08 04:22:26: ◇ injected env (0) from .env // tip: ⌁ auth for agents [www.vestauth.com]
2026-06-08 04:22:33: ◇ injected env (0) from .env // tip: ⌘ suppress logs { quiet: true }
2026-06-08 04:22:41: ◇ injected env (0) from .env // tip: ⌘ multiple files { path: ['.env.local', '.env'] }
2026-06-08 04:22:48: ◇ injected env (0) from .env // tip: ◈ encrypted .env [www.dotenvx.com]
2026-06-08 04:22:56: ◇ injected env (0) from .env // tip: ⌘ multiple files { path: ['.env.local', '.env'] }
2026-06-08 04:23:04: ◇ injected env (0) from .env // tip: ⌁ auth for agents [www.vestauth.com]
2026-06-08 04:23:11: ◇ injected env (0) from .env // tip: ⌘ override existing { override: true }
2026-06-08 04:23:18: ◇ injected env (0) from .env // tip: ◈ secrets for agents [www.dotenvx.com]
2026-06-08 04:23:26: ◇ injected env (0) from .env // tip: ◈ encrypted .env [www.dotenvx.com]
2026-06-08 04:23:34: ◇ injected env (0) from .env // tip: ⌘ custom filepath { path: '/custom/path/.env' }
