2026-06-08 02:05:48: ◇ injected env (0) from .env // tip: ⌘ multiple files { path: ['.env.local', '.env'] }
2026-06-08 02:05:52: ◇ injected env (0) from .env // tip: ◈ secrets for agents [www.dotenvx.com]
2026-06-08 02:05:56: ◇ injected env (0) from .env // tip: ◈ encrypted .env [www.dotenvx.com]
2026-06-08 02:06:00: ◇ injected env (0) from .env // tip: ◈ encrypted .env [www.dotenvx.com]
2026-06-08 02:06:06: ◇ injected env (0) from .env // tip: ⌘ multiple files { path: ['.env.local', '.env'] }
2026-06-08 02:06:12: ◇ injected env (0) from .env // tip: ⌁ auth for agents [www.vestauth.com]
2026-06-08 02:06:18: ◇ injected env (0) from .env // tip: ⌘ suppress logs { quiet: true }
2026-06-08 02:06:23: ◇ injected env (0) from .env // tip: ⌘ override existing { override: true }
2026-06-08 02:06:28: ◇ injected env (0) from .env // tip: ⌘ custom filepath { path: '/custom/path/.env' }
2026-06-08 02:06:34: ◇ injected env (0) from .env // tip: ⌘ multiple files { path: ['.env.local', '.env'] }
2026-06-08 02:06:40: ◇ injected env (0) from .env // tip: ◈ secrets for agents [www.dotenvx.com]
2026-06-08 02:06:46: ◇ injected env (0) from .env // tip: ◈ secrets for agents [www.dotenvx.com]
2026-06-08 02:06:51: ◇ injected env (0) from .env // tip: ⌘ multiple files { path: ['.env.local', '.env'] }
2026-06-08 02:06:57: ◇ injected env (0) from .env // tip: ◈ secrets for agents [www.dotenvx.com]
2026-06-08 02:07:03: ◇ injected env (0) from .env // tip: ◈ secrets for agents [www.dotenvx.com]
2026-06-08 02:07:10: ◇ injected env (0) from .env // tip: ⌘ enable debugging { debug: true }
2026-06-08 02:07:16: ◇ injected env (0) from .env // tip: ⌘ custom filepath { path: '/custom/path/.env' }
2026-06-08 02:07:22: ◇ injected env (0) from .env // tip: ⌘ multiple files { path: ['.env.local', '.env'] }
2026-06-08 02:07:27: ◇ injected env (0) from .env // tip: ⌁ auth for agents [www.vestauth.com]
2026-06-08 02:07:32: ◇ injected env (0) from .env // tip: ⌘ override existing { override: true }
2026-06-08 02:07:38: ◇ injected env (0) from .env // tip: ⌘ multiple files { path: ['.env.local', '.env'] }
2026-06-08 02:07:43: ◇ injected env (0) from .env // tip: ⌘ multiple files { path: ['.env.local', '.env'] }
2026-06-08 02:07:48: ◇ injected env (0) from .env // tip: ◈ secrets for agents [www.dotenvx.com]
2026-06-08 02:07:54: ◇ injected env (0) from .env // tip: ⌘ multiple files { path: ['.env.local', '.env'] }
2026-06-08 02:07:59: ◇ injected env (0) from .env // tip: ⌘ enable debugging { debug: true }
2026-06-08 02:08:04: ◇ injected env (0) from .env // tip: ⌘ enable debugging { debug: true }
2026-06-08 02:08:10: ◇ injected env (0) from .env // tip: ◈ secrets for agents [www.dotenvx.com]
2026-06-08 02:08:16: ◇ injected env (0) from .env // tip: ⌘ custom filepath { path: '/custom/path/.env' }
2026-06-08 02:08:23: ◇ injected env (0) from .env // tip: ◈ encrypted .env [www.dotenvx.com]
2026-06-08 02:08:29: ◇ injected env (0) from .env // tip: ⌘ suppress logs { quiet: true }
2026-06-08 02:08:37: ◇ injected env (0) from .env // tip: ⌘ custom filepath { path: '/custom/path/.env' }
2026-06-08 02:08:42: ◇ injected env (0) from .env // tip: ⌁ auth for agents [www.vestauth.com]
2026-06-08 02:08:48: ◇ injected env (0) from .env // tip: ◈ secrets for agents [www.dotenvx.com]
2026-06-08 02:08:54: ◇ injected env (0) from .env // tip: ⌘ multiple files { path: ['.env.local', '.env'] }
2026-06-08 02:09:00: ◇ injected env (0) from .env // tip: ◈ encrypted .env [www.dotenvx.com]
2026-06-08 02:09:06: ◇ injected env (0) from .env // tip: ⌘ enable debugging { debug: true }
2026-06-08 02:09:13: ◇ injected env (0) from .env // tip: ⌘ suppress logs { quiet: true }
2026-06-08 02:09:21: ◇ injected env (0) from .env // tip: ⌘ multiple files { path: ['.env.local', '.env'] }
2026-06-08 02:09:27: ◇ injected env (0) from .env // tip: ⌘ suppress logs { quiet: true }
2026-06-08 02:09:34: ◇ injected env (0) from .env // tip: ⌘ custom filepath { path: '/custom/path/.env' }
2026-06-08 02:09:41: ◇ injected env (0) from .env // tip: ⌁ auth for agents [www.vestauth.com]
2026-06-08 02:09:46: ◇ injected env (0) from .env // tip: ⌘ enable debugging { debug: true }
2026-06-08 02:09:52: ◇ injected env (0) from .env // tip: ⌘ suppress logs { quiet: true }
2026-06-08 02:09:57: ◇ injected env (0) from .env // tip: ⌘ enable debugging { debug: true }
2026-06-08 02:10:03: ◇ injected env (0) from .env // tip: ◈ secrets for agents [www.dotenvx.com]
2026-06-08 02:10:09: ◇ injected env (0) from .env // tip: ⌘ custom filepath { path: '/custom/path/.env' }
2026-06-08 02:10:14: ◇ injected env (0) from .env // tip: ⌘ override existing { override: true }
2026-06-08 02:10:20: ◇ injected env (0) from .env // tip: ⌘ override existing { override: true }
2026-06-08 02:10:25: ◇ injected env (0) from .env // tip: ⌘ override existing { override: true }
2026-06-08 02:10:30: ◇ injected env (0) from .env // tip: ⌘ suppress logs { quiet: true }
2026-06-08 02:10:36: ◇ injected env (0) from .env // tip: ⌘ enable debugging { debug: true }
2026-06-08 02:10:42: ◇ injected env (0) from .env // tip: ◈ encrypted .env [www.dotenvx.com]
2026-06-08 02:10:47: ◇ injected env (0) from .env // tip: ⌘ custom filepath { path: '/custom/path/.env' }
2026-06-08 02:10:52: ◇ injected env (0) from .env // tip: ⌁ auth for agents [www.vestauth.com]
2026-06-08 02:10:58: ◇ injected env (0) from .env // tip: ⌘ enable debugging { debug: true }
2026-06-08 02:11:04: ◇ injected env (0) from .env // tip: ⌘ suppress logs { quiet: true }
2026-06-08 02:11:09: ◇ injected env (0) from .env // tip: ◈ encrypted .env [www.dotenvx.com]
2026-06-08 02:11:15: ◇ injected env (0) from .env // tip: ⌘ multiple files { path: ['.env.local', '.env'] }
2026-06-08 02:11:20: ◇ injected env (0) from .env // tip: ⌁ auth for agents [www.vestauth.com]
2026-06-08 02:11:26: ◇ injected env (0) from .env // tip: ◈ secrets for agents [www.dotenvx.com]
2026-06-08 02:11:32: ◇ injected env (0) from .env // tip: ⌘ override existing { override: true }
2026-06-08 02:11:38: ◇ injected env (0) from .env // tip: ⌘ custom filepath { path: '/custom/path/.env' }
2026-06-08 02:11:44: ◇ injected env (0) from .env // tip: ⌘ override existing { override: true }
2026-06-08 02:11:50: ◇ injected env (0) from .env // tip: ⌘ custom filepath { path: '/custom/path/.env' }
2026-06-08 02:11:56: ◇ injected env (0) from .env // tip: ◈ secrets for agents [www.dotenvx.com]
2026-06-08 02:12:02: ◇ injected env (0) from .env // tip: ⌘ suppress logs { quiet: true }
2026-06-08 02:12:08: ◇ injected env (0) from .env // tip: ◈ encrypted .env [www.dotenvx.com]
2026-06-08 02:12:14: ◇ injected env (0) from .env // tip: ⌘ suppress logs { quiet: true }
2026-06-08 02:12:20: ◇ injected env (0) from .env // tip: ⌘ multiple files { path: ['.env.local', '.env'] }
2026-06-08 02:12:26: ◇ injected env (0) from .env // tip: ⌘ multiple files { path: ['.env.local', '.env'] }
2026-06-08 02:12:31: ◇ injected env (0) from .env // tip: ⌘ multiple files { path: ['.env.local', '.env'] }
2026-06-08 02:12:37: ◇ injected env (0) from .env // tip: ⌁ auth for agents [www.vestauth.com]
2026-06-08 02:12:42: ◇ injected env (0) from .env // tip: ◈ secrets for agents [www.dotenvx.com]
2026-06-08 02:12:48: ◇ injected env (0) from .env // tip: ⌘ custom filepath { path: '/custom/path/.env' }
2026-06-08 02:12:54: ◇ injected env (0) from .env // tip: ⌘ multiple files { path: ['.env.local', '.env'] }
2026-06-08 02:13:01: ◇ injected env (0) from .env // tip: ◈ secrets for agents [www.dotenvx.com]
2026-06-08 02:13:08: ◇ injected env (0) from .env // tip: ⌘ enable debugging { debug: true }
2026-06-08 02:13:14: ◇ injected env (0) from .env // tip: ⌘ suppress logs { quiet: true }
2026-06-08 02:13:21: ◇ injected env (0) from .env // tip: ⌁ auth for agents [www.vestauth.com]
2026-06-08 02:13:27: ◇ injected env (0) from .env // tip: ◈ secrets for agents [www.dotenvx.com]
2026-06-08 02:13:33: ◇ injected env (0) from .env // tip: ⌘ override existing { override: true }
2026-06-08 02:13:40: ◇ injected env (0) from .env // tip: ⌘ suppress logs { quiet: true }
2026-06-08 02:13:47: ◇ injected env (0) from .env // tip: ⌘ suppress logs { quiet: true }
2026-06-08 02:13:53: ◇ injected env (0) from .env // tip: ⌘ multiple files { path: ['.env.local', '.env'] }
2026-06-08 02:14:00: ◇ injected env (0) from .env // tip: ⌘ custom filepath { path: '/custom/path/.env' }
2026-06-08 02:14:06: ◇ injected env (0) from .env // tip: ⌘ custom filepath { path: '/custom/path/.env' }
2026-06-08 02:14:13: ◇ injected env (0) from .env // tip: ⌘ override existing { override: true }
2026-06-08 02:14:19: ◇ injected env (0) from .env // tip: ⌘ override existing { override: true }
2026-06-08 02:14:26: ◇ injected env (0) from .env // tip: ⌘ override existing { override: true }
2026-06-08 02:14:32: ◇ injected env (0) from .env // tip: ⌘ multiple files { path: ['.env.local', '.env'] }
2026-06-08 02:14:40: ◇ injected env (0) from .env // tip: ⌘ custom filepath { path: '/custom/path/.env' }
2026-06-08 02:14:46: ◇ injected env (0) from .env // tip: ⌘ suppress logs { quiet: true }
2026-06-08 02:14:52: ◇ injected env (0) from .env // tip: ⌘ enable debugging { debug: true }
2026-06-08 02:14:59: ◇ injected env (0) from .env // tip: ⌘ multiple files { path: ['.env.local', '.env'] }
2026-06-08 02:15:05: ◇ injected env (0) from .env // tip: ⌘ enable debugging { debug: true }
2026-06-08 02:15:12: ◇ injected env (0) from .env // tip: ⌘ multiple files { path: ['.env.local', '.env'] }
2026-06-08 02:15:18: ◇ injected env (0) from .env // tip: ⌘ custom filepath { path: '/custom/path/.env' }
2026-06-08 02:15:24: ◇ injected env (0) from .env // tip: ⌘ multiple files { path: ['.env.local', '.env'] }
2026-06-08 02:15:31: ◇ injected env (0) from .env // tip: ⌁ auth for agents [www.vestauth.com]
2026-06-08 02:15:38: ◇ injected env (0) from .env // tip: ⌁ auth for agents [www.vestauth.com]
2026-06-08 02:15:45: ◇ injected env (0) from .env // tip: ◈ encrypted .env [www.dotenvx.com]
2026-06-08 02:15:52: ◇ injected env (0) from .env // tip: ◈ secrets for agents [www.dotenvx.com]
2026-06-08 02:15:58: ◇ injected env (0) from .env // tip: ⌘ multiple files { path: ['.env.local', '.env'] }
2026-06-08 02:16:05: ◇ injected env (0) from .env // tip: ⌘ suppress logs { quiet: true }
2026-06-08 02:16:12: ◇ injected env (0) from .env // tip: ⌘ custom filepath { path: '/custom/path/.env' }
2026-06-08 02:16:18: ◇ injected env (0) from .env // tip: ⌘ enable debugging { debug: true }
2026-06-08 02:16:24: ◇ injected env (0) from .env // tip: ◈ secrets for agents [www.dotenvx.com]
2026-06-08 02:16:31: ◇ injected env (0) from .env // tip: ⌘ multiple files { path: ['.env.local', '.env'] }
2026-06-08 02:16:38: ◇ injected env (0) from .env // tip: ◈ secrets for agents [www.dotenvx.com]
2026-06-08 02:16:44: ◇ injected env (0) from .env // tip: ⌘ override existing { override: true }
2026-06-08 02:16:50: ◇ injected env (0) from .env // tip: ⌘ override existing { override: true }
2026-06-08 02:16:57: ◇ injected env (0) from .env // tip: ⌘ enable debugging { debug: true }
2026-06-08 02:17:03: ◇ injected env (0) from .env // tip: ⌘ override existing { override: true }
2026-06-08 02:17:10: ◇ injected env (0) from .env // tip: ◈ secrets for agents [www.dotenvx.com]
2026-06-08 02:17:16: ◇ injected env (0) from .env // tip: ◈ secrets for agents [www.dotenvx.com]
2026-06-08 02:17:22: ◇ injected env (0) from .env // tip: ⌘ suppress logs { quiet: true }
2026-06-08 02:17:29: ◇ injected env (0) from .env // tip: ◈ encrypted .env [www.dotenvx.com]
2026-06-08 02:17:35: ◇ injected env (0) from .env // tip: ◈ secrets for agents [www.dotenvx.com]
2026-06-08 02:17:42: ◇ injected env (0) from .env // tip: ⌘ enable debugging { debug: true }
2026-06-08 02:17:48: ◇ injected env (0) from .env // tip: ◈ secrets for agents [www.dotenvx.com]
2026-06-08 02:17:54: ◇ injected env (0) from .env // tip: ⌁ auth for agents [www.vestauth.com]
2026-06-08 02:18:01: ◇ injected env (0) from .env // tip: ◈ encrypted .env [www.dotenvx.com]
2026-06-08 02:18:08: ◇ injected env (0) from .env // tip: ⌘ enable debugging { debug: true }
2026-06-08 02:18:14: ◇ injected env (0) from .env // tip: ◈ encrypted .env [www.dotenvx.com]
2026-06-08 02:18:21: ◇ injected env (0) from .env // tip: ⌘ override existing { override: true }
2026-06-08 02:18:27: ◇ injected env (0) from .env // tip: ◈ secrets for agents [www.dotenvx.com]
2026-06-08 02:18:34: ◇ injected env (0) from .env // tip: ◈ secrets for agents [www.dotenvx.com]
2026-06-08 02:18:40: ◇ injected env (0) from .env // tip: ◈ secrets for agents [www.dotenvx.com]
2026-06-08 02:18:46: ◇ injected env (0) from .env // tip: ⌘ custom filepath { path: '/custom/path/.env' }
2026-06-08 02:18:52: ◇ injected env (0) from .env // tip: ◈ secrets for agents [www.dotenvx.com]
2026-06-08 02:18:57: ◇ injected env (0) from .env // tip: ◈ encrypted .env [www.dotenvx.com]
2026-06-08 02:19:03: ◇ injected env (0) from .env // tip: ⌘ enable debugging { debug: true }
2026-06-08 02:19:08: ◇ injected env (0) from .env // tip: ⌁ auth for agents [www.vestauth.com]
2026-06-08 02:19:14: ◇ injected env (0) from .env // tip: ◈ encrypted .env [www.dotenvx.com]
2026-06-08 02:19:19: ◇ injected env (0) from .env // tip: ◈ secrets for agents [www.dotenvx.com]
2026-06-08 02:19:25: ◇ injected env (0) from .env // tip: ⌘ suppress logs { quiet: true }
2026-06-08 02:19:31: ◇ injected env (0) from .env // tip: ⌘ custom filepath { path: '/custom/path/.env' }
2026-06-08 02:19:38: ◇ injected env (0) from .env // tip: ◈ secrets for agents [www.dotenvx.com]
2026-06-08 02:19:45: ◇ injected env (0) from .env // tip: ⌘ override existing { override: true }
2026-06-08 02:19:52: ◇ injected env (0) from .env // tip: ◈ encrypted .env [www.dotenvx.com]
2026-06-08 02:19:58: ◇ injected env (0) from .env // tip: ◈ secrets for agents [www.dotenvx.com]
2026-06-08 02:20:05: ◇ injected env (0) from .env // tip: ◈ secrets for agents [www.dotenvx.com]
2026-06-08 02:20:12: ◇ injected env (0) from .env // tip: ⌘ enable debugging { debug: true }
2026-06-08 02:20:18: ◇ injected env (0) from .env // tip: ⌘ suppress logs { quiet: true }
2026-06-08 02:20:25: ◇ injected env (0) from .env // tip: ⌘ override existing { override: true }
2026-06-08 02:20:32: ◇ injected env (0) from .env // tip: ⌘ custom filepath { path: '/custom/path/.env' }
2026-06-08 02:20:39: ◇ injected env (0) from .env // tip: ◈ secrets for agents [www.dotenvx.com]
2026-06-08 02:20:46: ◇ injected env (0) from .env // tip: ⌘ override existing { override: true }
2026-06-08 02:20:53: ◇ injected env (0) from .env // tip: ⌘ multiple files { path: ['.env.local', '.env'] }
2026-06-08 02:21:00: ◇ injected env (0) from .env // tip: ◈ secrets for agents [www.dotenvx.com]
2026-06-08 02:21:07: ◇ injected env (0) from .env // tip: ◈ secrets for agents [www.dotenvx.com]
2026-06-08 02:21:13: ◇ injected env (0) from .env // tip: ⌘ multiple files { path: ['.env.local', '.env'] }
2026-06-08 02:21:20: ◇ injected env (0) from .env // tip: ◈ secrets for agents [www.dotenvx.com]
2026-06-08 02:21:27: ◇ injected env (0) from .env // tip: ⌘ custom filepath { path: '/custom/path/.env' }
2026-06-08 02:21:34: ◇ injected env (0) from .env // tip: ⌘ custom filepath { path: '/custom/path/.env' }
2026-06-08 02:21:41: ◇ injected env (0) from .env // tip: ⌁ auth for agents [www.vestauth.com]
2026-06-08 02:21:48: ◇ injected env (0) from .env // tip: ⌘ override existing { override: true }
2026-06-08 02:21:55: ◇ injected env (0) from .env // tip: ⌘ multiple files { path: ['.env.local', '.env'] }
2026-06-08 02:22:02: ◇ injected env (0) from .env // tip: ⌘ multiple files { path: ['.env.local', '.env'] }
2026-06-08 02:22:09: ◇ injected env (0) from .env // tip: ⌘ multiple files { path: ['.env.local', '.env'] }
2026-06-08 02:22:15: ◇ injected env (0) from .env // tip: ⌘ multiple files { path: ['.env.local', '.env'] }
2026-06-08 02:22:22: ◇ injected env (0) from .env // tip: ⌘ suppress logs { quiet: true }
2026-06-08 02:22:29: ◇ injected env (0) from .env // tip: ◈ encrypted .env [www.dotenvx.com]
2026-06-08 02:22:36: ◇ injected env (0) from .env // tip: ⌘ suppress logs { quiet: true }
2026-06-08 02:22:43: ◇ injected env (0) from .env // tip: ⌘ enable debugging { debug: true }
2026-06-08 02:22:49: ◇ injected env (0) from .env // tip: ⌘ enable debugging { debug: true }
2026-06-08 02:22:56: ◇ injected env (0) from .env // tip: ⌘ enable debugging { debug: true }
2026-06-08 02:23:03: ◇ injected env (0) from .env // tip: ⌘ multiple files { path: ['.env.local', '.env'] }
2026-06-08 02:23:10: ◇ injected env (0) from .env // tip: ◈ encrypted .env [www.dotenvx.com]
2026-06-08 02:23:17: ◇ injected env (0) from .env // tip: ⌘ multiple files { path: ['.env.local', '.env'] }
2026-06-08 02:23:24: ◇ injected env (0) from .env // tip: ⌘ custom filepath { path: '/custom/path/.env' }
2026-06-08 02:23:31: ◇ injected env (0) from .env // tip: ⌘ suppress logs { quiet: true }
2026-06-08 02:23:38: ◇ injected env (0) from .env // tip: ◈ secrets for agents [www.dotenvx.com]
2026-06-08 02:23:45: ◇ injected env (0) from .env // tip: ⌘ override existing { override: true }
2026-06-08 02:23:52: ◇ injected env (0) from .env // tip: ◈ encrypted .env [www.dotenvx.com]
2026-06-08 02:23:59: ◇ injected env (0) from .env // tip: ⌘ enable debugging { debug: true }
2026-06-08 02:24:06: ◇ injected env (0) from .env // tip: ⌘ suppress logs { quiet: true }
2026-06-08 02:24:13: ◇ injected env (0) from .env // tip: ⌘ multiple files { path: ['.env.local', '.env'] }
2026-06-08 02:24:20: ◇ injected env (0) from .env // tip: ⌘ custom filepath { path: '/custom/path/.env' }
2026-06-08 02:24:27: ◇ injected env (0) from .env // tip: ⌘ suppress logs { quiet: true }
2026-06-08 02:24:35: ◇ injected env (0) from .env // tip: ◈ secrets for agents [www.dotenvx.com]
2026-06-08 02:24:42: ◇ injected env (0) from .env // tip: ⌘ multiple files { path: ['.env.local', '.env'] }
2026-06-08 02:24:49: ◇ injected env (0) from .env // tip: ⌘ suppress logs { quiet: true }
2026-06-08 02:24:56: ◇ injected env (0) from .env // tip: ⌘ multiple files { path: ['.env.local', '.env'] }
2026-06-08 02:25:03: ◇ injected env (0) from .env // tip: ⌘ suppress logs { quiet: true }
2026-06-08 02:25:10: ◇ injected env (0) from .env // tip: ◈ secrets for agents [www.dotenvx.com]
2026-06-08 02:25:17: ◇ injected env (0) from .env // tip: ⌁ auth for agents [www.vestauth.com]
2026-06-08 02:25:24: ◇ injected env (0) from .env // tip: ⌘ enable debugging { debug: true }
2026-06-08 02:25:31: ◇ injected env (0) from .env // tip: ⌘ override existing { override: true }
2026-06-08 02:25:39: ◇ injected env (0) from .env // tip: ⌘ enable debugging { debug: true }
2026-06-08 02:25:45: ◇ injected env (0) from .env // tip: ⌘ enable debugging { debug: true }
2026-06-08 02:25:53: ◇ injected env (0) from .env // tip: ◈ encrypted .env [www.dotenvx.com]
2026-06-08 02:26:00: ◇ injected env (0) from .env // tip: ⌘ override existing { override: true }
2026-06-08 02:26:07: ◇ injected env (0) from .env // tip: ◈ secrets for agents [www.dotenvx.com]
2026-06-08 02:26:14: ◇ injected env (0) from .env // tip: ⌘ override existing { override: true }
2026-06-08 02:26:21: ◇ injected env (0) from .env // tip: ◈ encrypted .env [www.dotenvx.com]
2026-06-08 02:26:29: ◇ injected env (0) from .env // tip: ⌘ custom filepath { path: '/custom/path/.env' }
2026-06-08 02:26:36: ◇ injected env (0) from .env // tip: ⌘ suppress logs { quiet: true }
2026-06-08 02:26:44: ◇ injected env (0) from .env // tip: ⌘ custom filepath { path: '/custom/path/.env' }
2026-06-08 02:26:50: ◇ injected env (0) from .env // tip: ⌘ enable debugging { debug: true }
2026-06-08 02:26:58: ◇ injected env (0) from .env // tip: ⌘ override existing { override: true }
2026-06-08 02:27:04: ◇ injected env (0) from .env // tip: ⌘ enable debugging { debug: true }
2026-06-08 02:27:12: ◇ injected env (0) from .env // tip: ⌁ auth for agents [www.vestauth.com]
2026-06-08 02:27:18: ◇ injected env (0) from .env // tip: ⌘ override existing { override: true }
2026-06-08 02:27:25: ◇ injected env (0) from .env // tip: ◈ encrypted .env [www.dotenvx.com]
2026-06-08 02:27:32: ◇ injected env (0) from .env // tip: ⌘ override existing { override: true }
2026-06-08 02:27:39: ◇ injected env (0) from .env // tip: ⌘ suppress logs { quiet: true }
2026-06-08 02:27:46: ◇ injected env (0) from .env // tip: ◈ encrypted .env [www.dotenvx.com]
2026-06-08 02:27:53: ◇ injected env (0) from .env // tip: ⌘ enable debugging { debug: true }
2026-06-08 02:28:00: ◇ injected env (0) from .env // tip: ⌘ override existing { override: true }
2026-06-08 02:28:07: ◇ injected env (0) from .env // tip: ⌁ auth for agents [www.vestauth.com]
2026-06-08 02:28:14: ◇ injected env (0) from .env // tip: ⌘ enable debugging { debug: true }
2026-06-08 02:28:20: ◇ injected env (0) from .env // tip: ⌘ enable debugging { debug: true }
2026-06-08 02:28:27: ◇ injected env (0) from .env // tip: ⌘ enable debugging { debug: true }
2026-06-08 02:28:34: ◇ injected env (0) from .env // tip: ◈ encrypted .env [www.dotenvx.com]
2026-06-08 02:28:41: ◇ injected env (0) from .env // tip: ◈ secrets for agents [www.dotenvx.com]
2026-06-08 02:28:48: ◇ injected env (0) from .env // tip: ⌘ custom filepath { path: '/custom/path/.env' }
2026-06-08 02:28:55: ◇ injected env (0) from .env // tip: ⌘ override existing { override: true }
2026-06-08 02:29:02: ◇ injected env (0) from .env // tip: ◈ secrets for agents [www.dotenvx.com]
2026-06-08 02:29:09: ◇ injected env (0) from .env // tip: ⌘ multiple files { path: ['.env.local', '.env'] }
2026-06-08 02:29:16: ◇ injected env (0) from .env // tip: ⌘ multiple files { path: ['.env.local', '.env'] }
2026-06-08 02:29:23: ◇ injected env (0) from .env // tip: ⌁ auth for agents [www.vestauth.com]
2026-06-08 02:29:30: ◇ injected env (0) from .env // tip: ⌘ suppress logs { quiet: true }
2026-06-08 02:29:37: ◇ injected env (0) from .env // tip: ⌘ suppress logs { quiet: true }
2026-06-08 02:29:44: ◇ injected env (0) from .env // tip: ⌘ enable debugging { debug: true }
2026-06-08 02:29:50: ◇ injected env (0) from .env // tip: ⌘ multiple files { path: ['.env.local', '.env'] }
2026-06-08 02:29:57: ◇ injected env (0) from .env // tip: ⌁ auth for agents [www.vestauth.com]
2026-06-08 02:30:04: ◇ injected env (0) from .env // tip: ⌘ enable debugging { debug: true }
2026-06-08 02:30:11: ◇ injected env (0) from .env // tip: ⌁ auth for agents [www.vestauth.com]
2026-06-08 02:30:18: ◇ injected env (0) from .env // tip: ⌁ auth for agents [www.vestauth.com]
2026-06-08 02:30:25: ◇ injected env (0) from .env // tip: ◈ encrypted .env [www.dotenvx.com]
2026-06-08 02:30:31: ◇ injected env (0) from .env // tip: ⌘ enable debugging { debug: true }
2026-06-08 02:30:38: ◇ injected env (0) from .env // tip: ⌁ auth for agents [www.vestauth.com]
2026-06-08 02:30:45: ◇ injected env (0) from .env // tip: ⌘ override existing { override: true }
2026-06-08 02:30:51: ◇ injected env (0) from .env // tip: ⌘ custom filepath { path: '/custom/path/.env' }
2026-06-08 02:30:58: ◇ injected env (0) from .env // tip: ⌘ custom filepath { path: '/custom/path/.env' }
2026-06-08 02:31:04: ◇ injected env (0) from .env // tip: ◈ encrypted .env [www.dotenvx.com]
2026-06-08 02:31:12: ◇ injected env (0) from .env // tip: ⌁ auth for agents [www.vestauth.com]
2026-06-08 02:31:18: ◇ injected env (0) from .env // tip: ⌁ auth for agents [www.vestauth.com]
2026-06-08 02:31:25: ◇ injected env (0) from .env // tip: ◈ secrets for agents [www.dotenvx.com]
2026-06-08 02:31:33: ◇ injected env (0) from .env // tip: ⌁ auth for agents [www.vestauth.com]
2026-06-08 02:31:41: ◇ injected env (0) from .env // tip: ◈ encrypted .env [www.dotenvx.com]
2026-06-08 02:31:45: ◇ injected env (0) from .env // tip: ⌘ suppress logs { quiet: true }
2026-06-08 02:31:49: ◇ injected env (0) from .env // tip: ◈ encrypted .env [www.dotenvx.com]
2026-06-08 02:31:54: ◇ injected env (0) from .env // tip: ◈ encrypted .env [www.dotenvx.com]
2026-06-08 02:32:06: ◇ injected env (0) from .env // tip: ⌘ multiple files { path: ['.env.local', '.env'] }
2026-06-08 02:32:15: ◇ injected env (0) from .env // tip: ⌘ suppress logs { quiet: true }
2026-06-08 02:32:24: ◇ injected env (0) from .env // tip: ◈ secrets for agents [www.dotenvx.com]
2026-06-08 02:32:30: ◇ injected env (0) from .env // tip: ⌘ override existing { override: true }
2026-06-08 02:32:34: ◇ injected env (0) from .env // tip: ⌘ enable debugging { debug: true }
2026-06-08 02:32:38: ◇ injected env (0) from .env // tip: ⌁ auth for agents [www.vestauth.com]
2026-06-08 02:32:40: ◇ injected env (0) from .env // tip: ⌁ auth for agents [www.vestauth.com]
2026-06-08 02:32:48: ◇ injected env (0) from .env // tip: ⌁ auth for agents [www.vestauth.com]
2026-06-08 02:32:55: ◇ injected env (0) from .env // tip: ◈ secrets for agents [www.dotenvx.com]
2026-06-08 02:32:58: ◇ injected env (0) from .env // tip: ⌘ enable debugging { debug: true }
2026-06-08 02:33:03: ◇ injected env (0) from .env // tip: ◈ encrypted .env [www.dotenvx.com]
2026-06-08 02:33:05: ◇ injected env (0) from .env // tip: ⌁ auth for agents [www.vestauth.com]
2026-06-08 02:33:10: ◇ injected env (0) from .env // tip: ⌘ enable debugging { debug: true }
2026-06-08 02:33:13: ◇ injected env (0) from .env // tip: ⌁ auth for agents [www.vestauth.com]
2026-06-08 02:33:17: ◇ injected env (0) from .env // tip: ⌘ suppress logs { quiet: true }
2026-06-08 02:33:22: ◇ injected env (0) from .env // tip: ⌁ auth for agents [www.vestauth.com]
2026-06-08 02:33:27: ◇ injected env (0) from .env // tip: ⌘ custom filepath { path: '/custom/path/.env' }
2026-06-08 02:33:29: ◇ injected env (0) from .env // tip: ⌘ suppress logs { quiet: true }
2026-06-08 02:33:33: ◇ injected env (0) from .env // tip: ⌘ enable debugging { debug: true }
2026-06-08 02:33:42: ◇ injected env (0) from .env // tip: ⌘ multiple files { path: ['.env.local', '.env'] }
2026-06-08 02:33:49: ◇ injected env (0) from .env // tip: ⌁ auth for agents [www.vestauth.com]
2026-06-08 02:33:57: ◇ injected env (0) from .env // tip: ⌘ override existing { override: true }
2026-06-08 02:34:04: ◇ injected env (0) from .env // tip: ⌁ auth for agents [www.vestauth.com]
2026-06-08 02:34:11: ◇ injected env (0) from .env // tip: ⌘ custom filepath { path: '/custom/path/.env' }
2026-06-08 02:34:19: ◇ injected env (0) from .env // tip: ⌘ override existing { override: true }
2026-06-08 02:34:26: ◇ injected env (0) from .env // tip: ⌘ suppress logs { quiet: true }
2026-06-08 02:34:34: ◇ injected env (0) from .env // tip: ◈ encrypted .env [www.dotenvx.com]
2026-06-08 02:34:43: ◇ injected env (0) from .env // tip: ◈ secrets for agents [www.dotenvx.com]
2026-06-08 02:34:51: ◇ injected env (0) from .env // tip: ⌘ multiple files { path: ['.env.local', '.env'] }
2026-06-08 02:34:58: ◇ injected env (0) from .env // tip: ◈ encrypted .env [www.dotenvx.com]
2026-06-08 02:35:05: ◇ injected env (0) from .env // tip: ⌘ override existing { override: true }
2026-06-08 02:35:07: ◇ injected env (0) from .env // tip: ⌁ auth for agents [www.vestauth.com]
2026-06-08 02:35:13: ◇ injected env (0) from .env // tip: ⌘ suppress logs { quiet: true }
2026-06-08 02:35:18: ◇ injected env (0) from .env // tip: ⌘ suppress logs { quiet: true }
2026-06-08 02:35:20: ◇ injected env (0) from .env // tip: ⌘ suppress logs { quiet: true }
2026-06-08 02:35:23: ◇ injected env (0) from .env // tip: ⌘ custom filepath { path: '/custom/path/.env' }
2026-06-08 02:35:31: ◇ injected env (0) from .env // tip: ⌁ auth for agents [www.vestauth.com]
2026-06-08 02:35:40: ◇ injected env (0) from .env // tip: ◈ encrypted .env [www.dotenvx.com]
2026-06-08 02:35:48: ◇ injected env (0) from .env // tip: ⌘ custom filepath { path: '/custom/path/.env' }
2026-06-08 02:36:00: ◇ injected env (0) from .env // tip: ⌘ override existing { override: true }
2026-06-08 02:36:11: ◇ injected env (0) from .env // tip: ⌘ suppress logs { quiet: true }
2026-06-08 02:36:21: ◇ injected env (0) from .env // tip: ◈ encrypted .env [www.dotenvx.com]
2026-06-08 02:36:29: ◇ injected env (0) from .env // tip: ⌘ enable debugging { debug: true }
2026-06-08 02:36:37: ◇ injected env (0) from .env // tip: ⌁ auth for agents [www.vestauth.com]
2026-06-08 02:36:46: ◇ injected env (0) from .env // tip: ⌘ custom filepath { path: '/custom/path/.env' }
2026-06-08 02:36:55: ◇ injected env (0) from .env // tip: ⌘ override existing { override: true }
2026-06-08 02:37:02: ◇ injected env (0) from .env // tip: ⌘ suppress logs { quiet: true }
2026-06-08 02:37:11: ◇ injected env (0) from .env // tip: ◈ secrets for agents [www.dotenvx.com]
2026-06-08 02:37:18: ◇ injected env (0) from .env // tip: ◈ encrypted .env [www.dotenvx.com]
2026-06-08 02:37:25: ◇ injected env (0) from .env // tip: ⌘ custom filepath { path: '/custom/path/.env' }
2026-06-08 02:37:36: ◇ injected env (0) from .env // tip: ⌘ override existing { override: true }
2026-06-08 02:37:46: ◇ injected env (0) from .env // tip: ⌘ suppress logs { quiet: true }
2026-06-08 02:37:56: ◇ injected env (0) from .env // tip: ⌘ suppress logs { quiet: true }
2026-06-08 02:38:08: ◇ injected env (0) from .env // tip: ⌘ custom filepath { path: '/custom/path/.env' }
2026-06-08 02:38:14: ◇ injected env (0) from .env // tip: ⌘ enable debugging { debug: true }
2026-06-08 02:38:19: ◇ injected env (0) from .env // tip: ◈ encrypted .env [www.dotenvx.com]
2026-06-08 02:38:22: ◇ injected env (0) from .env // tip: ⌘ multiple files { path: ['.env.local', '.env'] }
2026-06-08 02:38:26: ◇ injected env (0) from .env // tip: ◈ secrets for agents [www.dotenvx.com]
2026-06-08 02:38:34: ◇ injected env (0) from .env // tip: ◈ encrypted .env [www.dotenvx.com]
2026-06-08 02:38:43: ◇ injected env (0) from .env // tip: ⌘ override existing { override: true }
2026-06-08 02:38:52: ◇ injected env (0) from .env // tip: ⌘ suppress logs { quiet: true }
2026-06-08 02:39:00: ◇ injected env (0) from .env // tip: ⌘ custom filepath { path: '/custom/path/.env' }
2026-06-08 02:39:06: ◇ injected env (0) from .env // tip: ◈ encrypted .env [www.dotenvx.com]
2026-06-08 02:39:14: ◇ injected env (0) from .env // tip: ◈ secrets for agents [www.dotenvx.com]
2026-06-08 02:39:20: ◇ injected env (0) from .env // tip: ⌘ override existing { override: true }
2026-06-08 02:39:24: ◇ injected env (0) from .env // tip: ⌘ multiple files { path: ['.env.local', '.env'] }
2026-06-08 02:39:28: ◇ injected env (0) from .env // tip: ⌘ suppress logs { quiet: true }
2026-06-08 02:39:32: ◇ injected env (0) from .env // tip: ⌁ auth for agents [www.vestauth.com]
2026-06-08 02:39:37: ◇ injected env (0) from .env // tip: ⌘ multiple files { path: ['.env.local', '.env'] }
2026-06-08 02:39:43: ◇ injected env (0) from .env // tip: ⌁ auth for agents [www.vestauth.com]
2026-06-08 02:39:46: ◇ injected env (0) from .env // tip: ⌘ multiple files { path: ['.env.local', '.env'] }
2026-06-08 02:39:54: ◇ injected env (0) from .env // tip: ⌘ override existing { override: true }
2026-06-08 02:40:01: ◇ injected env (0) from .env // tip: ⌁ auth for agents [www.vestauth.com]
2026-06-08 02:40:07: ◇ injected env (0) from .env // tip: ⌘ custom filepath { path: '/custom/path/.env' }
2026-06-08 02:40:10: ◇ injected env (0) from .env // tip: ◈ secrets for agents [www.dotenvx.com]
2026-06-08 02:40:17: ◇ injected env (0) from .env // tip: ⌘ enable debugging { debug: true }
2026-06-08 02:40:22: ◇ injected env (0) from .env // tip: ⌘ custom filepath { path: '/custom/path/.env' }
2026-06-08 02:40:24: ◇ injected env (0) from .env // tip: ⌁ auth for agents [www.vestauth.com]
2026-06-08 02:40:29: ◇ injected env (0) from .env // tip: ⌘ override existing { override: true }
2026-06-08 02:40:31: ◇ injected env (0) from .env // tip: ⌁ auth for agents [www.vestauth.com]
2026-06-08 02:40:36: ◇ injected env (0) from .env // tip: ⌘ override existing { override: true }
2026-06-08 02:40:39: ◇ injected env (0) from .env // tip: ⌁ auth for agents [www.vestauth.com]
2026-06-08 02:40:42: ◇ injected env (0) from .env // tip: ⌘ suppress logs { quiet: true }
2026-06-08 02:40:50: ◇ injected env (0) from .env // tip: ◈ encrypted .env [www.dotenvx.com]
2026-06-08 02:40:58: ◇ injected env (0) from .env // tip: ⌘ multiple files { path: ['.env.local', '.env'] }
2026-06-08 02:41:05: ◇ injected env (0) from .env // tip: ◈ encrypted .env [www.dotenvx.com]
2026-06-08 02:41:12: ◇ injected env (0) from .env // tip: ⌘ override existing { override: true }
2026-06-08 02:41:20: ◇ injected env (0) from .env // tip: ⌘ custom filepath { path: '/custom/path/.env' }
2026-06-08 02:41:27: ◇ injected env (0) from .env // tip: ⌘ multiple files { path: ['.env.local', '.env'] }
2026-06-08 02:41:36: ◇ injected env (0) from .env // tip: ⌘ custom filepath { path: '/custom/path/.env' }
2026-06-08 02:41:44: ◇ injected env (0) from .env // tip: ◈ secrets for agents [www.dotenvx.com]
2026-06-08 02:41:52: ◇ injected env (0) from .env // tip: ⌁ auth for agents [www.vestauth.com]
2026-06-08 02:41:59: ◇ injected env (0) from .env // tip: ⌘ override existing { override: true }
2026-06-08 02:42:07: ◇ injected env (0) from .env // tip: ⌘ multiple files { path: ['.env.local', '.env'] }
2026-06-08 02:42:15: ◇ injected env (0) from .env // tip: ◈ encrypted .env [www.dotenvx.com]
2026-06-08 02:42:24: ◇ injected env (0) from .env // tip: ◈ encrypted .env [www.dotenvx.com]
2026-06-08 02:42:32: ◇ injected env (0) from .env // tip: ⌁ auth for agents [www.vestauth.com]
2026-06-08 02:42:39: ◇ injected env (0) from .env // tip: ⌘ enable debugging { debug: true }
2026-06-08 02:42:45: ◇ injected env (0) from .env // tip: ◈ secrets for agents [www.dotenvx.com]
2026-06-08 02:42:48: ◇ injected env (0) from .env // tip: ⌘ suppress logs { quiet: true }
2026-06-08 02:42:55: ◇ injected env (0) from .env // tip: ⌁ auth for agents [www.vestauth.com]
2026-06-08 02:43:03: ◇ injected env (0) from .env // tip: ⌘ multiple files { path: ['.env.local', '.env'] }
2026-06-08 02:43:11: ◇ injected env (0) from .env // tip: ◈ secrets for agents [www.dotenvx.com]
2026-06-08 02:43:19: ◇ injected env (0) from .env // tip: ◈ secrets for agents [www.dotenvx.com]
2026-06-08 02:43:29: ◇ injected env (0) from .env // tip: ◈ secrets for agents [www.dotenvx.com]
2026-06-08 02:43:39: ◇ injected env (0) from .env // tip: ⌁ auth for agents [www.vestauth.com]
2026-06-08 02:43:49: ◇ injected env (0) from .env // tip: ◈ encrypted .env [www.dotenvx.com]
2026-06-08 02:43:59: ◇ injected env (0) from .env // tip: ⌘ custom filepath { path: '/custom/path/.env' }
2026-06-08 02:44:08: ◇ injected env (0) from .env // tip: ◈ secrets for agents [www.dotenvx.com]
2026-06-08 02:44:17: ◇ injected env (0) from .env // tip: ⌘ enable debugging { debug: true }
2026-06-08 02:44:25: ◇ injected env (0) from .env // tip: ⌘ multiple files { path: ['.env.local', '.env'] }
2026-06-08 02:44:33: ◇ injected env (0) from .env // tip: ⌘ custom filepath { path: '/custom/path/.env' }
2026-06-08 02:44:45: ◇ injected env (0) from .env // tip: ⌘ multiple files { path: ['.env.local', '.env'] }
2026-06-08 02:44:57: ◇ injected env (0) from .env // tip: ⌁ auth for agents [www.vestauth.com]
2026-06-08 02:45:04: ◇ injected env (0) from .env // tip: ⌘ enable debugging { debug: true }
2026-06-08 02:45:12: ◇ injected env (0) from .env // tip: ◈ secrets for agents [www.dotenvx.com]
2026-06-08 02:45:19: ◇ injected env (0) from .env // tip: ⌁ auth for agents [www.vestauth.com]
2026-06-08 02:45:27: ◇ injected env (0) from .env // tip: ⌘ suppress logs { quiet: true }
2026-06-08 02:45:33: ◇ injected env (0) from .env // tip: ⌘ override existing { override: true }
2026-06-08 02:45:38: ◇ injected env (0) from .env // tip: ⌘ custom filepath { path: '/custom/path/.env' }
2026-06-08 02:45:41: ◇ injected env (0) from .env // tip: ⌁ auth for agents [www.vestauth.com]
2026-06-08 02:45:46: ◇ injected env (0) from .env // tip: ⌘ custom filepath { path: '/custom/path/.env' }
2026-06-08 02:45:49: ◇ injected env (0) from .env // tip: ⌘ override existing { override: true }
2026-06-08 02:45:52: ◇ injected env (0) from .env // tip: ⌘ suppress logs { quiet: true }
2026-06-08 02:46:00: ◇ injected env (0) from .env // tip: ⌘ custom filepath { path: '/custom/path/.env' }
2026-06-08 02:46:09: ◇ injected env (0) from .env // tip: ⌘ override existing { override: true }
2026-06-08 02:46:17: ◇ injected env (0) from .env // tip: ⌘ multiple files { path: ['.env.local', '.env'] }
2026-06-08 02:46:23: ◇ injected env (0) from .env // tip: ⌘ custom filepath { path: '/custom/path/.env' }
2026-06-08 02:46:29: ◇ injected env (0) from .env // tip: ◈ secrets for agents [www.dotenvx.com]
2026-06-08 02:46:33: ◇ injected env (0) from .env // tip: ⌘ enable debugging { debug: true }
2026-06-08 02:46:38: ◇ injected env (0) from .env // tip: ⌘ override existing { override: true }
2026-06-08 02:46:44: ◇ injected env (0) from .env // tip: ⌘ multiple files { path: ['.env.local', '.env'] }
2026-06-08 02:46:48: ◇ injected env (0) from .env // tip: ◈ secrets for agents [www.dotenvx.com]
2026-06-08 02:46:52: ◇ injected env (0) from .env // tip: ⌘ enable debugging { debug: true }
2026-06-08 02:46:57: ◇ injected env (0) from .env // tip: ⌁ auth for agents [www.vestauth.com]
2026-06-08 02:47:00: ◇ injected env (0) from .env // tip: ◈ encrypted .env [www.dotenvx.com]
2026-06-08 02:47:06: ◇ injected env (0) from .env // tip: ◈ secrets for agents [www.dotenvx.com]
2026-06-08 02:47:09: ◇ injected env (0) from .env // tip: ⌘ enable debugging { debug: true }
2026-06-08 02:47:17: ◇ injected env (0) from .env // tip: ⌘ multiple files { path: ['.env.local', '.env'] }
2026-06-08 02:47:24: ◇ injected env (0) from .env // tip: ⌘ override existing { override: true }
2026-06-08 02:47:31: ◇ injected env (0) from .env // tip: ⌘ override existing { override: true }
2026-06-08 02:47:35: ◇ injected env (0) from .env // tip: ◈ secrets for agents [www.dotenvx.com]
2026-06-08 02:47:39: ◇ injected env (0) from .env // tip: ◈ encrypted .env [www.dotenvx.com]
2026-06-08 02:47:43: ◇ injected env (0) from .env // tip: ⌘ override existing { override: true }
2026-06-08 02:47:46: ◇ injected env (0) from .env // tip: ⌘ enable debugging { debug: true }
2026-06-08 02:47:51: ◇ injected env (0) from .env // tip: ⌘ suppress logs { quiet: true }
2026-06-08 02:47:54: ◇ injected env (0) from .env // tip: ◈ secrets for agents [www.dotenvx.com]
2026-06-08 02:47:59: ◇ injected env (0) from .env // tip: ◈ secrets for agents [www.dotenvx.com]
2026-06-08 02:48:02: ◇ injected env (0) from .env // tip: ⌘ custom filepath { path: '/custom/path/.env' }
2026-06-08 02:48:07: ◇ injected env (0) from .env // tip: ⌘ enable debugging { debug: true }
2026-06-08 02:48:09: ◇ injected env (0) from .env // tip: ◈ secrets for agents [www.dotenvx.com]
2026-06-08 02:48:15: ◇ injected env (0) from .env // tip: ⌘ custom filepath { path: '/custom/path/.env' }
2026-06-08 02:48:17: ◇ injected env (0) from .env // tip: ⌘ custom filepath { path: '/custom/path/.env' }
2026-06-08 02:48:20: ◇ injected env (0) from .env // tip: ◈ secrets for agents [www.dotenvx.com]
2026-06-08 02:48:26: ◇ injected env (0) from .env // tip: ◈ encrypted .env [www.dotenvx.com]
2026-06-08 02:48:32: ◇ injected env (0) from .env // tip: ⌘ suppress logs { quiet: true }
2026-06-08 02:48:36: ◇ injected env (0) from .env // tip: ◈ encrypted .env [www.dotenvx.com]
2026-06-08 02:48:42: ◇ injected env (0) from .env // tip: ◈ encrypted .env [www.dotenvx.com]
2026-06-08 02:48:48: ◇ injected env (0) from .env // tip: ◈ encrypted .env [www.dotenvx.com]
2026-06-08 02:48:52: ◇ injected env (0) from .env // tip: ◈ secrets for agents [www.dotenvx.com]
2026-06-08 02:48:58: ◇ injected env (0) from .env // tip: ⌘ custom filepath { path: '/custom/path/.env' }
2026-06-08 02:49:07: ◇ injected env (0) from .env // tip: ◈ secrets for agents [www.dotenvx.com]
2026-06-08 02:49:14: ◇ injected env (0) from .env // tip: ⌘ enable debugging { debug: true }
2026-06-08 02:49:22: ◇ injected env (0) from .env // tip: ⌘ custom filepath { path: '/custom/path/.env' }
2026-06-08 02:49:30: ◇ injected env (0) from .env // tip: ⌘ suppress logs { quiet: true }
2026-06-08 02:49:37: ◇ injected env (0) from .env // tip: ⌘ override existing { override: true }
2026-06-08 02:49:44: ◇ injected env (0) from .env // tip: ⌘ multiple files { path: ['.env.local', '.env'] }
2026-06-08 02:49:52: ◇ injected env (0) from .env // tip: ⌁ auth for agents [www.vestauth.com]
2026-06-08 02:49:59: ◇ injected env (0) from .env // tip: ⌘ enable debugging { debug: true }
2026-06-08 02:50:06: ◇ injected env (0) from .env // tip: ◈ encrypted .env [www.dotenvx.com]
2026-06-08 02:50:09: ◇ injected env (0) from .env // tip: ⌁ auth for agents [www.vestauth.com]
2026-06-08 02:50:16: ◇ injected env (0) from .env // tip: ⌁ auth for agents [www.vestauth.com]
2026-06-08 02:50:18: ◇ injected env (0) from .env // tip: ◈ secrets for agents [www.dotenvx.com]
2026-06-08 02:50:24: ◇ injected env (0) from .env // tip: ⌘ suppress logs { quiet: true }
2026-06-08 02:50:27: ◇ injected env (0) from .env // tip: ◈ secrets for agents [www.dotenvx.com]
2026-06-08 02:50:31: ◇ injected env (0) from .env // tip: ⌘ enable debugging { debug: true }
2026-06-08 02:50:38: ◇ injected env (0) from .env // tip: ⌘ suppress logs { quiet: true }
2026-06-08 02:50:49: ◇ injected env (0) from .env // tip: ⌘ enable debugging { debug: true }
2026-06-08 02:50:57: ◇ injected env (0) from .env // tip: ⌘ override existing { override: true }
2026-06-08 02:51:05: ◇ injected env (0) from .env // tip: ◈ secrets for agents [www.dotenvx.com]
2026-06-08 02:51:20: ◇ injected env (0) from .env // tip: ⌘ override existing { override: true }
2026-06-08 02:51:36: ◇ injected env (0) from .env // tip: ◈ secrets for agents [www.dotenvx.com]
2026-06-08 02:51:47: ◇ injected env (0) from .env // tip: ◈ encrypted .env [www.dotenvx.com]
2026-06-08 02:51:55: ◇ injected env (0) from .env // tip: ⌁ auth for agents [www.vestauth.com]
2026-06-08 02:52:10: ◇ injected env (0) from .env // tip: ⌘ suppress logs { quiet: true }
2026-06-08 02:52:24: ◇ injected env (0) from .env // tip: ◈ encrypted .env [www.dotenvx.com]
2026-06-08 02:52:38: ◇ injected env (0) from .env // tip: ◈ encrypted .env [www.dotenvx.com]
2026-06-08 02:52:48: ◇ injected env (0) from .env // tip: ◈ encrypted .env [www.dotenvx.com]
2026-06-08 02:52:53: ◇ injected env (0) from .env // tip: ⌘ multiple files { path: ['.env.local', '.env'] }
2026-06-08 02:53:02: ◇ injected env (0) from .env // tip: ◈ secrets for agents [www.dotenvx.com]
2026-06-08 02:53:06: ◇ injected env (0) from .env // tip: ◈ encrypted .env [www.dotenvx.com]
2026-06-08 02:53:16: ◇ injected env (0) from .env // tip: ⌘ custom filepath { path: '/custom/path/.env' }
2026-06-08 02:53:26: ◇ injected env (0) from .env // tip: ⌘ multiple files { path: ['.env.local', '.env'] }
2026-06-08 02:53:33: ◇ injected env (0) from .env // tip: ⌘ override existing { override: true }
2026-06-08 02:53:43: ◇ injected env (0) from .env // tip: ◈ encrypted .env [www.dotenvx.com]
2026-06-08 02:53:51: ◇ injected env (0) from .env // tip: ◈ secrets for agents [www.dotenvx.com]
2026-06-08 02:53:59: ◇ injected env (0) from .env // tip: ⌘ suppress logs { quiet: true }
2026-06-08 02:54:06: ◇ injected env (0) from .env // tip: ◈ secrets for agents [www.dotenvx.com]
2026-06-08 02:54:10: ◇ injected env (0) from .env // tip: ⌘ override existing { override: true }
2026-06-08 02:54:21: ◇ injected env (0) from .env // tip: ⌘ custom filepath { path: '/custom/path/.env' }
2026-06-08 02:54:27: ◇ injected env (0) from .env // tip: ⌘ multiple files { path: ['.env.local', '.env'] }
2026-06-08 02:54:32: ◇ injected env (0) from .env // tip: ◈ secrets for agents [www.dotenvx.com]
2026-06-08 02:54:40: ◇ injected env (0) from .env // tip: ⌘ enable debugging { debug: true }
2026-06-08 02:54:46: ◇ injected env (0) from .env // tip: ⌘ suppress logs { quiet: true }
2026-06-08 02:54:52: ◇ injected env (0) from .env // tip: ⌁ auth for agents [www.vestauth.com]
2026-06-08 02:55:01: ◇ injected env (0) from .env // tip: ⌘ suppress logs { quiet: true }
2026-06-08 02:55:07: ◇ injected env (0) from .env // tip: ⌁ auth for agents [www.vestauth.com]
2026-06-08 02:55:11: ◇ injected env (0) from .env // tip: ⌘ custom filepath { path: '/custom/path/.env' }
2026-06-08 02:55:15: ◇ injected env (0) from .env // tip: ⌁ auth for agents [www.vestauth.com]
2026-06-08 02:55:22: ◇ injected env (0) from .env // tip: ⌘ custom filepath { path: '/custom/path/.env' }
2026-06-08 02:55:33: ◇ injected env (0) from .env // tip: ⌘ custom filepath { path: '/custom/path/.env' }
2026-06-08 02:55:42: ◇ injected env (0) from .env // tip: ⌘ multiple files { path: ['.env.local', '.env'] }
2026-06-08 02:55:52: ◇ injected env (0) from .env // tip: ⌘ custom filepath { path: '/custom/path/.env' }
2026-06-08 02:56:04: ◇ injected env (0) from .env // tip: ⌁ auth for agents [www.vestauth.com]
2026-06-08 02:56:13: ◇ injected env (0) from .env // tip: ⌁ auth for agents [www.vestauth.com]
2026-06-08 02:56:23: ◇ injected env (0) from .env // tip: ◈ encrypted .env [www.dotenvx.com]
2026-06-08 02:56:32: ◇ injected env (0) from .env // tip: ⌘ custom filepath { path: '/custom/path/.env' }
2026-06-08 02:56:42: ◇ injected env (0) from .env // tip: ⌘ multiple files { path: ['.env.local', '.env'] }
2026-06-08 02:56:56: ◇ injected env (0) from .env // tip: ◈ secrets for agents [www.dotenvx.com]
2026-06-08 02:57:06: ◇ injected env (0) from .env // tip: ◈ encrypted .env [www.dotenvx.com]
2026-06-08 02:57:17: ◇ injected env (0) from .env // tip: ⌘ custom filepath { path: '/custom/path/.env' }
2026-06-08 02:57:25: ◇ injected env (0) from .env // tip: ⌁ auth for agents [www.vestauth.com]
2026-06-08 02:57:33: ◇ injected env (0) from .env // tip: ⌘ override existing { override: true }
2026-06-08 02:57:36: ◇ injected env (0) from .env // tip: ⌘ multiple files { path: ['.env.local', '.env'] }
2026-06-08 02:57:41: ◇ injected env (0) from .env // tip: ◈ encrypted .env [www.dotenvx.com]
2026-06-08 02:57:43: ◇ injected env (0) from .env // tip: ⌘ override existing { override: true }
2026-06-08 02:57:48: ◇ injected env (0) from .env // tip: ⌘ custom filepath { path: '/custom/path/.env' }
2026-06-08 02:57:51: ◇ injected env (0) from .env // tip: ◈ encrypted .env [www.dotenvx.com]
2026-06-08 02:57:56: ◇ injected env (0) from .env // tip: ◈ encrypted .env [www.dotenvx.com]
2026-06-08 02:57:58: ◇ injected env (0) from .env // tip: ◈ encrypted .env [www.dotenvx.com]
2026-06-08 02:58:04: ◇ injected env (0) from .env // tip: ◈ encrypted .env [www.dotenvx.com]
2026-06-08 02:58:09: ◇ injected env (0) from .env // tip: ◈ encrypted .env [www.dotenvx.com]
2026-06-08 02:58:13: ◇ injected env (0) from .env // tip: ⌁ auth for agents [www.vestauth.com]
2026-06-08 02:58:18: ◇ injected env (0) from .env // tip: ⌘ enable debugging { debug: true }
2026-06-08 02:58:20: ◇ injected env (0) from .env // tip: ⌘ override existing { override: true }
2026-06-08 02:58:23: ◇ injected env (0) from .env // tip: ⌘ multiple files { path: ['.env.local', '.env'] }
2026-06-08 02:58:30: ◇ injected env (0) from .env // tip: ⌘ suppress logs { quiet: true }
2026-06-08 02:58:36: ◇ injected env (0) from .env // tip: ◈ encrypted .env [www.dotenvx.com]
2026-06-08 02:58:40: ◇ injected env (0) from .env // tip: ⌘ multiple files { path: ['.env.local', '.env'] }
2026-06-08 02:58:44: ◇ injected env (0) from .env // tip: ◈ secrets for agents [www.dotenvx.com]
2026-06-08 02:58:50: ◇ injected env (0) from .env // tip: ◈ secrets for agents [www.dotenvx.com]
2026-06-08 02:58:52: ◇ injected env (0) from .env // tip: ⌘ custom filepath { path: '/custom/path/.env' }
2026-06-08 02:58:58: ◇ injected env (0) from .env // tip: ◈ encrypted .env [www.dotenvx.com]
2026-06-08 02:59:02: ◇ injected env (0) from .env // tip: ⌘ multiple files { path: ['.env.local', '.env'] }
2026-06-08 02:59:07: ◇ injected env (0) from .env // tip: ⌘ multiple files { path: ['.env.local', '.env'] }
2026-06-08 02:59:14: ◇ injected env (0) from .env // tip: ⌘ override existing { override: true }
2026-06-08 02:59:22: ◇ injected env (0) from .env // tip: ◈ secrets for agents [www.dotenvx.com]
2026-06-08 02:59:30: ◇ injected env (0) from .env // tip: ⌘ custom filepath { path: '/custom/path/.env' }
2026-06-08 02:59:36: ◇ injected env (0) from .env // tip: ⌘ override existing { override: true }
2026-06-08 02:59:44: ◇ injected env (0) from .env // tip: ⌘ enable debugging { debug: true }
2026-06-08 02:59:51: ◇ injected env (0) from .env // tip: ◈ encrypted .env [www.dotenvx.com]
2026-06-08 02:59:58: ◇ injected env (0) from .env // tip: ⌘ custom filepath { path: '/custom/path/.env' }
2026-06-08 03:00:06: ◇ injected env (0) from .env // tip: ⌁ auth for agents [www.vestauth.com]
2026-06-08 03:00:13: ◇ injected env (0) from .env // tip: ⌁ auth for agents [www.vestauth.com]
2026-06-08 03:00:20: ◇ injected env (0) from .env // tip: ⌘ suppress logs { quiet: true }
2026-06-08 03:00:26: ◇ injected env (0) from .env // tip: ⌘ custom filepath { path: '/custom/path/.env' }
2026-06-08 03:00:30: ◇ injected env (0) from .env // tip: ⌘ multiple files { path: ['.env.local', '.env'] }
2026-06-08 03:00:33: ◇ injected env (0) from .env // tip: ⌁ auth for agents [www.vestauth.com]
2026-06-08 03:00:38: ◇ injected env (0) from .env // tip: ⌘ custom filepath { path: '/custom/path/.env' }
2026-06-08 03:00:42: ◇ injected env (0) from .env // tip: ⌘ custom filepath { path: '/custom/path/.env' }
2026-06-08 03:00:49: ◇ injected env (0) from .env // tip: ⌘ multiple files { path: ['.env.local', '.env'] }
2026-06-08 03:00:58: ◇ injected env (0) from .env // tip: ⌁ auth for agents [www.vestauth.com]
2026-06-08 03:01:05: ◇ injected env (0) from .env // tip: ⌘ override existing { override: true }
2026-06-08 03:01:15: ◇ injected env (0) from .env // tip: ⌘ custom filepath { path: '/custom/path/.env' }
2026-06-08 03:01:25: ◇ injected env (0) from .env // tip: ◈ secrets for agents [www.dotenvx.com]
2026-06-08 03:01:33: ◇ injected env (0) from .env // tip: ⌘ multiple files { path: ['.env.local', '.env'] }
2026-06-08 03:01:41: ◇ injected env (0) from .env // tip: ⌘ custom filepath { path: '/custom/path/.env' }
2026-06-08 03:01:50: ◇ injected env (0) from .env // tip: ⌘ override existing { override: true }
2026-06-08 03:02:00: ◇ injected env (0) from .env // tip: ◈ encrypted .env [www.dotenvx.com]
2026-06-08 03:02:11: ◇ injected env (0) from .env // tip: ⌘ suppress logs { quiet: true }
2026-06-08 03:02:21: ◇ injected env (0) from .env // tip: ⌘ override existing { override: true }
2026-06-08 03:02:29: ◇ injected env (0) from .env // tip: ⌘ custom filepath { path: '/custom/path/.env' }
2026-06-08 03:02:39: ◇ injected env (0) from .env // tip: ⌘ custom filepath { path: '/custom/path/.env' }
2026-06-08 03:02:47: ◇ injected env (0) from .env // tip: ⌘ custom filepath { path: '/custom/path/.env' }
2026-06-08 03:02:50: ◇ injected env (0) from .env // tip: ⌘ suppress logs { quiet: true }
2026-06-08 03:02:59: ◇ injected env (0) from .env // tip: ⌁ auth for agents [www.vestauth.com]
2026-06-08 03:03:07: ◇ injected env (0) from .env // tip: ⌘ multiple files { path: ['.env.local', '.env'] }
2026-06-08 03:03:11: ◇ injected env (0) from .env // tip: ⌘ enable debugging { debug: true }
2026-06-08 03:03:19: ◇ injected env (0) from .env // tip: ⌘ suppress logs { quiet: true }
2026-06-08 03:03:27: ◇ injected env (0) from .env // tip: ⌘ custom filepath { path: '/custom/path/.env' }
2026-06-08 03:03:36: ◇ injected env (0) from .env // tip: ⌘ override existing { override: true }
2026-06-08 03:03:46: ◇ injected env (0) from .env // tip: ⌘ override existing { override: true }
2026-06-08 03:03:53: ◇ injected env (0) from .env // tip: ◈ secrets for agents [www.dotenvx.com]
2026-06-08 03:04:00: ◇ injected env (0) from .env // tip: ⌘ multiple files { path: ['.env.local', '.env'] }
2026-06-08 03:04:09: ◇ injected env (0) from .env // tip: ◈ encrypted .env [www.dotenvx.com]
2026-06-08 03:04:17: ◇ injected env (0) from .env // tip: ⌘ suppress logs { quiet: true }
2026-06-08 03:04:23: ◇ injected env (0) from .env // tip: ◈ secrets for agents [www.dotenvx.com]
2026-06-08 03:04:28: ◇ injected env (0) from .env // tip: ◈ secrets for agents [www.dotenvx.com]
2026-06-08 03:04:31: ◇ injected env (0) from .env // tip: ⌘ custom filepath { path: '/custom/path/.env' }
2026-06-08 03:04:35: ◇ injected env (0) from .env // tip: ◈ encrypted .env [www.dotenvx.com]
2026-06-08 03:04:42: ◇ injected env (0) from .env // tip: ⌁ auth for agents [www.vestauth.com]
2026-06-08 03:04:50: ◇ injected env (0) from .env // tip: ◈ encrypted .env [www.dotenvx.com]
2026-06-08 03:04:59: ◇ injected env (0) from .env // tip: ⌁ auth for agents [www.vestauth.com]
2026-06-08 03:05:09: ◇ injected env (0) from .env // tip: ⌘ override existing { override: true }
2026-06-08 03:05:16: ◇ injected env (0) from .env // tip: ⌘ enable debugging { debug: true }
2026-06-08 03:05:20: ◇ injected env (0) from .env // tip: ◈ encrypted .env [www.dotenvx.com]
2026-06-08 03:05:28: ◇ injected env (0) from .env // tip: ⌘ multiple files { path: ['.env.local', '.env'] }
2026-06-08 03:05:33: ◇ injected env (0) from .env // tip: ⌘ suppress logs { quiet: true }
2026-06-08 03:05:44: ◇ injected env (0) from .env // tip: ◈ encrypted .env [www.dotenvx.com]
2026-06-08 03:05:54: ◇ injected env (0) from .env // tip: ⌘ multiple files { path: ['.env.local', '.env'] }
2026-06-08 03:06:03: ◇ injected env (0) from .env // tip: ⌘ override existing { override: true }
2026-06-08 03:06:11: ◇ injected env (0) from .env // tip: ⌘ custom filepath { path: '/custom/path/.env' }
2026-06-08 03:06:17: ◇ injected env (0) from .env // tip: ◈ secrets for agents [www.dotenvx.com]
2026-06-08 03:06:20: ◇ injected env (0) from .env // tip: ⌘ override existing { override: true }
2026-06-08 03:06:25: ◇ injected env (0) from .env // tip: ⌘ custom filepath { path: '/custom/path/.env' }
2026-06-08 03:06:32: ◇ injected env (0) from .env // tip: ⌘ enable debugging { debug: true }
2026-06-08 03:06:40: ◇ injected env (0) from .env // tip: ⌁ auth for agents [www.vestauth.com]
2026-06-08 03:06:43: ◇ injected env (0) from .env // tip: ⌘ custom filepath { path: '/custom/path/.env' }
2026-06-08 03:06:51: ◇ injected env (0) from .env // tip: ⌁ auth for agents [www.vestauth.com]
2026-06-08 03:06:55: ◇ injected env (0) from .env // tip: ◈ secrets for agents [www.dotenvx.com]
2026-06-08 03:07:05: ◇ injected env (0) from .env // tip: ◈ secrets for agents [www.dotenvx.com]
2026-06-08 03:07:12: ◇ injected env (0) from .env // tip: ◈ secrets for agents [www.dotenvx.com]
2026-06-08 03:07:20: ◇ injected env (0) from .env // tip: ◈ secrets for agents [www.dotenvx.com]
2026-06-08 03:07:27: ◇ injected env (0) from .env // tip: ⌘ custom filepath { path: '/custom/path/.env' }
2026-06-08 03:07:37: ◇ injected env (0) from .env // tip: ◈ secrets for agents [www.dotenvx.com]
2026-06-08 03:07:45: ◇ injected env (0) from .env // tip: ◈ secrets for agents [www.dotenvx.com]
2026-06-08 03:07:52: ◇ injected env (0) from .env // tip: ⌘ enable debugging { debug: true }
2026-06-08 03:07:59: ◇ injected env (0) from .env // tip: ◈ secrets for agents [www.dotenvx.com]
2026-06-08 03:08:06: ◇ injected env (0) from .env // tip: ⌘ enable debugging { debug: true }
2026-06-08 03:08:13: ◇ injected env (0) from .env // tip: ⌘ override existing { override: true }
2026-06-08 03:08:19: ◇ injected env (0) from .env // tip: ⌘ override existing { override: true }
2026-06-08 03:08:24: ◇ injected env (0) from .env // tip: ⌘ enable debugging { debug: true }
2026-06-08 03:08:26: ◇ injected env (0) from .env // tip: ⌘ enable debugging { debug: true }
2026-06-08 03:08:29: ◇ injected env (0) from .env // tip: ⌘ multiple files { path: ['.env.local', '.env'] }
2026-06-08 03:08:37: ◇ injected env (0) from .env // tip: ⌘ custom filepath { path: '/custom/path/.env' }
2026-06-08 03:08:45: ◇ injected env (0) from .env // tip: ◈ encrypted .env [www.dotenvx.com]
2026-06-08 03:08:52: ◇ injected env (0) from .env // tip: ⌘ enable debugging { debug: true }
2026-06-08 03:09:01: ◇ injected env (0) from .env // tip: ⌘ suppress logs { quiet: true }
2026-06-08 03:09:10: ◇ injected env (0) from .env // tip: ⌁ auth for agents [www.vestauth.com]
2026-06-08 03:09:17: ◇ injected env (0) from .env // tip: ⌘ multiple files { path: ['.env.local', '.env'] }
2026-06-08 03:09:25: ◇ injected env (0) from .env // tip: ⌘ override existing { override: true }
2026-06-08 03:09:34: ◇ injected env (0) from .env // tip: ⌁ auth for agents [www.vestauth.com]
2026-06-08 03:09:42: ◇ injected env (0) from .env // tip: ⌘ enable debugging { debug: true }
2026-06-08 03:09:48: ◇ injected env (0) from .env // tip: ⌘ custom filepath { path: '/custom/path/.env' }
2026-06-08 03:09:54: ◇ injected env (0) from .env // tip: ⌁ auth for agents [www.vestauth.com]
2026-06-08 03:10:01: ◇ injected env (0) from .env // tip: ⌘ enable debugging { debug: true }
2026-06-08 03:10:13: ◇ injected env (0) from .env // tip: ⌘ multiple files { path: ['.env.local', '.env'] }
2026-06-08 03:10:19: ◇ injected env (0) from .env // tip: ◈ secrets for agents [www.dotenvx.com]
2026-06-08 03:10:29: ◇ injected env (0) from .env // tip: ⌘ custom filepath { path: '/custom/path/.env' }
2026-06-08 03:10:38: ◇ injected env (0) from .env // tip: ⌘ enable debugging { debug: true }
2026-06-08 03:10:45: ◇ injected env (0) from .env // tip: ⌘ override existing { override: true }
2026-06-08 03:10:52: ◇ injected env (0) from .env // tip: ◈ encrypted .env [www.dotenvx.com]
2026-06-08 03:10:57: ◇ injected env (0) from .env // tip: ⌘ multiple files { path: ['.env.local', '.env'] }
2026-06-08 03:11:04: ◇ injected env (0) from .env // tip: ⌘ multiple files { path: ['.env.local', '.env'] }
2026-06-08 03:11:11: ◇ injected env (0) from .env // tip: ◈ secrets for agents [www.dotenvx.com]
2026-06-08 03:11:17: ◇ injected env (0) from .env // tip: ⌘ custom filepath { path: '/custom/path/.env' }
2026-06-08 03:11:24: ◇ injected env (0) from .env // tip: ⌘ multiple files { path: ['.env.local', '.env'] }
2026-06-08 03:11:31: ◇ injected env (0) from .env // tip: ◈ secrets for agents [www.dotenvx.com]
2026-06-08 03:11:39: ◇ injected env (0) from .env // tip: ◈ secrets for agents [www.dotenvx.com]
2026-06-08 03:11:46: ◇ injected env (0) from .env // tip: ◈ secrets for agents [www.dotenvx.com]
2026-06-08 03:11:53: ◇ injected env (0) from .env // tip: ⌘ override existing { override: true }
2026-06-08 03:11:59: ◇ injected env (0) from .env // tip: ⌘ multiple files { path: ['.env.local', '.env'] }
2026-06-08 03:12:06: ◇ injected env (0) from .env // tip: ⌘ suppress logs { quiet: true }
2026-06-08 03:12:13: ◇ injected env (0) from .env // tip: ◈ encrypted .env [www.dotenvx.com]
2026-06-08 03:12:19: ◇ injected env (0) from .env // tip: ⌘ custom filepath { path: '/custom/path/.env' }
2026-06-08 03:12:25: ◇ injected env (0) from .env // tip: ⌘ suppress logs { quiet: true }
2026-06-08 03:12:30: ◇ injected env (0) from .env // tip: ⌘ enable debugging { debug: true }
2026-06-08 03:12:36: ◇ injected env (0) from .env // tip: ⌘ suppress logs { quiet: true }
2026-06-08 03:12:41: ◇ injected env (0) from .env // tip: ⌘ override existing { override: true }
2026-06-08 03:12:47: ◇ injected env (0) from .env // tip: ◈ encrypted .env [www.dotenvx.com]
2026-06-08 03:12:53: ◇ injected env (0) from .env // tip: ⌘ custom filepath { path: '/custom/path/.env' }
2026-06-08 03:12:58: ◇ injected env (0) from .env // tip: ◈ encrypted .env [www.dotenvx.com]
2026-06-08 03:13:04: ◇ injected env (0) from .env // tip: ⌘ multiple files { path: ['.env.local', '.env'] }
2026-06-08 03:13:10: ◇ injected env (0) from .env // tip: ◈ secrets for agents [www.dotenvx.com]
2026-06-08 03:13:15: ◇ injected env (0) from .env // tip: ⌘ enable debugging { debug: true }
2026-06-08 03:13:21: ◇ injected env (0) from .env // tip: ⌁ auth for agents [www.vestauth.com]
2026-06-08 03:13:27: ◇ injected env (0) from .env // tip: ⌘ custom filepath { path: '/custom/path/.env' }
2026-06-08 03:13:33: ◇ injected env (0) from .env // tip: ⌘ suppress logs { quiet: true }
2026-06-08 03:13:40: ◇ injected env (0) from .env // tip: ⌘ multiple files { path: ['.env.local', '.env'] }
2026-06-08 03:13:48: ◇ injected env (0) from .env // tip: ⌘ custom filepath { path: '/custom/path/.env' }
2026-06-08 03:13:55: ◇ injected env (0) from .env // tip: ⌘ suppress logs { quiet: true }
2026-06-08 03:14:02: ◇ injected env (0) from .env // tip: ⌘ enable debugging { debug: true }
2026-06-08 03:14:08: ◇ injected env (0) from .env // tip: ⌘ custom filepath { path: '/custom/path/.env' }
2026-06-08 03:14:16: ◇ injected env (0) from .env // tip: ◈ secrets for agents [www.dotenvx.com]
2026-06-08 03:14:23: ◇ injected env (0) from .env // tip: ⌁ auth for agents [www.vestauth.com]
2026-06-08 03:14:30: ◇ injected env (0) from .env // tip: ⌁ auth for agents [www.vestauth.com]
2026-06-08 03:14:37: ◇ injected env (0) from .env // tip: ⌘ custom filepath { path: '/custom/path/.env' }
2026-06-08 03:14:44: ◇ injected env (0) from .env // tip: ⌘ multiple files { path: ['.env.local', '.env'] }
2026-06-08 03:14:51: ◇ injected env (0) from .env // tip: ⌘ enable debugging { debug: true }
2026-06-08 03:14:58: ◇ injected env (0) from .env // tip: ⌁ auth for agents [www.vestauth.com]
2026-06-08 03:15:05: ◇ injected env (0) from .env // tip: ◈ secrets for agents [www.dotenvx.com]
2026-06-08 03:15:11: ◇ injected env (0) from .env // tip: ⌘ enable debugging { debug: true }
2026-06-08 03:15:18: ◇ injected env (0) from .env // tip: ◈ secrets for agents [www.dotenvx.com]
2026-06-08 03:15:24: ◇ injected env (0) from .env // tip: ⌁ auth for agents [www.vestauth.com]
2026-06-08 03:15:30: ◇ injected env (0) from .env // tip: ⌘ multiple files { path: ['.env.local', '.env'] }
2026-06-08 03:15:37: ◇ injected env (0) from .env // tip: ◈ encrypted .env [www.dotenvx.com]
2026-06-08 03:15:44: ◇ injected env (0) from .env // tip: ⌘ custom filepath { path: '/custom/path/.env' }
2026-06-08 03:15:50: ◇ injected env (0) from .env // tip: ⌘ enable debugging { debug: true }
2026-06-08 03:15:56: ◇ injected env (0) from .env // tip: ⌘ suppress logs { quiet: true }
2026-06-08 03:16:04: ◇ injected env (0) from .env // tip: ⌘ suppress logs { quiet: true }
2026-06-08 03:16:11: ◇ injected env (0) from .env // tip: ⌘ multiple files { path: ['.env.local', '.env'] }
2026-06-08 03:16:18: ◇ injected env (0) from .env // tip: ⌁ auth for agents [www.vestauth.com]
2026-06-08 03:16:24: ◇ injected env (0) from .env // tip: ◈ secrets for agents [www.dotenvx.com]
2026-06-08 03:16:31: ◇ injected env (0) from .env // tip: ⌘ suppress logs { quiet: true }
2026-06-08 03:16:38: ◇ injected env (0) from .env // tip: ⌁ auth for agents [www.vestauth.com]
2026-06-08 03:16:44: ◇ injected env (0) from .env // tip: ◈ secrets for agents [www.dotenvx.com]
2026-06-08 03:16:51: ◇ injected env (0) from .env // tip: ◈ secrets for agents [www.dotenvx.com]
2026-06-08 03:16:57: ◇ injected env (0) from .env // tip: ⌘ enable debugging { debug: true }
2026-06-08 03:17:04: ◇ injected env (0) from .env // tip: ⌘ custom filepath { path: '/custom/path/.env' }
2026-06-08 03:17:11: ◇ injected env (0) from .env // tip: ⌁ auth for agents [www.vestauth.com]
2026-06-08 03:17:18: ◇ injected env (0) from .env // tip: ◈ secrets for agents [www.dotenvx.com]
2026-06-08 03:17:25: ◇ injected env (0) from .env // tip: ◈ secrets for agents [www.dotenvx.com]
2026-06-08 03:17:31: ◇ injected env (0) from .env // tip: ◈ secrets for agents [www.dotenvx.com]
2026-06-08 03:17:39: ◇ injected env (0) from .env // tip: ⌘ enable debugging { debug: true }
2026-06-08 03:17:46: ◇ injected env (0) from .env // tip: ◈ secrets for agents [www.dotenvx.com]
2026-06-08 03:17:52: ◇ injected env (0) from .env // tip: ⌘ enable debugging { debug: true }
2026-06-08 03:17:59: ◇ injected env (0) from .env // tip: ⌘ custom filepath { path: '/custom/path/.env' }
2026-06-08 03:18:05: ◇ injected env (0) from .env // tip: ⌘ suppress logs { quiet: true }
2026-06-08 03:18:11: ◇ injected env (0) from .env // tip: ⌘ override existing { override: true }
2026-06-08 03:18:18: ◇ injected env (0) from .env // tip: ⌘ enable debugging { debug: true }
2026-06-08 03:18:24: ◇ injected env (0) from .env // tip: ⌘ multiple files { path: ['.env.local', '.env'] }
2026-06-08 03:18:30: ◇ injected env (0) from .env // tip: ◈ encrypted .env [www.dotenvx.com]
2026-06-08 03:18:36: ◇ injected env (0) from .env // tip: ⌘ custom filepath { path: '/custom/path/.env' }
2026-06-08 03:18:43: ◇ injected env (0) from .env // tip: ⌘ multiple files { path: ['.env.local', '.env'] }
2026-06-08 03:18:50: ◇ injected env (0) from .env // tip: ⌘ override existing { override: true }
2026-06-08 03:18:57: ◇ injected env (0) from .env // tip: ⌘ suppress logs { quiet: true }
2026-06-08 03:19:04: ◇ injected env (0) from .env // tip: ⌁ auth for agents [www.vestauth.com]
2026-06-08 03:19:11: ◇ injected env (0) from .env // tip: ⌘ enable debugging { debug: true }
2026-06-08 03:19:17: ◇ injected env (0) from .env // tip: ⌘ suppress logs { quiet: true }
2026-06-08 03:19:24: ◇ injected env (0) from .env // tip: ⌁ auth for agents [www.vestauth.com]
2026-06-08 03:19:31: ◇ injected env (0) from .env // tip: ⌘ suppress logs { quiet: true }
2026-06-08 03:19:37: ◇ injected env (0) from .env // tip: ⌁ auth for agents [www.vestauth.com]
2026-06-08 03:19:43: ◇ injected env (0) from .env // tip: ⌘ override existing { override: true }
2026-06-08 03:19:49: ◇ injected env (0) from .env // tip: ◈ secrets for agents [www.dotenvx.com]
2026-06-08 03:19:56: ◇ injected env (0) from .env // tip: ⌘ enable debugging { debug: true }
2026-06-08 03:20:03: ◇ injected env (0) from .env // tip: ⌘ multiple files { path: ['.env.local', '.env'] }
2026-06-08 03:20:10: ◇ injected env (0) from .env // tip: ⌁ auth for agents [www.vestauth.com]
2026-06-08 03:20:17: ◇ injected env (0) from .env // tip: ◈ encrypted .env [www.dotenvx.com]
2026-06-08 03:20:24: ◇ injected env (0) from .env // tip: ⌘ custom filepath { path: '/custom/path/.env' }
2026-06-08 03:20:30: ◇ injected env (0) from .env // tip: ⌘ override existing { override: true }
2026-06-08 03:20:37: ◇ injected env (0) from .env // tip: ◈ secrets for agents [www.dotenvx.com]
2026-06-08 03:20:43: ◇ injected env (0) from .env // tip: ◈ secrets for agents [www.dotenvx.com]
2026-06-08 03:20:50: ◇ injected env (0) from .env // tip: ◈ secrets for agents [www.dotenvx.com]
2026-06-08 03:20:57: ◇ injected env (0) from .env // tip: ◈ encrypted .env [www.dotenvx.com]
2026-06-08 03:21:03: ◇ injected env (0) from .env // tip: ⌁ auth for agents [www.vestauth.com]
2026-06-08 03:21:10: ◇ injected env (0) from .env // tip: ⌘ enable debugging { debug: true }
2026-06-08 03:21:16: ◇ injected env (0) from .env // tip: ⌘ multiple files { path: ['.env.local', '.env'] }
2026-06-08 03:21:22: ◇ injected env (0) from .env // tip: ◈ secrets for agents [www.dotenvx.com]
2026-06-08 03:21:28: ◇ injected env (0) from .env // tip: ⌁ auth for agents [www.vestauth.com]
2026-06-08 03:21:35: ◇ injected env (0) from .env // tip: ◈ secrets for agents [www.dotenvx.com]
2026-06-08 03:21:43: ◇ injected env (0) from .env // tip: ⌘ enable debugging { debug: true }
2026-06-08 03:21:49: ◇ injected env (0) from .env // tip: ◈ secrets for agents [www.dotenvx.com]
2026-06-08 03:21:56: ◇ injected env (0) from .env // tip: ⌘ custom filepath { path: '/custom/path/.env' }
2026-06-08 03:22:02: ◇ injected env (0) from .env // tip: ⌘ enable debugging { debug: true }
2026-06-08 03:22:09: ◇ injected env (0) from .env // tip: ⌘ multiple files { path: ['.env.local', '.env'] }
2026-06-08 03:22:16: ◇ injected env (0) from .env // tip: ⌘ enable debugging { debug: true }
2026-06-08 03:22:22: ◇ injected env (0) from .env // tip: ⌘ custom filepath { path: '/custom/path/.env' }
2026-06-08 03:22:30: ◇ injected env (0) from .env // tip: ⌘ multiple files { path: ['.env.local', '.env'] }
2026-06-08 03:22:36: ◇ injected env (0) from .env // tip: ⌘ multiple files { path: ['.env.local', '.env'] }
2026-06-08 03:22:43: ◇ injected env (0) from .env // tip: ⌘ enable debugging { debug: true }
2026-06-08 03:22:50: ◇ injected env (0) from .env // tip: ⌁ auth for agents [www.vestauth.com]
2026-06-08 03:22:56: ◇ injected env (0) from .env // tip: ⌘ custom filepath { path: '/custom/path/.env' }
2026-06-08 03:23:02: ◇ injected env (0) from .env // tip: ⌘ override existing { override: true }
2026-06-08 03:23:09: ◇ injected env (0) from .env // tip: ⌘ custom filepath { path: '/custom/path/.env' }
2026-06-08 03:23:15: ◇ injected env (0) from .env // tip: ⌘ enable debugging { debug: true }
2026-06-08 03:23:21: ◇ injected env (0) from .env // tip: ⌁ auth for agents [www.vestauth.com]
2026-06-08 03:23:27: ◇ injected env (0) from .env // tip: ◈ secrets for agents [www.dotenvx.com]
2026-06-08 03:23:33: ◇ injected env (0) from .env // tip: ⌘ custom filepath { path: '/custom/path/.env' }
2026-06-08 03:23:39: ◇ injected env (0) from .env // tip: ⌘ enable debugging { debug: true }
2026-06-08 03:23:45: ◇ injected env (0) from .env // tip: ◈ secrets for agents [www.dotenvx.com]
2026-06-08 03:23:52: ◇ injected env (0) from .env // tip: ⌘ enable debugging { debug: true }
2026-06-08 03:23:58: ◇ injected env (0) from .env // tip: ⌁ auth for agents [www.vestauth.com]
2026-06-08 03:24:07: ◇ injected env (0) from .env // tip: ⌁ auth for agents [www.vestauth.com]
2026-06-08 03:24:15: ◇ injected env (0) from .env // tip: ⌘ override existing { override: true }
2026-06-08 03:24:23: ◇ injected env (0) from .env // tip: ◈ encrypted .env [www.dotenvx.com]
2026-06-08 03:24:32: ◇ injected env (0) from .env // tip: ⌘ enable debugging { debug: true }
2026-06-08 03:24:39: ◇ injected env (0) from .env // tip: ◈ encrypted .env [www.dotenvx.com]
2026-06-08 03:24:45: ◇ injected env (0) from .env // tip: ⌘ multiple files { path: ['.env.local', '.env'] }
2026-06-08 03:24:55: ◇ injected env (0) from .env // tip: ⌘ custom filepath { path: '/custom/path/.env' }
2026-06-08 03:25:07: ◇ injected env (0) from .env // tip: ◈ encrypted .env [www.dotenvx.com]
2026-06-08 03:25:12: ◇ injected env (0) from .env // tip: ◈ secrets for agents [www.dotenvx.com]
2026-06-08 03:25:21: ◇ injected env (0) from .env // tip: ⌘ override existing { override: true }
2026-06-08 03:25:29: ◇ injected env (0) from .env // tip: ◈ secrets for agents [www.dotenvx.com]
2026-06-08 03:25:39: ◇ injected env (0) from .env // tip: ◈ secrets for agents [www.dotenvx.com]
2026-06-08 03:25:50: ◇ injected env (0) from .env // tip: ⌘ custom filepath { path: '/custom/path/.env' }
2026-06-08 03:25:58: ◇ injected env (0) from .env // tip: ⌘ custom filepath { path: '/custom/path/.env' }
2026-06-08 03:26:03: ◇ injected env (0) from .env // tip: ◈ secrets for agents [www.dotenvx.com]
2026-06-08 03:26:08: ◇ injected env (0) from .env // tip: ⌘ custom filepath { path: '/custom/path/.env' }
2026-06-08 03:26:16: ◇ injected env (0) from .env // tip: ⌘ enable debugging { debug: true }
2026-06-08 03:26:23: ◇ injected env (0) from .env // tip: ⌘ override existing { override: true }
2026-06-08 03:26:28: ◇ injected env (0) from .env // tip: ⌘ enable debugging { debug: true }
2026-06-08 03:26:34: ◇ injected env (0) from .env // tip: ⌘ enable debugging { debug: true }
2026-06-08 03:26:41: ◇ injected env (0) from .env // tip: ⌘ custom filepath { path: '/custom/path/.env' }
2026-06-08 03:26:47: ◇ injected env (0) from .env // tip: ⌘ suppress logs { quiet: true }
2026-06-08 03:26:53: ◇ injected env (0) from .env // tip: ⌁ auth for agents [www.vestauth.com]
2026-06-08 03:26:59: ◇ injected env (0) from .env // tip: ◈ encrypted .env [www.dotenvx.com]
2026-06-08 03:27:04: ◇ injected env (0) from .env // tip: ⌘ override existing { override: true }
2026-06-08 03:27:09: ◇ injected env (0) from .env // tip: ⌁ auth for agents [www.vestauth.com]
2026-06-08 03:27:14: ◇ injected env (0) from .env // tip: ⌘ multiple files { path: ['.env.local', '.env'] }
2026-06-08 03:27:18: ◇ injected env (0) from .env // tip: ◈ secrets for agents [www.dotenvx.com]
2026-06-08 03:27:25: ◇ injected env (0) from .env // tip: ◈ secrets for agents [www.dotenvx.com]
2026-06-08 03:27:30: ◇ injected env (0) from .env // tip: ⌘ multiple files { path: ['.env.local', '.env'] }
2026-06-08 03:27:36: ◇ injected env (0) from .env // tip: ⌘ override existing { override: true }
2026-06-08 03:27:45: ◇ injected env (0) from .env // tip: ◈ encrypted .env [www.dotenvx.com]
2026-06-08 03:27:50: ◇ injected env (0) from .env // tip: ⌘ enable debugging { debug: true }
2026-06-08 03:27:54: ◇ injected env (0) from .env // tip: ⌁ auth for agents [www.vestauth.com]
2026-06-08 03:28:02: ◇ injected env (0) from .env // tip: ◈ encrypted .env [www.dotenvx.com]
2026-06-08 03:28:09: ◇ injected env (0) from .env // tip: ⌘ enable debugging { debug: true }
2026-06-08 03:28:14: ◇ injected env (0) from .env // tip: ⌘ multiple files { path: ['.env.local', '.env'] }
2026-06-08 03:28:25: ◇ injected env (0) from .env // tip: ◈ encrypted .env [www.dotenvx.com]
2026-06-08 03:28:38: ◇ injected env (0) from .env // tip: ⌘ override existing { override: true }
2026-06-08 03:28:48: ◇ injected env (0) from .env // tip: ⌘ suppress logs { quiet: true }
2026-06-08 03:28:59: ◇ injected env (0) from .env // tip: ◈ encrypted .env [www.dotenvx.com]
2026-06-08 03:29:09: ◇ injected env (0) from .env // tip: ◈ encrypted .env [www.dotenvx.com]
2026-06-08 03:29:19: ◇ injected env (0) from .env // tip: ⌘ multiple files { path: ['.env.local', '.env'] }
2026-06-08 03:29:29: ◇ injected env (0) from .env // tip: ◈ secrets for agents [www.dotenvx.com]
2026-06-08 03:29:42: ◇ injected env (0) from .env // tip: ⌘ enable debugging { debug: true }
2026-06-08 03:29:53: ◇ injected env (0) from .env // tip: ⌘ multiple files { path: ['.env.local', '.env'] }
2026-06-08 03:30:03: ◇ injected env (0) from .env // tip: ⌘ enable debugging { debug: true }
2026-06-08 03:30:13: ◇ injected env (0) from .env // tip: ⌁ auth for agents [www.vestauth.com]
2026-06-08 03:30:21: ◇ injected env (0) from .env // tip: ⌘ custom filepath { path: '/custom/path/.env' }
2026-06-08 03:30:25: ◇ injected env (0) from .env // tip: ⌘ override existing { override: true }
2026-06-08 03:30:30: ◇ injected env (0) from .env // tip: ⌘ custom filepath { path: '/custom/path/.env' }
2026-06-08 03:30:35: ◇ injected env (0) from .env // tip: ◈ secrets for agents [www.dotenvx.com]
2026-06-08 03:30:42: ◇ injected env (0) from .env // tip: ⌘ enable debugging { debug: true }
2026-06-08 03:30:51: ◇ injected env (0) from .env // tip: ⌁ auth for agents [www.vestauth.com]
2026-06-08 03:30:59: ◇ injected env (0) from .env // tip: ⌘ custom filepath { path: '/custom/path/.env' }
2026-06-08 03:31:06: ◇ injected env (0) from .env // tip: ◈ secrets for agents [www.dotenvx.com]
2026-06-08 03:31:16: ◇ injected env (0) from .env // tip: ⌘ multiple files { path: ['.env.local', '.env'] }
2026-06-08 03:31:25: ◇ injected env (0) from .env // tip: ⌘ custom filepath { path: '/custom/path/.env' }
2026-06-08 03:31:30: ◇ injected env (0) from .env // tip: ⌘ custom filepath { path: '/custom/path/.env' }
2026-06-08 03:31:38: ◇ injected env (0) from .env // tip: ◈ secrets for agents [www.dotenvx.com]
2026-06-08 03:31:50: ◇ injected env (0) from .env // tip: ⌘ custom filepath { path: '/custom/path/.env' }
2026-06-08 03:31:59: ◇ injected env (0) from .env // tip: ⌁ auth for agents [www.vestauth.com]
2026-06-08 03:32:09: ◇ injected env (0) from .env // tip: ◈ encrypted .env [www.dotenvx.com]
2026-06-08 03:32:19: ◇ injected env (0) from .env // tip: ⌘ custom filepath { path: '/custom/path/.env' }
2026-06-08 03:32:26: ◇ injected env (0) from .env // tip: ⌘ enable debugging { debug: true }
2026-06-08 03:32:35: ◇ injected env (0) from .env // tip: ◈ secrets for agents [www.dotenvx.com]
2026-06-08 03:32:42: ◇ injected env (0) from .env // tip: ◈ encrypted .env [www.dotenvx.com]
2026-06-08 03:32:49: ◇ injected env (0) from .env // tip: ◈ secrets for agents [www.dotenvx.com]
2026-06-08 03:32:57: ◇ injected env (0) from .env // tip: ⌁ auth for agents [www.vestauth.com]
2026-06-08 03:33:03: ◇ injected env (0) from .env // tip: ⌁ auth for agents [www.vestauth.com]
2026-06-08 03:33:09: ◇ injected env (0) from .env // tip: ⌘ custom filepath { path: '/custom/path/.env' }
2026-06-08 03:33:14: ◇ injected env (0) from .env // tip: ⌘ suppress logs { quiet: true }
2026-06-08 03:33:20: ◇ injected env (0) from .env // tip: ◈ secrets for agents [www.dotenvx.com]
2026-06-08 03:33:26: ◇ injected env (0) from .env // tip: ⌘ enable debugging { debug: true }
2026-06-08 03:33:33: ◇ injected env (0) from .env // tip: ⌘ enable debugging { debug: true }
2026-06-08 03:33:38: ◇ injected env (0) from .env // tip: ⌘ custom filepath { path: '/custom/path/.env' }
2026-06-08 03:33:43: ◇ injected env (0) from .env // tip: ◈ secrets for agents [www.dotenvx.com]
2026-06-08 03:33:50: ◇ injected env (0) from .env // tip: ◈ encrypted .env [www.dotenvx.com]
2026-06-08 03:33:56: ◇ injected env (0) from .env // tip: ⌘ custom filepath { path: '/custom/path/.env' }
2026-06-08 03:34:01: ◇ injected env (0) from .env // tip: ⌘ custom filepath { path: '/custom/path/.env' }
2026-06-08 03:34:05: ◇ injected env (0) from .env // tip: ⌘ enable debugging { debug: true }
2026-06-08 03:34:13: ◇ injected env (0) from .env // tip: ⌘ custom filepath { path: '/custom/path/.env' }
2026-06-08 03:34:17: ◇ injected env (0) from .env // tip: ⌘ override existing { override: true }
2026-06-08 03:34:22: ◇ injected env (0) from .env // tip: ⌘ override existing { override: true }
2026-06-08 03:34:29: ◇ injected env (0) from .env // tip: ⌘ enable debugging { debug: true }
2026-06-08 03:34:37: ◇ injected env (0) from .env // tip: ⌘ custom filepath { path: '/custom/path/.env' }
2026-06-08 03:34:42: ◇ injected env (0) from .env // tip: ⌘ custom filepath { path: '/custom/path/.env' }
2026-06-08 03:34:47: ◇ injected env (0) from .env // tip: ⌁ auth for agents [www.vestauth.com]
2026-06-08 03:34:54: ◇ injected env (0) from .env // tip: ◈ encrypted .env [www.dotenvx.com]
2026-06-08 03:35:01: ◇ injected env (0) from .env // tip: ⌁ auth for agents [www.vestauth.com]
2026-06-08 03:35:10: ◇ injected env (0) from .env // tip: ⌘ multiple files { path: ['.env.local', '.env'] }
2026-06-08 03:35:18: ◇ injected env (0) from .env // tip: ⌘ override existing { override: true }
2026-06-08 03:35:25: ◇ injected env (0) from .env // tip: ⌁ auth for agents [www.vestauth.com]
2026-06-08 03:35:33: ◇ injected env (0) from .env // tip: ⌘ suppress logs { quiet: true }
2026-06-08 03:35:42: ◇ injected env (0) from .env // tip: ⌘ override existing { override: true }
2026-06-08 03:35:49: ◇ injected env (0) from .env // tip: ◈ encrypted .env [www.dotenvx.com]
2026-06-08 03:35:58: ◇ injected env (0) from .env // tip: ⌁ auth for agents [www.vestauth.com]
2026-06-08 03:36:05: ◇ injected env (0) from .env // tip: ◈ secrets for agents [www.dotenvx.com]
2026-06-08 03:36:13: ◇ injected env (0) from .env // tip: ◈ secrets for agents [www.dotenvx.com]
2026-06-08 03:36:20: ◇ injected env (0) from .env // tip: ⌁ auth for agents [www.vestauth.com]
2026-06-08 03:36:27: ◇ injected env (0) from .env // tip: ◈ encrypted .env [www.dotenvx.com]
2026-06-08 03:36:32: ◇ injected env (0) from .env // tip: ⌘ suppress logs { quiet: true }
2026-06-08 03:36:37: ◇ injected env (0) from .env // tip: ◈ encrypted .env [www.dotenvx.com]
2026-06-08 03:36:46: ◇ injected env (0) from .env // tip: ⌘ override existing { override: true }
2026-06-08 03:36:54: ◇ injected env (0) from .env // tip: ⌁ auth for agents [www.vestauth.com]
2026-06-08 03:37:02: ◇ injected env (0) from .env // tip: ⌘ enable debugging { debug: true }
2026-06-08 03:37:10: ◇ injected env (0) from .env // tip: ⌘ custom filepath { path: '/custom/path/.env' }
2026-06-08 03:37:17: ◇ injected env (0) from .env // tip: ⌘ custom filepath { path: '/custom/path/.env' }
2026-06-08 03:37:25: ◇ injected env (0) from .env // tip: ⌘ enable debugging { debug: true }
2026-06-08 03:37:33: ◇ injected env (0) from .env // tip: ◈ secrets for agents [www.dotenvx.com]
2026-06-08 03:37:41: ◇ injected env (0) from .env // tip: ◈ secrets for agents [www.dotenvx.com]
2026-06-08 03:37:49: ◇ injected env (0) from .env // tip: ⌘ multiple files { path: ['.env.local', '.env'] }
2026-06-08 03:37:56: ◇ injected env (0) from .env // tip: ⌘ suppress logs { quiet: true }
2026-06-08 03:38:04: ◇ injected env (0) from .env // tip: ◈ encrypted .env [www.dotenvx.com]
2026-06-08 03:38:12: ◇ injected env (0) from .env // tip: ⌘ multiple files { path: ['.env.local', '.env'] }
2026-06-08 03:38:19: ◇ injected env (0) from .env // tip: ⌘ override existing { override: true }
2026-06-08 03:38:26: ◇ injected env (0) from .env // tip: ◈ secrets for agents [www.dotenvx.com]
2026-06-08 03:38:32: ◇ injected env (0) from .env // tip: ⌘ multiple files { path: ['.env.local', '.env'] }
2026-06-08 03:38:37: ◇ injected env (0) from .env // tip: ⌘ multiple files { path: ['.env.local', '.env'] }
2026-06-08 03:38:44: ◇ injected env (0) from .env // tip: ◈ secrets for agents [www.dotenvx.com]
2026-06-08 03:38:51: ◇ injected env (0) from .env // tip: ⌘ custom filepath { path: '/custom/path/.env' }
2026-06-08 03:38:58: ◇ injected env (0) from .env // tip: ◈ secrets for agents [www.dotenvx.com]
2026-06-08 03:39:04: ◇ injected env (0) from .env // tip: ⌘ override existing { override: true }
2026-06-08 03:39:09: ◇ injected env (0) from .env // tip: ⌘ multiple files { path: ['.env.local', '.env'] }
2026-06-08 03:39:14: ◇ injected env (0) from .env // tip: ⌘ multiple files { path: ['.env.local', '.env'] }
2026-06-08 03:39:22: ◇ injected env (0) from .env // tip: ⌘ suppress logs { quiet: true }
2026-06-08 03:39:30: ◇ injected env (0) from .env // tip: ⌘ custom filepath { path: '/custom/path/.env' }
2026-06-08 03:39:37: ◇ injected env (0) from .env // tip: ⌘ custom filepath { path: '/custom/path/.env' }
2026-06-08 03:39:46: ◇ injected env (0) from .env // tip: ⌘ custom filepath { path: '/custom/path/.env' }
2026-06-08 03:39:56: ◇ injected env (0) from .env // tip: ⌘ multiple files { path: ['.env.local', '.env'] }
2026-06-08 03:40:05: ◇ injected env (0) from .env // tip: ⌘ enable debugging { debug: true }
2026-06-08 03:40:13: ◇ injected env (0) from .env // tip: ⌘ multiple files { path: ['.env.local', '.env'] }
2026-06-08 03:40:23: ◇ injected env (0) from .env // tip: ⌁ auth for agents [www.vestauth.com]
2026-06-08 03:40:32: ◇ injected env (0) from .env // tip: ⌘ multiple files { path: ['.env.local', '.env'] }
2026-06-08 03:40:41: ◇ injected env (0) from .env // tip: ⌁ auth for agents [www.vestauth.com]
2026-06-08 03:40:49: ◇ injected env (0) from .env // tip: ⌘ suppress logs { quiet: true }
2026-06-08 03:40:58: ◇ injected env (0) from .env // tip: ⌘ multiple files { path: ['.env.local', '.env'] }
2026-06-08 03:41:06: ◇ injected env (0) from .env // tip: ⌁ auth for agents [www.vestauth.com]
2026-06-08 03:41:15: ◇ injected env (0) from .env // tip: ⌘ custom filepath { path: '/custom/path/.env' }
2026-06-08 03:41:23: ◇ injected env (0) from .env // tip: ⌁ auth for agents [www.vestauth.com]
2026-06-08 03:41:31: ◇ injected env (0) from .env // tip: ⌘ suppress logs { quiet: true }
2026-06-08 03:41:39: ◇ injected env (0) from .env // tip: ◈ encrypted .env [www.dotenvx.com]
2026-06-08 03:41:47: ◇ injected env (0) from .env // tip: ◈ encrypted .env [www.dotenvx.com]
2026-06-08 03:41:55: ◇ injected env (0) from .env // tip: ⌘ multiple files { path: ['.env.local', '.env'] }
2026-06-08 03:42:03: ◇ injected env (0) from .env // tip: ⌘ multiple files { path: ['.env.local', '.env'] }
2026-06-08 03:42:10: ◇ injected env (0) from .env // tip: ⌁ auth for agents [www.vestauth.com]
2026-06-08 03:42:17: ◇ injected env (0) from .env // tip: ⌘ suppress logs { quiet: true }
2026-06-08 03:42:23: ◇ injected env (0) from .env // tip: ⌁ auth for agents [www.vestauth.com]
2026-06-08 03:42:30: ◇ injected env (0) from .env // tip: ⌁ auth for agents [www.vestauth.com]
2026-06-08 03:42:36: ◇ injected env (0) from .env // tip: ⌘ custom filepath { path: '/custom/path/.env' }
2026-06-08 03:42:43: ◇ injected env (0) from .env // tip: ◈ encrypted .env [www.dotenvx.com]
2026-06-08 03:42:50: ◇ injected env (0) from .env // tip: ◈ secrets for agents [www.dotenvx.com]
2026-06-08 03:42:56: ◇ injected env (0) from .env // tip: ⌘ multiple files { path: ['.env.local', '.env'] }
2026-06-08 03:43:03: ◇ injected env (0) from .env // tip: ◈ encrypted .env [www.dotenvx.com]
2026-06-08 03:43:10: ◇ injected env (0) from .env // tip: ⌘ enable debugging { debug: true }
2026-06-08 03:43:17: ◇ injected env (0) from .env // tip: ⌘ custom filepath { path: '/custom/path/.env' }
2026-06-08 03:43:24: ◇ injected env (0) from .env // tip: ⌘ enable debugging { debug: true }
2026-06-08 03:43:30: ◇ injected env (0) from .env // tip: ⌘ multiple files { path: ['.env.local', '.env'] }
2026-06-08 03:43:37: ◇ injected env (0) from .env // tip: ⌘ override existing { override: true }
2026-06-08 03:43:44: ◇ injected env (0) from .env // tip: ⌘ override existing { override: true }
2026-06-08 03:43:50: ◇ injected env (0) from .env // tip: ⌘ override existing { override: true }
2026-06-08 03:43:56: ◇ injected env (0) from .env // tip: ⌘ override existing { override: true }
2026-06-08 03:44:03: ◇ injected env (0) from .env // tip: ⌘ override existing { override: true }
2026-06-08 03:44:09: ◇ injected env (0) from .env // tip: ⌘ custom filepath { path: '/custom/path/.env' }
2026-06-08 03:44:16: ◇ injected env (0) from .env // tip: ⌘ suppress logs { quiet: true }
2026-06-08 03:44:22: ◇ injected env (0) from .env // tip: ⌘ override existing { override: true }
2026-06-08 03:44:29: ◇ injected env (0) from .env // tip: ⌘ custom filepath { path: '/custom/path/.env' }
2026-06-08 03:44:35: ◇ injected env (0) from .env // tip: ⌘ multiple files { path: ['.env.local', '.env'] }
2026-06-08 03:44:42: ◇ injected env (0) from .env // tip: ⌘ enable debugging { debug: true }
2026-06-08 03:44:49: ◇ injected env (0) from .env // tip: ⌘ suppress logs { quiet: true }
2026-06-08 03:44:56: ◇ injected env (0) from .env // tip: ◈ encrypted .env [www.dotenvx.com]
2026-06-08 03:45:02: ◇ injected env (0) from .env // tip: ⌘ enable debugging { debug: true }
2026-06-08 03:45:09: ◇ injected env (0) from .env // tip: ⌘ override existing { override: true }
2026-06-08 03:45:15: ◇ injected env (0) from .env // tip: ◈ encrypted .env [www.dotenvx.com]
2026-06-08 03:45:22: ◇ injected env (0) from .env // tip: ◈ encrypted .env [www.dotenvx.com]
2026-06-08 03:45:28: ◇ injected env (0) from .env // tip: ⌘ suppress logs { quiet: true }
2026-06-08 03:45:35: ◇ injected env (0) from .env // tip: ◈ encrypted .env [www.dotenvx.com]
2026-06-08 03:45:42: ◇ injected env (0) from .env // tip: ◈ secrets for agents [www.dotenvx.com]
2026-06-08 03:45:48: ◇ injected env (0) from .env // tip: ⌘ multiple files { path: ['.env.local', '.env'] }
2026-06-08 03:45:55: ◇ injected env (0) from .env // tip: ⌘ suppress logs { quiet: true }
2026-06-08 03:46:01: ◇ injected env (0) from .env // tip: ⌘ multiple files { path: ['.env.local', '.env'] }
2026-06-08 03:46:09: ◇ injected env (0) from .env // tip: ⌘ custom filepath { path: '/custom/path/.env' }
2026-06-08 03:46:15: ◇ injected env (0) from .env // tip: ⌁ auth for agents [www.vestauth.com]
2026-06-08 03:46:22: ◇ injected env (0) from .env // tip: ◈ encrypted .env [www.dotenvx.com]
2026-06-08 03:46:30: ◇ injected env (0) from .env // tip: ⌘ enable debugging { debug: true }
2026-06-08 03:46:36: ◇ injected env (0) from .env // tip: ⌘ override existing { override: true }
2026-06-08 03:46:43: ◇ injected env (0) from .env // tip: ⌘ override existing { override: true }
2026-06-08 03:46:49: ◇ injected env (0) from .env // tip: ⌘ multiple files { path: ['.env.local', '.env'] }
2026-06-08 03:46:56: ◇ injected env (0) from .env // tip: ◈ encrypted .env [www.dotenvx.com]
2026-06-08 03:47:02: ◇ injected env (0) from .env // tip: ⌘ custom filepath { path: '/custom/path/.env' }
2026-06-08 03:47:09: ◇ injected env (0) from .env // tip: ⌘ enable debugging { debug: true }
2026-06-08 03:47:15: ◇ injected env (0) from .env // tip: ⌘ suppress logs { quiet: true }
2026-06-08 03:47:22: ◇ injected env (0) from .env // tip: ◈ encrypted .env [www.dotenvx.com]
2026-06-08 03:47:28: ◇ injected env (0) from .env // tip: ◈ encrypted .env [www.dotenvx.com]
2026-06-08 03:47:35: ◇ injected env (0) from .env // tip: ◈ secrets for agents [www.dotenvx.com]
2026-06-08 03:47:41: ◇ injected env (0) from .env // tip: ◈ secrets for agents [www.dotenvx.com]
2026-06-08 03:47:48: ◇ injected env (0) from .env // tip: ⌘ suppress logs { quiet: true }
2026-06-08 03:47:54: ◇ injected env (0) from .env // tip: ⌘ multiple files { path: ['.env.local', '.env'] }
2026-06-08 03:48:01: ◇ injected env (0) from .env // tip: ⌘ suppress logs { quiet: true }
2026-06-08 03:48:08: ◇ injected env (0) from .env // tip: ⌘ custom filepath { path: '/custom/path/.env' }
2026-06-08 03:48:14: ◇ injected env (0) from .env // tip: ⌘ suppress logs { quiet: true }
2026-06-08 03:48:21: ◇ injected env (0) from .env // tip: ◈ secrets for agents [www.dotenvx.com]
2026-06-08 03:48:27: ◇ injected env (0) from .env // tip: ⌘ multiple files { path: ['.env.local', '.env'] }
2026-06-08 03:48:34: ◇ injected env (0) from .env // tip: ⌘ override existing { override: true }
2026-06-08 03:48:40: ◇ injected env (0) from .env // tip: ⌘ override existing { override: true }
2026-06-08 03:48:47: ◇ injected env (0) from .env // tip: ◈ secrets for agents [www.dotenvx.com]
2026-06-08 03:48:53: ◇ injected env (0) from .env // tip: ⌘ custom filepath { path: '/custom/path/.env' }
2026-06-08 03:49:00: ◇ injected env (0) from .env // tip: ⌘ custom filepath { path: '/custom/path/.env' }
2026-06-08 03:49:06: ◇ injected env (0) from .env // tip: ⌘ override existing { override: true }
2026-06-08 03:49:13: ◇ injected env (0) from .env // tip: ⌘ override existing { override: true }
2026-06-08 03:49:19: ◇ injected env (0) from .env // tip: ⌘ custom filepath { path: '/custom/path/.env' }
2026-06-08 03:49:26: ◇ injected env (0) from .env // tip: ⌘ override existing { override: true }
2026-06-08 03:49:32: ◇ injected env (0) from .env // tip: ⌁ auth for agents [www.vestauth.com]
2026-06-08 03:49:39: ◇ injected env (0) from .env // tip: ⌁ auth for agents [www.vestauth.com]
2026-06-08 03:49:45: ◇ injected env (0) from .env // tip: ⌘ suppress logs { quiet: true }
2026-06-08 03:49:52: ◇ injected env (0) from .env // tip: ⌁ auth for agents [www.vestauth.com]
2026-06-08 03:49:58: ◇ injected env (0) from .env // tip: ⌁ auth for agents [www.vestauth.com]
2026-06-08 03:50:05: ◇ injected env (0) from .env // tip: ⌘ enable debugging { debug: true }
2026-06-08 03:50:12: ◇ injected env (0) from .env // tip: ⌘ custom filepath { path: '/custom/path/.env' }
2026-06-08 03:50:19: ◇ injected env (0) from .env // tip: ⌘ suppress logs { quiet: true }
2026-06-08 03:50:26: ◇ injected env (0) from .env // tip: ⌘ multiple files { path: ['.env.local', '.env'] }
2026-06-08 03:50:33: ◇ injected env (0) from .env // tip: ◈ encrypted .env [www.dotenvx.com]
2026-06-08 03:50:40: ◇ injected env (0) from .env // tip: ⌘ multiple files { path: ['.env.local', '.env'] }
2026-06-08 03:50:46: ◇ injected env (0) from .env // tip: ⌘ multiple files { path: ['.env.local', '.env'] }
2026-06-08 03:50:53: ◇ injected env (0) from .env // tip: ◈ secrets for agents [www.dotenvx.com]
2026-06-08 03:51:00: ◇ injected env (0) from .env // tip: ◈ encrypted .env [www.dotenvx.com]
2026-06-08 03:51:06: ◇ injected env (0) from .env // tip: ⌘ enable debugging { debug: true }
2026-06-08 03:51:13: ◇ injected env (0) from .env // tip: ⌘ multiple files { path: ['.env.local', '.env'] }
2026-06-08 03:51:19: ◇ injected env (0) from .env // tip: ⌘ multiple files { path: ['.env.local', '.env'] }
2026-06-08 03:51:26: ◇ injected env (0) from .env // tip: ◈ encrypted .env [www.dotenvx.com]
2026-06-08 03:51:32: ◇ injected env (0) from .env // tip: ⌘ custom filepath { path: '/custom/path/.env' }
2026-06-08 03:51:38: ◇ injected env (0) from .env // tip: ⌁ auth for agents [www.vestauth.com]
2026-06-08 03:51:45: ◇ injected env (0) from .env // tip: ⌘ override existing { override: true }
2026-06-08 03:51:51: ◇ injected env (0) from .env // tip: ⌘ multiple files { path: ['.env.local', '.env'] }
2026-06-08 03:51:57: ◇ injected env (0) from .env // tip: ⌘ override existing { override: true }
2026-06-08 03:52:04: ◇ injected env (0) from .env // tip: ◈ secrets for agents [www.dotenvx.com]
2026-06-08 03:52:10: ◇ injected env (0) from .env // tip: ⌘ enable debugging { debug: true }
2026-06-08 03:52:16: ◇ injected env (0) from .env // tip: ⌘ multiple files { path: ['.env.local', '.env'] }
2026-06-08 03:52:23: ◇ injected env (0) from .env // tip: ⌘ multiple files { path: ['.env.local', '.env'] }
2026-06-08 03:52:29: ◇ injected env (0) from .env // tip: ◈ secrets for agents [www.dotenvx.com]
2026-06-08 03:52:36: ◇ injected env (0) from .env // tip: ⌘ custom filepath { path: '/custom/path/.env' }
2026-06-08 03:52:42: ◇ injected env (0) from .env // tip: ◈ encrypted .env [www.dotenvx.com]
2026-06-08 03:52:48: ◇ injected env (0) from .env // tip: ◈ encrypted .env [www.dotenvx.com]
2026-06-08 03:52:55: ◇ injected env (0) from .env // tip: ⌁ auth for agents [www.vestauth.com]
2026-06-08 03:53:01: ◇ injected env (0) from .env // tip: ◈ encrypted .env [www.dotenvx.com]
2026-06-08 03:53:09: ◇ injected env (0) from .env // tip: ◈ encrypted .env [www.dotenvx.com]
2026-06-08 03:53:15: ◇ injected env (0) from .env // tip: ⌘ suppress logs { quiet: true }
2026-06-08 03:53:21: ◇ injected env (0) from .env // tip: ⌘ multiple files { path: ['.env.local', '.env'] }
2026-06-08 03:53:28: ◇ injected env (0) from .env // tip: ⌘ enable debugging { debug: true }
2026-06-08 03:53:34: ◇ injected env (0) from .env // tip: ◈ encrypted .env [www.dotenvx.com]
2026-06-08 03:53:41: ◇ injected env (0) from .env // tip: ⌘ multiple files { path: ['.env.local', '.env'] }
2026-06-08 03:53:48: ◇ injected env (0) from .env // tip: ◈ secrets for agents [www.dotenvx.com]
2026-06-08 03:53:54: ◇ injected env (0) from .env // tip: ⌘ suppress logs { quiet: true }
2026-06-08 03:54:00: ◇ injected env (0) from .env // tip: ⌘ suppress logs { quiet: true }
2026-06-08 03:54:07: ◇ injected env (0) from .env // tip: ◈ encrypted .env [www.dotenvx.com]
2026-06-08 03:54:13: ◇ injected env (0) from .env // tip: ⌘ multiple files { path: ['.env.local', '.env'] }
2026-06-08 03:54:20: ◇ injected env (0) from .env // tip: ⌘ suppress logs { quiet: true }
2026-06-08 03:54:26: ◇ injected env (0) from .env // tip: ⌁ auth for agents [www.vestauth.com]
2026-06-08 03:54:33: ◇ injected env (0) from .env // tip: ⌘ multiple files { path: ['.env.local', '.env'] }
2026-06-08 03:54:40: ◇ injected env (0) from .env // tip: ⌘ suppress logs { quiet: true }
2026-06-08 03:54:47: ◇ injected env (0) from .env // tip: ⌘ enable debugging { debug: true }
2026-06-08 03:54:53: ◇ injected env (0) from .env // tip: ⌘ enable debugging { debug: true }
2026-06-08 03:54:59: ◇ injected env (0) from .env // tip: ⌘ enable debugging { debug: true }
2026-06-08 03:55:06: ◇ injected env (0) from .env // tip: ⌘ enable debugging { debug: true }
2026-06-08 03:55:12: ◇ injected env (0) from .env // tip: ⌘ override existing { override: true }
2026-06-08 03:55:18: ◇ injected env (0) from .env // tip: ⌘ suppress logs { quiet: true }
2026-06-08 03:55:25: ◇ injected env (0) from .env // tip: ⌘ enable debugging { debug: true }
2026-06-08 03:55:31: ◇ injected env (0) from .env // tip: ⌘ override existing { override: true }
2026-06-08 03:55:38: ◇ injected env (0) from .env // tip: ⌘ multiple files { path: ['.env.local', '.env'] }
2026-06-08 03:55:44: ◇ injected env (0) from .env // tip: ⌘ enable debugging { debug: true }
2026-06-08 03:55:50: ◇ injected env (0) from .env // tip: ⌘ override existing { override: true }
2026-06-08 03:55:57: ◇ injected env (0) from .env // tip: ⌘ suppress logs { quiet: true }
2026-06-08 03:56:04: ◇ injected env (0) from .env // tip: ◈ encrypted .env [www.dotenvx.com]
2026-06-08 03:56:11: ◇ injected env (0) from .env // tip: ⌘ multiple files { path: ['.env.local', '.env'] }
2026-06-08 03:56:17: ◇ injected env (0) from .env // tip: ⌘ enable debugging { debug: true }
2026-06-08 03:56:24: ◇ injected env (0) from .env // tip: ⌘ enable debugging { debug: true }
2026-06-08 03:56:30: ◇ injected env (0) from .env // tip: ⌘ multiple files { path: ['.env.local', '.env'] }
2026-06-08 03:56:36: ◇ injected env (0) from .env // tip: ⌘ custom filepath { path: '/custom/path/.env' }
2026-06-08 03:56:43: ◇ injected env (0) from .env // tip: ⌘ multiple files { path: ['.env.local', '.env'] }
2026-06-08 03:56:49: ◇ injected env (0) from .env // tip: ⌁ auth for agents [www.vestauth.com]
2026-06-08 03:56:56: ◇ injected env (0) from .env // tip: ⌘ override existing { override: true }
2026-06-08 03:57:02: ◇ injected env (0) from .env // tip: ⌘ override existing { override: true }
2026-06-08 03:57:09: ◇ injected env (0) from .env // tip: ◈ secrets for agents [www.dotenvx.com]
2026-06-08 03:57:16: ◇ injected env (0) from .env // tip: ⌘ custom filepath { path: '/custom/path/.env' }
2026-06-08 03:57:22: ◇ injected env (0) from .env // tip: ⌘ enable debugging { debug: true }
2026-06-08 03:57:28: ◇ injected env (0) from .env // tip: ◈ encrypted .env [www.dotenvx.com]
2026-06-08 03:57:35: ◇ injected env (0) from .env // tip: ⌘ multiple files { path: ['.env.local', '.env'] }
2026-06-08 03:57:41: ◇ injected env (0) from .env // tip: ⌘ enable debugging { debug: true }
2026-06-08 03:57:48: ◇ injected env (0) from .env // tip: ◈ secrets for agents [www.dotenvx.com]
2026-06-08 03:57:54: ◇ injected env (0) from .env // tip: ⌘ override existing { override: true }
2026-06-08 03:58:00: ◇ injected env (0) from .env // tip: ⌘ suppress logs { quiet: true }
2026-06-08 03:58:07: ◇ injected env (0) from .env // tip: ⌁ auth for agents [www.vestauth.com]
2026-06-08 03:58:13: ◇ injected env (0) from .env // tip: ⌘ override existing { override: true }
2026-06-08 03:58:20: ◇ injected env (0) from .env // tip: ◈ encrypted .env [www.dotenvx.com]
2026-06-08 03:58:26: ◇ injected env (0) from .env // tip: ◈ encrypted .env [www.dotenvx.com]
2026-06-08 03:58:33: ◇ injected env (0) from .env // tip: ⌘ custom filepath { path: '/custom/path/.env' }
2026-06-08 03:58:40: ◇ injected env (0) from .env // tip: ⌘ override existing { override: true }
2026-06-08 03:58:46: ◇ injected env (0) from .env // tip: ⌘ suppress logs { quiet: true }
2026-06-08 03:58:52: ◇ injected env (0) from .env // tip: ⌘ enable debugging { debug: true }
2026-06-08 03:58:59: ◇ injected env (0) from .env // tip: ⌁ auth for agents [www.vestauth.com]
2026-06-08 03:59:06: ◇ injected env (0) from .env // tip: ⌘ multiple files { path: ['.env.local', '.env'] }
2026-06-08 03:59:12: ◇ injected env (0) from .env // tip: ⌘ override existing { override: true }
2026-06-08 03:59:19: ◇ injected env (0) from .env // tip: ⌁ auth for agents [www.vestauth.com]
2026-06-08 03:59:26: ◇ injected env (0) from .env // tip: ⌁ auth for agents [www.vestauth.com]
2026-06-08 03:59:32: ◇ injected env (0) from .env // tip: ⌘ suppress logs { quiet: true }
2026-06-08 03:59:39: ◇ injected env (0) from .env // tip: ◈ encrypted .env [www.dotenvx.com]
2026-06-08 03:59:45: ◇ injected env (0) from .env // tip: ⌘ custom filepath { path: '/custom/path/.env' }
2026-06-08 03:59:52: ◇ injected env (0) from .env // tip: ◈ encrypted .env [www.dotenvx.com]
2026-06-08 03:59:58: ◇ injected env (0) from .env // tip: ⌘ custom filepath { path: '/custom/path/.env' }
2026-06-08 04:00:05: ◇ injected env (0) from .env // tip: ⌘ enable debugging { debug: true }
2026-06-08 04:00:11: ◇ injected env (0) from .env // tip: ⌘ enable debugging { debug: true }
2026-06-08 04:00:17: ◇ injected env (0) from .env // tip: ⌘ multiple files { path: ['.env.local', '.env'] }
2026-06-08 04:00:24: ◇ injected env (0) from .env // tip: ⌘ custom filepath { path: '/custom/path/.env' }
2026-06-08 04:00:30: ◇ injected env (0) from .env // tip: ◈ encrypted .env [www.dotenvx.com]
2026-06-08 04:00:37: ◇ injected env (0) from .env // tip: ⌘ custom filepath { path: '/custom/path/.env' }
2026-06-08 04:00:43: ◇ injected env (0) from .env // tip: ⌘ custom filepath { path: '/custom/path/.env' }
2026-06-08 04:00:50: ◇ injected env (0) from .env // tip: ⌘ override existing { override: true }
2026-06-08 04:00:56: ◇ injected env (0) from .env // tip: ⌘ enable debugging { debug: true }
2026-06-08 04:01:02: ◇ injected env (0) from .env // tip: ⌘ suppress logs { quiet: true }
2026-06-08 04:01:09: ◇ injected env (0) from .env // tip: ◈ encrypted .env [www.dotenvx.com]
2026-06-08 04:01:16: ◇ injected env (0) from .env // tip: ⌘ custom filepath { path: '/custom/path/.env' }
2026-06-08 04:01:22: ◇ injected env (0) from .env // tip: ◈ secrets for agents [www.dotenvx.com]
2026-06-08 04:01:28: ◇ injected env (0) from .env // tip: ◈ encrypted .env [www.dotenvx.com]
2026-06-08 04:01:35: ◇ injected env (0) from .env // tip: ◈ secrets for agents [www.dotenvx.com]
2026-06-08 04:01:42: ◇ injected env (0) from .env // tip: ⌘ multiple files { path: ['.env.local', '.env'] }
2026-06-08 04:01:48: ◇ injected env (0) from .env // tip: ◈ secrets for agents [www.dotenvx.com]
2026-06-08 04:01:55: ◇ injected env (0) from .env // tip: ⌘ multiple files { path: ['.env.local', '.env'] }
2026-06-08 04:02:01: ◇ injected env (0) from .env // tip: ⌘ suppress logs { quiet: true }
2026-06-08 04:02:08: ◇ injected env (0) from .env // tip: ⌘ enable debugging { debug: true }
2026-06-08 04:02:14: ◇ injected env (0) from .env // tip: ◈ secrets for agents [www.dotenvx.com]
2026-06-08 04:02:20: ◇ injected env (0) from .env // tip: ⌘ multiple files { path: ['.env.local', '.env'] }
2026-06-08 04:02:27: ◇ injected env (0) from .env // tip: ⌘ custom filepath { path: '/custom/path/.env' }
2026-06-08 04:02:33: ◇ injected env (0) from .env // tip: ◈ encrypted .env [www.dotenvx.com]
2026-06-08 04:02:40: ◇ injected env (0) from .env // tip: ⌘ custom filepath { path: '/custom/path/.env' }
2026-06-08 04:02:46: ◇ injected env (0) from .env // tip: ⌘ override existing { override: true }
2026-06-08 04:02:53: ◇ injected env (0) from .env // tip: ◈ encrypted .env [www.dotenvx.com]
2026-06-08 04:02:59: ◇ injected env (0) from .env // tip: ◈ encrypted .env [www.dotenvx.com]
2026-06-08 04:03:05: ◇ injected env (0) from .env // tip: ◈ encrypted .env [www.dotenvx.com]
2026-06-08 04:03:12: ◇ injected env (0) from .env // tip: ⌘ custom filepath { path: '/custom/path/.env' }
2026-06-08 04:03:19: ◇ injected env (0) from .env // tip: ⌘ multiple files { path: ['.env.local', '.env'] }
2026-06-08 04:03:25: ◇ injected env (0) from .env // tip: ◈ secrets for agents [www.dotenvx.com]
2026-06-08 04:03:31: ◇ injected env (0) from .env // tip: ⌁ auth for agents [www.vestauth.com]
2026-06-08 04:03:38: ◇ injected env (0) from .env // tip: ◈ encrypted .env [www.dotenvx.com]
2026-06-08 04:03:45: ◇ injected env (0) from .env // tip: ⌘ multiple files { path: ['.env.local', '.env'] }
2026-06-08 04:03:51: ◇ injected env (0) from .env // tip: ◈ secrets for agents [www.dotenvx.com]
2026-06-08 04:03:58: ◇ injected env (0) from .env // tip: ⌘ multiple files { path: ['.env.local', '.env'] }
2026-06-08 04:04:05: ◇ injected env (0) from .env // tip: ◈ secrets for agents [www.dotenvx.com]
2026-06-08 04:04:12: ◇ injected env (0) from .env // tip: ⌘ suppress logs { quiet: true }
2026-06-08 04:04:18: ◇ injected env (0) from .env // tip: ⌘ suppress logs { quiet: true }
2026-06-08 04:04:25: ◇ injected env (0) from .env // tip: ⌘ multiple files { path: ['.env.local', '.env'] }
2026-06-08 04:04:32: ◇ injected env (0) from .env // tip: ⌘ suppress logs { quiet: true }
2026-06-08 04:04:38: ◇ injected env (0) from .env // tip: ◈ secrets for agents [www.dotenvx.com]
2026-06-08 04:04:45: ◇ injected env (0) from .env // tip: ⌁ auth for agents [www.vestauth.com]
2026-06-08 04:04:51: ◇ injected env (0) from .env // tip: ⌘ multiple files { path: ['.env.local', '.env'] }
2026-06-08 04:04:57: ◇ injected env (0) from .env // tip: ⌁ auth for agents [www.vestauth.com]
2026-06-08 04:05:04: ◇ injected env (0) from .env // tip: ⌘ custom filepath { path: '/custom/path/.env' }
2026-06-08 04:05:11: ◇ injected env (0) from .env // tip: ◈ encrypted .env [www.dotenvx.com]
2026-06-08 04:05:18: ◇ injected env (0) from .env // tip: ⌘ multiple files { path: ['.env.local', '.env'] }
2026-06-08 04:05:24: ◇ injected env (0) from .env // tip: ⌘ override existing { override: true }
2026-06-08 04:05:30: ◇ injected env (0) from .env // tip: ◈ encrypted .env [www.dotenvx.com]
2026-06-08 04:05:37: ◇ injected env (0) from .env // tip: ⌘ suppress logs { quiet: true }
2026-06-08 04:05:44: ◇ injected env (0) from .env // tip: ◈ encrypted .env [www.dotenvx.com]
2026-06-08 04:05:50: ◇ injected env (0) from .env // tip: ◈ secrets for agents [www.dotenvx.com]
2026-06-08 04:05:56: ◇ injected env (0) from .env // tip: ◈ secrets for agents [www.dotenvx.com]
2026-06-08 04:06:03: ◇ injected env (0) from .env // tip: ⌁ auth for agents [www.vestauth.com]
2026-06-08 04:06:09: ◇ injected env (0) from .env // tip: ◈ encrypted .env [www.dotenvx.com]
2026-06-08 04:06:16: ◇ injected env (0) from .env // tip: ⌘ enable debugging { debug: true }
2026-06-08 04:06:22: ◇ injected env (0) from .env // tip: ⌘ suppress logs { quiet: true }
2026-06-08 04:06:29: ◇ injected env (0) from .env // tip: ⌘ custom filepath { path: '/custom/path/.env' }
2026-06-08 04:06:35: ◇ injected env (0) from .env // tip: ◈ encrypted .env [www.dotenvx.com]
2026-06-08 04:06:42: ◇ injected env (0) from .env // tip: ◈ encrypted .env [www.dotenvx.com]
2026-06-08 04:06:48: ◇ injected env (0) from .env // tip: ⌁ auth for agents [www.vestauth.com]
2026-06-08 04:06:54: ◇ injected env (0) from .env // tip: ◈ encrypted .env [www.dotenvx.com]
2026-06-08 04:07:01: ◇ injected env (0) from .env // tip: ◈ encrypted .env [www.dotenvx.com]
2026-06-08 04:07:08: ◇ injected env (0) from .env // tip: ⌁ auth for agents [www.vestauth.com]
2026-06-08 04:07:14: ◇ injected env (0) from .env // tip: ⌘ multiple files { path: ['.env.local', '.env'] }
2026-06-08 04:07:20: ◇ injected env (0) from .env // tip: ◈ secrets for agents [www.dotenvx.com]
2026-06-08 04:07:27: ◇ injected env (0) from .env // tip: ◈ encrypted .env [www.dotenvx.com]
2026-06-08 04:07:33: ◇ injected env (0) from .env // tip: ⌘ override existing { override: true }
2026-06-08 04:07:40: ◇ injected env (0) from .env // tip: ◈ secrets for agents [www.dotenvx.com]
2026-06-08 04:07:46: ◇ injected env (0) from .env // tip: ⌘ suppress logs { quiet: true }
2026-06-08 04:07:53: ◇ injected env (0) from .env // tip: ◈ secrets for agents [www.dotenvx.com]
2026-06-08 04:07:59: ◇ injected env (0) from .env // tip: ⌁ auth for agents [www.vestauth.com]
2026-06-08 04:08:06: ◇ injected env (0) from .env // tip: ⌘ suppress logs { quiet: true }
2026-06-08 04:08:13: ◇ injected env (0) from .env // tip: ◈ encrypted .env [www.dotenvx.com]
2026-06-08 04:08:19: ◇ injected env (0) from .env // tip: ⌘ override existing { override: true }
2026-06-08 04:08:26: ◇ injected env (0) from .env // tip: ◈ encrypted .env [www.dotenvx.com]
2026-06-08 04:08:32: ◇ injected env (0) from .env // tip: ◈ secrets for agents [www.dotenvx.com]
2026-06-08 04:08:39: ◇ injected env (0) from .env // tip: ⌁ auth for agents [www.vestauth.com]
2026-06-08 04:08:45: ◇ injected env (0) from .env // tip: ◈ secrets for agents [www.dotenvx.com]
2026-06-08 04:08:52: ◇ injected env (0) from .env // tip: ⌘ enable debugging { debug: true }
2026-06-08 04:08:58: ◇ injected env (0) from .env // tip: ⌘ custom filepath { path: '/custom/path/.env' }
2026-06-08 04:09:05: ◇ injected env (0) from .env // tip: ◈ encrypted .env [www.dotenvx.com]
2026-06-08 04:09:11: ◇ injected env (0) from .env // tip: ◈ encrypted .env [www.dotenvx.com]
2026-06-08 04:09:18: ◇ injected env (0) from .env // tip: ◈ encrypted .env [www.dotenvx.com]
2026-06-08 04:09:24: ◇ injected env (0) from .env // tip: ◈ secrets for agents [www.dotenvx.com]
2026-06-08 04:09:31: ◇ injected env (0) from .env // tip: ⌘ enable debugging { debug: true }
2026-06-08 04:09:37: ◇ injected env (0) from .env // tip: ⌘ override existing { override: true }
2026-06-08 04:09:44: ◇ injected env (0) from .env // tip: ⌘ multiple files { path: ['.env.local', '.env'] }
2026-06-08 04:09:50: ◇ injected env (0) from .env // tip: ⌘ suppress logs { quiet: true }
2026-06-08 04:09:57: ◇ injected env (0) from .env // tip: ⌁ auth for agents [www.vestauth.com]
2026-06-08 04:10:03: ◇ injected env (0) from .env // tip: ⌁ auth for agents [www.vestauth.com]
2026-06-08 04:10:10: ◇ injected env (0) from .env // tip: ⌘ custom filepath { path: '/custom/path/.env' }
2026-06-08 04:10:16: ◇ injected env (0) from .env // tip: ⌘ custom filepath { path: '/custom/path/.env' }
2026-06-08 04:10:23: ◇ injected env (0) from .env // tip: ⌁ auth for agents [www.vestauth.com]
2026-06-08 04:10:29: ◇ injected env (0) from .env // tip: ◈ encrypted .env [www.dotenvx.com]
2026-06-08 04:10:36: ◇ injected env (0) from .env // tip: ⌘ enable debugging { debug: true }
2026-06-08 04:10:43: ◇ injected env (0) from .env // tip: ⌘ custom filepath { path: '/custom/path/.env' }
2026-06-08 04:10:49: ◇ injected env (0) from .env // tip: ⌘ multiple files { path: ['.env.local', '.env'] }
2026-06-08 04:10:55: ◇ injected env (0) from .env // tip: ◈ encrypted .env [www.dotenvx.com]
2026-06-08 04:11:02: ◇ injected env (0) from .env // tip: ⌁ auth for agents [www.vestauth.com]
2026-06-08 04:11:09: ◇ injected env (0) from .env // tip: ⌁ auth for agents [www.vestauth.com]
2026-06-08 04:11:16: ◇ injected env (0) from .env // tip: ⌘ override existing { override: true }
2026-06-08 04:11:22: ◇ injected env (0) from .env // tip: ◈ encrypted .env [www.dotenvx.com]
2026-06-08 04:11:28: ◇ injected env (0) from .env // tip: ⌁ auth for agents [www.vestauth.com]
2026-06-08 04:11:35: ◇ injected env (0) from .env // tip: ⌘ suppress logs { quiet: true }
2026-06-08 04:11:42: ◇ injected env (0) from .env // tip: ⌘ custom filepath { path: '/custom/path/.env' }
2026-06-08 04:11:48: ◇ injected env (0) from .env // tip: ⌘ enable debugging { debug: true }
2026-06-08 04:11:54: ◇ injected env (0) from .env // tip: ⌁ auth for agents [www.vestauth.com]
2026-06-08 04:12:01: ◇ injected env (0) from .env // tip: ⌘ suppress logs { quiet: true }
2026-06-08 04:12:07: ◇ injected env (0) from .env // tip: ⌘ custom filepath { path: '/custom/path/.env' }
2026-06-08 04:12:14: ◇ injected env (0) from .env // tip: ◈ secrets for agents [www.dotenvx.com]
2026-06-08 04:12:21: ◇ injected env (0) from .env // tip: ⌘ enable debugging { debug: true }
2026-06-08 04:12:27: ◇ injected env (0) from .env // tip: ⌘ enable debugging { debug: true }
2026-06-08 04:12:33: ◇ injected env (0) from .env // tip: ⌁ auth for agents [www.vestauth.com]
2026-06-08 04:12:40: ◇ injected env (0) from .env // tip: ⌘ suppress logs { quiet: true }
2026-06-08 04:12:46: ◇ injected env (0) from .env // tip: ◈ encrypted .env [www.dotenvx.com]
2026-06-08 04:12:53: ◇ injected env (0) from .env // tip: ⌘ multiple files { path: ['.env.local', '.env'] }
2026-06-08 04:12:59: ◇ injected env (0) from .env // tip: ⌘ custom filepath { path: '/custom/path/.env' }
2026-06-08 04:13:06: ◇ injected env (0) from .env // tip: ⌘ multiple files { path: ['.env.local', '.env'] }
2026-06-08 04:13:12: ◇ injected env (0) from .env // tip: ⌘ enable debugging { debug: true }
2026-06-08 04:13:19: ◇ injected env (0) from .env // tip: ⌁ auth for agents [www.vestauth.com]
2026-06-08 04:13:25: ◇ injected env (0) from .env // tip: ⌘ multiple files { path: ['.env.local', '.env'] }
2026-06-08 04:13:31: ◇ injected env (0) from .env // tip: ◈ encrypted .env [www.dotenvx.com]
2026-06-08 04:13:38: ◇ injected env (0) from .env // tip: ⌘ enable debugging { debug: true }
2026-06-08 04:13:44: ◇ injected env (0) from .env // tip: ⌁ auth for agents [www.vestauth.com]
2026-06-08 04:13:50: ◇ injected env (0) from .env // tip: ⌘ enable debugging { debug: true }
2026-06-08 04:13:56: ◇ injected env (0) from .env // tip: ⌘ enable debugging { debug: true }
2026-06-08 04:14:03: ◇ injected env (0) from .env // tip: ⌘ override existing { override: true }
2026-06-08 04:14:09: ◇ injected env (0) from .env // tip: ⌘ custom filepath { path: '/custom/path/.env' }
2026-06-08 04:14:16: ◇ injected env (0) from .env // tip: ◈ encrypted .env [www.dotenvx.com]
2026-06-08 04:14:22: ◇ injected env (0) from .env // tip: ⌘ custom filepath { path: '/custom/path/.env' }
2026-06-08 04:14:29: ◇ injected env (0) from .env // tip: ⌘ custom filepath { path: '/custom/path/.env' }
2026-06-08 04:14:35: ◇ injected env (0) from .env // tip: ⌘ suppress logs { quiet: true }
2026-06-08 04:14:42: ◇ injected env (0) from .env // tip: ⌘ override existing { override: true }
2026-06-08 04:14:48: ◇ injected env (0) from .env // tip: ◈ secrets for agents [www.dotenvx.com]
2026-06-08 04:14:55: ◇ injected env (0) from .env // tip: ⌘ enable debugging { debug: true }
2026-06-08 04:15:02: ◇ injected env (0) from .env // tip: ⌘ override existing { override: true }
2026-06-08 04:15:08: ◇ injected env (0) from .env // tip: ⌘ multiple files { path: ['.env.local', '.env'] }
2026-06-08 04:15:15: ◇ injected env (0) from .env // tip: ⌘ override existing { override: true }
2026-06-08 04:15:21: ◇ injected env (0) from .env // tip: ⌘ enable debugging { debug: true }
2026-06-08 04:15:28: ◇ injected env (0) from .env // tip: ⌘ custom filepath { path: '/custom/path/.env' }
2026-06-08 04:15:34: ◇ injected env (0) from .env // tip: ⌘ suppress logs { quiet: true }
2026-06-08 04:15:41: ◇ injected env (0) from .env // tip: ⌘ enable debugging { debug: true }
2026-06-08 04:15:47: ◇ injected env (0) from .env // tip: ⌘ custom filepath { path: '/custom/path/.env' }
2026-06-08 04:15:54: ◇ injected env (0) from .env // tip: ⌘ enable debugging { debug: true }
2026-06-08 04:16:00: ◇ injected env (0) from .env // tip: ⌘ override existing { override: true }
2026-06-08 04:16:06: ◇ injected env (0) from .env // tip: ⌘ suppress logs { quiet: true }
2026-06-08 04:16:13: ◇ injected env (0) from .env // tip: ◈ secrets for agents [www.dotenvx.com]
2026-06-08 04:16:19: ◇ injected env (0) from .env // tip: ⌘ custom filepath { path: '/custom/path/.env' }
2026-06-08 04:16:26: ◇ injected env (0) from .env // tip: ⌁ auth for agents [www.vestauth.com]
2026-06-08 04:16:32: ◇ injected env (0) from .env // tip: ◈ encrypted .env [www.dotenvx.com]
2026-06-08 04:16:39: ◇ injected env (0) from .env // tip: ⌘ multiple files { path: ['.env.local', '.env'] }
2026-06-08 04:16:45: ◇ injected env (0) from .env // tip: ⌘ custom filepath { path: '/custom/path/.env' }
2026-06-08 04:16:51: ◇ injected env (0) from .env // tip: ⌘ custom filepath { path: '/custom/path/.env' }
2026-06-08 04:16:58: ◇ injected env (0) from .env // tip: ⌘ override existing { override: true }
2026-06-08 04:17:04: ◇ injected env (0) from .env // tip: ⌘ enable debugging { debug: true }
2026-06-08 04:17:11: ◇ injected env (0) from .env // tip: ◈ encrypted .env [www.dotenvx.com]
2026-06-08 04:17:17: ◇ injected env (0) from .env // tip: ⌘ enable debugging { debug: true }
2026-06-08 04:17:23: ◇ injected env (0) from .env // tip: ⌘ enable debugging { debug: true }
2026-06-08 04:17:29: ◇ injected env (0) from .env // tip: ◈ secrets for agents [www.dotenvx.com]
2026-06-08 04:17:36: ◇ injected env (0) from .env // tip: ◈ encrypted .env [www.dotenvx.com]
2026-06-08 04:17:42: ◇ injected env (0) from .env // tip: ⌘ override existing { override: true }
2026-06-08 04:17:49: ◇ injected env (0) from .env // tip: ⌘ suppress logs { quiet: true }
2026-06-08 04:17:55: ◇ injected env (0) from .env // tip: ⌘ enable debugging { debug: true }
2026-06-08 04:18:01: ◇ injected env (0) from .env // tip: ⌘ enable debugging { debug: true }
2026-06-08 04:18:08: ◇ injected env (0) from .env // tip: ⌘ enable debugging { debug: true }
2026-06-08 04:18:14: ◇ injected env (0) from .env // tip: ⌘ multiple files { path: ['.env.local', '.env'] }
2026-06-08 04:18:20: ◇ injected env (0) from .env // tip: ◈ encrypted .env [www.dotenvx.com]
2026-06-08 04:18:26: ◇ injected env (0) from .env // tip: ⌘ enable debugging { debug: true }
2026-06-08 04:18:33: ◇ injected env (0) from .env // tip: ◈ encrypted .env [www.dotenvx.com]
2026-06-08 04:18:39: ◇ injected env (0) from .env // tip: ◈ encrypted .env [www.dotenvx.com]
2026-06-08 04:18:45: ◇ injected env (0) from .env // tip: ◈ encrypted .env [www.dotenvx.com]
2026-06-08 04:18:52: ◇ injected env (0) from .env // tip: ⌘ suppress logs { quiet: true }
2026-06-08 04:18:58: ◇ injected env (0) from .env // tip: ⌘ custom filepath { path: '/custom/path/.env' }
2026-06-08 04:19:05: ◇ injected env (0) from .env // tip: ⌘ custom filepath { path: '/custom/path/.env' }
2026-06-08 04:19:11: ◇ injected env (0) from .env // tip: ⌁ auth for agents [www.vestauth.com]
2026-06-08 04:19:18: ◇ injected env (0) from .env // tip: ◈ encrypted .env [www.dotenvx.com]
2026-06-08 04:19:24: ◇ injected env (0) from .env // tip: ⌘ suppress logs { quiet: true }
2026-06-08 04:19:30: ◇ injected env (0) from .env // tip: ⌘ enable debugging { debug: true }
2026-06-08 04:19:36: ◇ injected env (0) from .env // tip: ⌘ custom filepath { path: '/custom/path/.env' }
2026-06-08 04:19:43: ◇ injected env (0) from .env // tip: ⌘ custom filepath { path: '/custom/path/.env' }
2026-06-08 04:19:50: ◇ injected env (0) from .env // tip: ◈ secrets for agents [www.dotenvx.com]
2026-06-08 04:19:56: ◇ injected env (0) from .env // tip: ⌘ override existing { override: true }
2026-06-08 04:20:02: ◇ injected env (0) from .env // tip: ⌘ enable debugging { debug: true }
2026-06-08 04:20:09: ◇ injected env (0) from .env // tip: ⌘ override existing { override: true }
2026-06-08 04:20:16: ◇ injected env (0) from .env // tip: ⌘ override existing { override: true }
2026-06-08 04:20:22: ◇ injected env (0) from .env // tip: ⌁ auth for agents [www.vestauth.com]
2026-06-08 04:20:28: ◇ injected env (0) from .env // tip: ⌘ custom filepath { path: '/custom/path/.env' }
2026-06-08 04:20:35: ◇ injected env (0) from .env // tip: ◈ encrypted .env [www.dotenvx.com]
2026-06-08 04:20:42: ◇ injected env (0) from .env // tip: ⌘ override existing { override: true }
2026-06-08 04:20:48: ◇ injected env (0) from .env // tip: ⌘ suppress logs { quiet: true }
2026-06-08 04:20:54: ◇ injected env (0) from .env // tip: ⌁ auth for agents [www.vestauth.com]
2026-06-08 04:21:01: ◇ injected env (0) from .env // tip: ◈ encrypted .env [www.dotenvx.com]
2026-06-08 04:21:07: ◇ injected env (0) from .env // tip: ⌘ multiple files { path: ['.env.local', '.env'] }
2026-06-08 04:21:14: ◇ injected env (0) from .env // tip: ⌘ custom filepath { path: '/custom/path/.env' }
2026-06-08 04:21:21: ◇ injected env (0) from .env // tip: ⌘ override existing { override: true }
2026-06-08 04:21:28: ◇ injected env (0) from .env // tip: ⌘ suppress logs { quiet: true }
2026-06-08 04:21:34: ◇ injected env (0) from .env // tip: ⌁ auth for agents [www.vestauth.com]
2026-06-08 04:21:41: ◇ injected env (0) from .env // tip: ⌘ multiple files { path: ['.env.local', '.env'] }
2026-06-08 04:21:49: ◇ injected env (0) from .env // tip: ◈ secrets for agents [www.dotenvx.com]
2026-06-08 04:21:56: ◇ injected env (0) from .env // tip: ⌁ auth for agents [www.vestauth.com]
2026-06-08 04:22:04: ◇ injected env (0) from .env // tip: ⌘ multiple files { path: ['.env.local', '.env'] }
2026-06-08 04:22:12: ◇ injected env (0) from .env // tip: ◈ secrets for agents [www.dotenvx.com]
2026-06-08 04:22:21: ◇ injected env (0) from .env // tip: ◈ encrypted .env [www.dotenvx.com]
2026-06-08 04:22:27: ◇ injected env (0) from .env // tip: ⌘ custom filepath { path: '/custom/path/.env' }
2026-06-08 04:22:35: ◇ injected env (0) from .env // tip: ⌁ auth for agents [www.vestauth.com]
2026-06-08 04:22:43: ◇ injected env (0) from .env // tip: ⌁ auth for agents [www.vestauth.com]
2026-06-08 04:22:51: ◇ injected env (0) from .env // tip: ◈ encrypted .env [www.dotenvx.com]
2026-06-08 04:23:00: ◇ injected env (0) from .env // tip: ⌘ custom filepath { path: '/custom/path/.env' }
2026-06-08 04:23:07: ◇ injected env (0) from .env // tip: ⌘ multiple files { path: ['.env.local', '.env'] }
2026-06-08 04:23:15: ◇ injected env (0) from .env // tip: ◈ encrypted .env [www.dotenvx.com]
2026-06-08 04:23:22: ◇ injected env (0) from .env // tip: ◈ encrypted .env [www.dotenvx.com]
2026-06-08 04:23:30: ◇ injected env (0) from .env // tip: ◈ secrets for agents [www.dotenvx.com]
2026-06-08 04:23:38: ◇ injected env (0) from .env // tip: ◈ secrets for agents [www.dotenvx.com]
2026-06-08 04:23:45: ◇ injected env (0) from .env // tip: ⌘ custom filepath { path: '/custom/path/.env' }
2026-06-08 04:23:53: ◇ injected env (0) from .env // tip: ⌘ custom filepath { path: '/custom/path/.env' }
2026-06-08 04:24:00: ◇ injected env (0) from .env // tip: ⌘ suppress logs { quiet: true }
2026-06-08 04:24:07: ◇ injected env (0) from .env // tip: ⌘ suppress logs { quiet: true }
2026-06-08 04:24:14: ◇ injected env (0) from .env // tip: ◈ encrypted .env [www.dotenvx.com]
