2026-06-08 02:05:48: ◇ injected env (0) from .env // tip: ⌘ enable debugging { debug: true }
2026-06-08 02:05:52: ◇ injected env (0) from .env // tip: ◈ encrypted .env [www.dotenvx.com]
2026-06-08 02:05:55: ◇ injected env (0) from .env // tip: ◈ secrets for agents [www.dotenvx.com]
2026-06-08 02:06:00: ◇ injected env (0) from .env // tip: ⌁ auth for agents [www.vestauth.com]
2026-06-08 02:06:06: ◇ injected env (0) from .env // tip: ⌘ enable debugging { debug: true }
2026-06-08 02:06:12: ◇ injected env (0) from .env // tip: ◈ encrypted .env [www.dotenvx.com]
2026-06-08 02:06:18: ◇ injected env (0) from .env // tip: ⌘ suppress logs { quiet: true }
2026-06-08 02:06:23: ◇ injected env (0) from .env // tip: ◈ secrets for agents [www.dotenvx.com]
2026-06-08 02:06:29: ◇ injected env (0) from .env // tip: ⌘ suppress logs { quiet: true }
2026-06-08 02:06:34: ◇ injected env (0) from .env // tip: ⌘ override existing { override: true }
2026-06-08 02:06:40: ◇ injected env (0) from .env // tip: ⌁ auth for agents [www.vestauth.com]
2026-06-08 02:06:46: ◇ injected env (0) from .env // tip: ⌘ enable debugging { debug: true }
2026-06-08 02:06:52: ◇ injected env (0) from .env // tip: ⌘ custom filepath { path: '/custom/path/.env' }
2026-06-08 02:06:58: ◇ injected env (0) from .env // tip: ⌁ auth for agents [www.vestauth.com]
2026-06-08 02:07:04: ◇ injected env (0) from .env // tip: ◈ encrypted .env [www.dotenvx.com]
2026-06-08 02:07:11: ◇ injected env (0) from .env // tip: ⌘ custom filepath { path: '/custom/path/.env' }
2026-06-08 02:07:17: ◇ injected env (0) from .env // tip: ⌁ auth for agents [www.vestauth.com]
2026-06-08 02:07:22: ◇ injected env (0) from .env // tip: ◈ secrets for agents [www.dotenvx.com]
2026-06-08 02:07:28: ◇ injected env (0) from .env // tip: ⌘ custom filepath { path: '/custom/path/.env' }
2026-06-08 02:07:33: ◇ injected env (0) from .env // tip: ⌘ multiple files { path: ['.env.local', '.env'] }
2026-06-08 02:07:39: ◇ injected env (0) from .env // tip: ◈ secrets for agents [www.dotenvx.com]
2026-06-08 02:07:44: ◇ injected env (0) from .env // tip: ⌘ custom filepath { path: '/custom/path/.env' }
2026-06-08 02:07:49: ◇ injected env (0) from .env // tip: ⌘ suppress logs { quiet: true }
2026-06-08 02:07:54: ◇ injected env (0) from .env // tip: ◈ secrets for agents [www.dotenvx.com]
2026-06-08 02:08:00: ◇ injected env (0) from .env // tip: ⌁ auth for agents [www.vestauth.com]
2026-06-08 02:08:05: ◇ injected env (0) from .env // tip: ⌘ override existing { override: true }
2026-06-08 02:08:11: ◇ injected env (0) from .env // tip: ⌘ custom filepath { path: '/custom/path/.env' }
2026-06-08 02:08:17: ◇ injected env (0) from .env // tip: ◈ encrypted .env [www.dotenvx.com]
2026-06-08 02:08:24: ◇ injected env (0) from .env // tip: ⌘ enable debugging { debug: true }
2026-06-08 02:08:30: ◇ injected env (0) from .env // tip: ◈ encrypted .env [www.dotenvx.com]
2026-06-08 02:08:37: ◇ injected env (0) from .env // tip: ⌘ multiple files { path: ['.env.local', '.env'] }
2026-06-08 02:08:43: ◇ injected env (0) from .env // tip: ⌘ suppress logs { quiet: true }
2026-06-08 02:08:49: ◇ injected env (0) from .env // tip: ⌘ override existing { override: true }
2026-06-08 02:08:55: ◇ injected env (0) from .env // tip: ⌁ auth for agents [www.vestauth.com]
2026-06-08 02:09:00: ◇ injected env (0) from .env // tip: ◈ encrypted .env [www.dotenvx.com]
2026-06-08 02:09:06: ◇ injected env (0) from .env // tip: ⌁ auth for agents [www.vestauth.com]
2026-06-08 02:09:13: ◇ injected env (0) from .env // tip: ◈ secrets for agents [www.dotenvx.com]
2026-06-08 02:09:21: ◇ injected env (0) from .env // tip: ⌁ auth for agents [www.vestauth.com]
2026-06-08 02:09:27: ◇ injected env (0) from .env // tip: ◈ encrypted .env [www.dotenvx.com]
2026-06-08 02:09:34: ◇ injected env (0) from .env // tip: ⌘ custom filepath { path: '/custom/path/.env' }
2026-06-08 02:09:41: ◇ injected env (0) from .env // tip: ⌘ suppress logs { quiet: true }
2026-06-08 02:09:46: ◇ injected env (0) from .env // tip: ⌘ override existing { override: true }
2026-06-08 02:09:52: ◇ injected env (0) from .env // tip: ◈ secrets for agents [www.dotenvx.com]
2026-06-08 02:09:58: ◇ injected env (0) from .env // tip: ◈ secrets for agents [www.dotenvx.com]
2026-06-08 02:10:03: ◇ injected env (0) from .env // tip: ◈ encrypted .env [www.dotenvx.com]
2026-06-08 02:10:09: ◇ injected env (0) from .env // tip: ⌁ auth for agents [www.vestauth.com]
2026-06-08 02:10:14: ◇ injected env (0) from .env // tip: ◈ secrets for agents [www.dotenvx.com]
2026-06-08 02:10:20: ◇ injected env (0) from .env // tip: ⌘ suppress logs { quiet: true }
2026-06-08 02:10:25: ◇ injected env (0) from .env // tip: ⌘ enable debugging { debug: true }
2026-06-08 02:10:31: ◇ injected env (0) from .env // tip: ◈ secrets for agents [www.dotenvx.com]
2026-06-08 02:10:37: ◇ injected env (0) from .env // tip: ⌘ override existing { override: true }
2026-06-08 02:10:42: ◇ injected env (0) from .env // tip: ⌘ enable debugging { debug: true }
2026-06-08 02:10:48: ◇ injected env (0) from .env // tip: ⌘ multiple files { path: ['.env.local', '.env'] }
2026-06-08 02:10:53: ◇ injected env (0) from .env // tip: ⌘ override existing { override: true }
2026-06-08 02:10:59: ◇ injected env (0) from .env // tip: ⌘ enable debugging { debug: true }
2026-06-08 02:11:04: ◇ injected env (0) from .env // tip: ⌘ multiple files { path: ['.env.local', '.env'] }
2026-06-08 02:11:10: ◇ injected env (0) from .env // tip: ⌘ enable debugging { debug: true }
2026-06-08 02:11:15: ◇ injected env (0) from .env // tip: ◈ secrets for agents [www.dotenvx.com]
2026-06-08 02:11:21: ◇ injected env (0) from .env // tip: ◈ secrets for agents [www.dotenvx.com]
2026-06-08 02:11:26: ◇ injected env (0) from .env // tip: ⌘ multiple files { path: ['.env.local', '.env'] }
2026-06-08 02:11:32: ◇ injected env (0) from .env // tip: ⌘ suppress logs { quiet: true }
2026-06-08 02:11:38: ◇ injected env (0) from .env // tip: ⌘ multiple files { path: ['.env.local', '.env'] }
2026-06-08 02:11:44: ◇ injected env (0) from .env // tip: ⌘ enable debugging { debug: true }
2026-06-08 02:11:50: ◇ injected env (0) from .env // tip: ⌘ override existing { override: true }
2026-06-08 02:11:56: ◇ injected env (0) from .env // tip: ⌁ auth for agents [www.vestauth.com]
2026-06-08 02:12:02: ◇ injected env (0) from .env // tip: ◈ encrypted .env [www.dotenvx.com]
2026-06-08 02:12:09: ◇ injected env (0) from .env // tip: ⌘ enable debugging { debug: true }
2026-06-08 02:12:15: ◇ injected env (0) from .env // tip: ⌘ override existing { override: true }
2026-06-08 02:12:21: ◇ injected env (0) from .env // tip: ◈ secrets for agents [www.dotenvx.com]
2026-06-08 02:12:27: ◇ injected env (0) from .env // tip: ◈ secrets for agents [www.dotenvx.com]
2026-06-08 02:12:33: ◇ injected env (0) from .env // tip: ⌁ auth for agents [www.vestauth.com]
2026-06-08 02:12:38: ◇ injected env (0) from .env // tip: ⌁ auth for agents [www.vestauth.com]
2026-06-08 02:12:43: ◇ injected env (0) from .env // tip: ⌘ suppress logs { quiet: true }
2026-06-08 02:12:49: ◇ injected env (0) from .env // tip: ⌘ override existing { override: true }
2026-06-08 02:12:55: ◇ injected env (0) from .env // tip: ◈ secrets for agents [www.dotenvx.com]
2026-06-08 02:13:02: ◇ injected env (0) from .env // tip: ⌘ multiple files { path: ['.env.local', '.env'] }
2026-06-08 02:13:09: ◇ injected env (0) from .env // tip: ⌘ multiple files { path: ['.env.local', '.env'] }
2026-06-08 02:13:15: ◇ injected env (0) from .env // tip: ⌘ custom filepath { path: '/custom/path/.env' }
2026-06-08 02:13:22: ◇ injected env (0) from .env // tip: ⌘ custom filepath { path: '/custom/path/.env' }
2026-06-08 02:13:28: ◇ injected env (0) from .env // tip: ◈ secrets for agents [www.dotenvx.com]
2026-06-08 02:13:35: ◇ injected env (0) from .env // tip: ◈ secrets for agents [www.dotenvx.com]
2026-06-08 02:13:42: ◇ injected env (0) from .env // tip: ⌁ auth for agents [www.vestauth.com]
2026-06-08 02:13:48: ◇ injected env (0) from .env // tip: ⌁ auth for agents [www.vestauth.com]
2026-06-08 02:13:55: ◇ injected env (0) from .env // tip: ◈ secrets for agents [www.dotenvx.com]
2026-06-08 02:14:01: ◇ injected env (0) from .env // tip: ⌁ auth for agents [www.vestauth.com]
2026-06-08 02:14:08: ◇ injected env (0) from .env // tip: ⌘ multiple files { path: ['.env.local', '.env'] }
2026-06-08 02:14:15: ◇ injected env (0) from .env // tip: ⌘ custom filepath { path: '/custom/path/.env' }
2026-06-08 02:14:21: ◇ injected env (0) from .env // tip: ◈ encrypted .env [www.dotenvx.com]
2026-06-08 02:14:27: ◇ injected env (0) from .env // tip: ⌘ suppress logs { quiet: true }
2026-06-08 02:14:34: ◇ injected env (0) from .env // tip: ⌘ multiple files { path: ['.env.local', '.env'] }
2026-06-08 02:14:41: ◇ injected env (0) from .env // tip: ◈ secrets for agents [www.dotenvx.com]
2026-06-08 02:14:47: ◇ injected env (0) from .env // tip: ⌘ override existing { override: true }
2026-06-08 02:14:54: ◇ injected env (0) from .env // tip: ◈ secrets for agents [www.dotenvx.com]
2026-06-08 02:15:00: ◇ injected env (0) from .env // tip: ⌁ auth for agents [www.vestauth.com]
2026-06-08 02:15:07: ◇ injected env (0) from .env // tip: ◈ secrets for agents [www.dotenvx.com]
2026-06-08 02:15:14: ◇ injected env (0) from .env // tip: ⌘ custom filepath { path: '/custom/path/.env' }
2026-06-08 02:15:20: ◇ injected env (0) from .env // tip: ⌘ suppress logs { quiet: true }
2026-06-08 02:15:27: ◇ injected env (0) from .env // tip: ⌘ multiple files { path: ['.env.local', '.env'] }
2026-06-08 02:15:33: ◇ injected env (0) from .env // tip: ⌘ suppress logs { quiet: true }
2026-06-08 02:15:40: ◇ injected env (0) from .env // tip: ⌘ custom filepath { path: '/custom/path/.env' }
2026-06-08 02:15:47: ◇ injected env (0) from .env // tip: ⌘ custom filepath { path: '/custom/path/.env' }
2026-06-08 02:15:54: ◇ injected env (0) from .env // tip: ⌘ enable debugging { debug: true }
2026-06-08 02:16:01: ◇ injected env (0) from .env // tip: ◈ secrets for agents [www.dotenvx.com]
2026-06-08 02:16:08: ◇ injected env (0) from .env // tip: ◈ secrets for agents [www.dotenvx.com]
2026-06-08 02:16:14: ◇ injected env (0) from .env // tip: ⌘ custom filepath { path: '/custom/path/.env' }
2026-06-08 02:16:20: ◇ injected env (0) from .env // tip: ⌘ suppress logs { quiet: true }
2026-06-08 02:16:27: ◇ injected env (0) from .env // tip: ⌘ enable debugging { debug: true }
2026-06-08 02:16:34: ◇ injected env (0) from .env // tip: ◈ encrypted .env [www.dotenvx.com]
2026-06-08 02:16:41: ◇ injected env (0) from .env // tip: ◈ encrypted .env [www.dotenvx.com]
2026-06-08 02:16:47: ◇ injected env (0) from .env // tip: ◈ secrets for agents [www.dotenvx.com]
2026-06-08 02:16:53: ◇ injected env (0) from .env // tip: ⌘ suppress logs { quiet: true }
2026-06-08 02:17:00: ◇ injected env (0) from .env // tip: ◈ encrypted .env [www.dotenvx.com]
2026-06-08 02:17:06: ◇ injected env (0) from .env // tip: ⌁ auth for agents [www.vestauth.com]
2026-06-08 02:17:13: ◇ injected env (0) from .env // tip: ⌁ auth for agents [www.vestauth.com]
2026-06-08 02:17:19: ◇ injected env (0) from .env // tip: ⌘ multiple files { path: ['.env.local', '.env'] }
2026-06-08 02:17:26: ◇ injected env (0) from .env // tip: ⌘ custom filepath { path: '/custom/path/.env' }
2026-06-08 02:17:33: ◇ injected env (0) from .env // tip: ⌘ suppress logs { quiet: true }
2026-06-08 02:17:39: ◇ injected env (0) from .env // tip: ◈ secrets for agents [www.dotenvx.com]
2026-06-08 02:17:46: ◇ injected env (0) from .env // tip: ◈ encrypted .env [www.dotenvx.com]
2026-06-08 02:17:53: ◇ injected env (0) from .env // tip: ◈ secrets for agents [www.dotenvx.com]
2026-06-08 02:17:59: ◇ injected env (0) from .env // tip: ⌘ override existing { override: true }
2026-06-08 02:18:05: ◇ injected env (0) from .env // tip: ⌘ override existing { override: true }
2026-06-08 02:18:12: ◇ injected env (0) from .env // tip: ⌘ override existing { override: true }
2026-06-08 02:18:18: ◇ injected env (0) from .env // tip: ◈ secrets for agents [www.dotenvx.com]
2026-06-08 02:18:25: ◇ injected env (0) from .env // tip: ◈ secrets for agents [www.dotenvx.com]
2026-06-08 02:18:31: ◇ injected env (0) from .env // tip: ⌘ override existing { override: true }
2026-06-08 02:18:38: ◇ injected env (0) from .env // tip: ⌘ suppress logs { quiet: true }
2026-06-08 02:18:44: ◇ injected env (0) from .env // tip: ◈ secrets for agents [www.dotenvx.com]
2026-06-08 02:18:50: ◇ injected env (0) from .env // tip: ⌘ multiple files { path: ['.env.local', '.env'] }
2026-06-08 02:18:55: ◇ injected env (0) from .env // tip: ⌘ enable debugging { debug: true }
2026-06-08 02:19:01: ◇ injected env (0) from .env // tip: ◈ encrypted .env [www.dotenvx.com]
2026-06-08 02:19:07: ◇ injected env (0) from .env // tip: ⌘ custom filepath { path: '/custom/path/.env' }
2026-06-08 02:19:12: ◇ injected env (0) from .env // tip: ◈ secrets for agents [www.dotenvx.com]
2026-06-08 02:19:17: ◇ injected env (0) from .env // tip: ⌘ custom filepath { path: '/custom/path/.env' }
2026-06-08 02:19:23: ◇ injected env (0) from .env // tip: ⌘ enable debugging { debug: true }
2026-06-08 02:19:29: ◇ injected env (0) from .env // tip: ⌘ override existing { override: true }
2026-06-08 02:19:35: ◇ injected env (0) from .env // tip: ◈ encrypted .env [www.dotenvx.com]
2026-06-08 02:19:42: ◇ injected env (0) from .env // tip: ⌘ custom filepath { path: '/custom/path/.env' }
2026-06-08 02:19:49: ◇ injected env (0) from .env // tip: ◈ secrets for agents [www.dotenvx.com]
2026-06-08 02:19:56: ◇ injected env (0) from .env // tip: ⌘ enable debugging { debug: true }
2026-06-08 02:20:02: ◇ injected env (0) from .env // tip: ⌘ custom filepath { path: '/custom/path/.env' }
2026-06-08 02:20:09: ◇ injected env (0) from .env // tip: ⌁ auth for agents [www.vestauth.com]
2026-06-08 02:20:16: ◇ injected env (0) from .env // tip: ◈ secrets for agents [www.dotenvx.com]
2026-06-08 02:20:23: ◇ injected env (0) from .env // tip: ⌁ auth for agents [www.vestauth.com]
2026-06-08 02:20:29: ◇ injected env (0) from .env // tip: ⌘ override existing { override: true }
2026-06-08 02:20:37: ◇ injected env (0) from .env // tip: ⌘ enable debugging { debug: true }
2026-06-08 02:20:44: ◇ injected env (0) from .env // tip: ◈ secrets for agents [www.dotenvx.com]
2026-06-08 02:20:51: ◇ injected env (0) from .env // tip: ⌘ multiple files { path: ['.env.local', '.env'] }
2026-06-08 02:20:57: ◇ injected env (0) from .env // tip: ◈ secrets for agents [www.dotenvx.com]
2026-06-08 02:21:04: ◇ injected env (0) from .env // tip: ⌘ enable debugging { debug: true }
2026-06-08 02:21:12: ◇ injected env (0) from .env // tip: ⌘ override existing { override: true }
2026-06-08 02:21:18: ◇ injected env (0) from .env // tip: ◈ secrets for agents [www.dotenvx.com]
2026-06-08 02:21:25: ◇ injected env (0) from .env // tip: ⌁ auth for agents [www.vestauth.com]
2026-06-08 02:21:31: ◇ injected env (0) from .env // tip: ◈ secrets for agents [www.dotenvx.com]
2026-06-08 02:21:38: ◇ injected env (0) from .env // tip: ⌘ multiple files { path: ['.env.local', '.env'] }
2026-06-08 02:21:45: ◇ injected env (0) from .env // tip: ◈ encrypted .env [www.dotenvx.com]
2026-06-08 02:21:52: ◇ injected env (0) from .env // tip: ◈ secrets for agents [www.dotenvx.com]
2026-06-08 02:21:59: ◇ injected env (0) from .env // tip: ⌘ multiple files { path: ['.env.local', '.env'] }
2026-06-08 02:22:06: ◇ injected env (0) from .env // tip: ⌘ custom filepath { path: '/custom/path/.env' }
2026-06-08 02:22:12: ◇ injected env (0) from .env // tip: ⌘ custom filepath { path: '/custom/path/.env' }
2026-06-08 02:22:19: ◇ injected env (0) from .env // tip: ◈ encrypted .env [www.dotenvx.com]
2026-06-08 02:22:26: ◇ injected env (0) from .env // tip: ⌘ custom filepath { path: '/custom/path/.env' }
2026-06-08 02:22:33: ◇ injected env (0) from .env // tip: ⌘ override existing { override: true }
2026-06-08 02:22:40: ◇ injected env (0) from .env // tip: ⌘ multiple files { path: ['.env.local', '.env'] }
2026-06-08 02:22:46: ◇ injected env (0) from .env // tip: ⌁ auth for agents [www.vestauth.com]
2026-06-08 02:22:53: ◇ injected env (0) from .env // tip: ⌘ multiple files { path: ['.env.local', '.env'] }
2026-06-08 02:23:00: ◇ injected env (0) from .env // tip: ⌁ auth for agents [www.vestauth.com]
2026-06-08 02:23:07: ◇ injected env (0) from .env // tip: ◈ encrypted .env [www.dotenvx.com]
2026-06-08 02:23:14: ◇ injected env (0) from .env // tip: ⌘ suppress logs { quiet: true }
2026-06-08 02:23:21: ◇ injected env (0) from .env // tip: ⌘ enable debugging { debug: true }
2026-06-08 02:23:27: ◇ injected env (0) from .env // tip: ⌘ enable debugging { debug: true }
2026-06-08 02:23:34: ◇ injected env (0) from .env // tip: ◈ encrypted .env [www.dotenvx.com]
2026-06-08 02:23:42: ◇ injected env (0) from .env // tip: ◈ secrets for agents [www.dotenvx.com]
2026-06-08 02:23:48: ◇ injected env (0) from .env // tip: ⌘ enable debugging { debug: true }
2026-06-08 02:23:55: ◇ injected env (0) from .env // tip: ◈ secrets for agents [www.dotenvx.com]
2026-06-08 02:24:02: ◇ injected env (0) from .env // tip: ◈ encrypted .env [www.dotenvx.com]
2026-06-08 02:24:09: ◇ injected env (0) from .env // tip: ⌘ suppress logs { quiet: true }
2026-06-08 02:24:16: ◇ injected env (0) from .env // tip: ⌘ suppress logs { quiet: true }
2026-06-08 02:24:23: ◇ injected env (0) from .env // tip: ⌁ auth for agents [www.vestauth.com]
2026-06-08 02:24:30: ◇ injected env (0) from .env // tip: ⌘ custom filepath { path: '/custom/path/.env' }
2026-06-08 02:24:37: ◇ injected env (0) from .env // tip: ⌘ suppress logs { quiet: true }
2026-06-08 02:24:44: ◇ injected env (0) from .env // tip: ⌁ auth for agents [www.vestauth.com]
2026-06-08 02:24:51: ◇ injected env (0) from .env // tip: ◈ secrets for agents [www.dotenvx.com]
2026-06-08 02:24:58: ◇ injected env (0) from .env // tip: ⌘ multiple files { path: ['.env.local', '.env'] }
2026-06-08 02:25:05: ◇ injected env (0) from .env // tip: ⌘ multiple files { path: ['.env.local', '.env'] }
2026-06-08 02:25:12: ◇ injected env (0) from .env // tip: ⌘ suppress logs { quiet: true }
2026-06-08 02:25:19: ◇ injected env (0) from .env // tip: ⌘ enable debugging { debug: true }
2026-06-08 02:25:26: ◇ injected env (0) from .env // tip: ⌘ custom filepath { path: '/custom/path/.env' }
2026-06-08 02:25:33: ◇ injected env (0) from .env // tip: ⌁ auth for agents [www.vestauth.com]
2026-06-08 02:25:41: ◇ injected env (0) from .env // tip: ◈ encrypted .env [www.dotenvx.com]
2026-06-08 02:25:48: ◇ injected env (0) from .env // tip: ◈ secrets for agents [www.dotenvx.com]
2026-06-08 02:25:54: ◇ injected env (0) from .env // tip: ⌘ multiple files { path: ['.env.local', '.env'] }
2026-06-08 02:26:02: ◇ injected env (0) from .env // tip: ⌘ multiple files { path: ['.env.local', '.env'] }
2026-06-08 02:26:09: ◇ injected env (0) from .env // tip: ◈ secrets for agents [www.dotenvx.com]
2026-06-08 02:26:16: ◇ injected env (0) from .env // tip: ⌘ suppress logs { quiet: true }
2026-06-08 02:26:23: ◇ injected env (0) from .env // tip: ⌘ multiple files { path: ['.env.local', '.env'] }
2026-06-08 02:26:30: ◇ injected env (0) from .env // tip: ◈ encrypted .env [www.dotenvx.com]
2026-06-08 02:26:38: ◇ injected env (0) from .env // tip: ◈ secrets for agents [www.dotenvx.com]
2026-06-08 02:26:45: ◇ injected env (0) from .env // tip: ⌁ auth for agents [www.vestauth.com]
2026-06-08 02:26:52: ◇ injected env (0) from .env // tip: ⌘ override existing { override: true }
2026-06-08 02:26:59: ◇ injected env (0) from .env // tip: ⌘ custom filepath { path: '/custom/path/.env' }
2026-06-08 02:27:07: ◇ injected env (0) from .env // tip: ⌘ enable debugging { debug: true }
2026-06-08 02:27:14: ◇ injected env (0) from .env // tip: ⌘ enable debugging { debug: true }
2026-06-08 02:27:20: ◇ injected env (0) from .env // tip: ◈ secrets for agents [www.dotenvx.com]
2026-06-08 02:27:27: ◇ injected env (0) from .env // tip: ⌘ suppress logs { quiet: true }
2026-06-08 02:27:34: ◇ injected env (0) from .env // tip: ⌘ suppress logs { quiet: true }
2026-06-08 02:27:41: ◇ injected env (0) from .env // tip: ⌘ override existing { override: true }
2026-06-08 02:27:48: ◇ injected env (0) from .env // tip: ⌘ override existing { override: true }
2026-06-08 02:27:55: ◇ injected env (0) from .env // tip: ⌘ custom filepath { path: '/custom/path/.env' }
2026-06-08 02:28:02: ◇ injected env (0) from .env // tip: ◈ secrets for agents [www.dotenvx.com]
2026-06-08 02:28:09: ◇ injected env (0) from .env // tip: ◈ encrypted .env [www.dotenvx.com]
2026-06-08 02:28:16: ◇ injected env (0) from .env // tip: ⌘ custom filepath { path: '/custom/path/.env' }
2026-06-08 02:28:23: ◇ injected env (0) from .env // tip: ⌘ suppress logs { quiet: true }
2026-06-08 02:28:30: ◇ injected env (0) from .env // tip: ⌘ suppress logs { quiet: true }
2026-06-08 02:28:37: ◇ injected env (0) from .env // tip: ⌘ multiple files { path: ['.env.local', '.env'] }
2026-06-08 02:28:44: ◇ injected env (0) from .env // tip: ⌘ suppress logs { quiet: true }
2026-06-08 02:28:50: ◇ injected env (0) from .env // tip: ⌘ enable debugging { debug: true }
2026-06-08 02:28:57: ◇ injected env (0) from .env // tip: ⌘ custom filepath { path: '/custom/path/.env' }
2026-06-08 02:29:04: ◇ injected env (0) from .env // tip: ⌁ auth for agents [www.vestauth.com]
2026-06-08 02:29:11: ◇ injected env (0) from .env // tip: ⌁ auth for agents [www.vestauth.com]
2026-06-08 02:29:18: ◇ injected env (0) from .env // tip: ⌘ custom filepath { path: '/custom/path/.env' }
2026-06-08 02:29:25: ◇ injected env (0) from .env // tip: ⌘ override existing { override: true }
2026-06-08 02:29:32: ◇ injected env (0) from .env // tip: ⌘ enable debugging { debug: true }
2026-06-08 02:29:38: ◇ injected env (0) from .env // tip: ⌘ multiple files { path: ['.env.local', '.env'] }
2026-06-08 02:29:45: ◇ injected env (0) from .env // tip: ⌘ enable debugging { debug: true }
2026-06-08 02:29:52: ◇ injected env (0) from .env // tip: ◈ encrypted .env [www.dotenvx.com]
2026-06-08 02:29:59: ◇ injected env (0) from .env // tip: ⌘ suppress logs { quiet: true }
2026-06-08 02:30:06: ◇ injected env (0) from .env // tip: ◈ secrets for agents [www.dotenvx.com]
2026-06-08 02:30:13: ◇ injected env (0) from .env // tip: ⌘ suppress logs { quiet: true }
2026-06-08 02:30:19: ◇ injected env (0) from .env // tip: ⌁ auth for agents [www.vestauth.com]
2026-06-08 02:30:26: ◇ injected env (0) from .env // tip: ◈ encrypted .env [www.dotenvx.com]
2026-06-08 02:30:33: ◇ injected env (0) from .env // tip: ⌘ multiple files { path: ['.env.local', '.env'] }
2026-06-08 02:30:40: ◇ injected env (0) from .env // tip: ⌘ enable debugging { debug: true }
2026-06-08 02:30:46: ◇ injected env (0) from .env // tip: ⌘ custom filepath { path: '/custom/path/.env' }
2026-06-08 02:30:53: ◇ injected env (0) from .env // tip: ⌁ auth for agents [www.vestauth.com]
2026-06-08 02:31:00: ◇ injected env (0) from .env // tip: ⌘ multiple files { path: ['.env.local', '.env'] }
2026-06-08 02:31:07: ◇ injected env (0) from .env // tip: ⌘ custom filepath { path: '/custom/path/.env' }
2026-06-08 02:31:13: ◇ injected env (0) from .env // tip: ◈ secrets for agents [www.dotenvx.com]
2026-06-08 02:31:20: ◇ injected env (0) from .env // tip: ⌘ enable debugging { debug: true }
2026-06-08 02:31:26: ◇ injected env (0) from .env // tip: ⌘ override existing { override: true }
2026-06-08 02:31:34: ◇ injected env (0) from .env // tip: ◈ encrypted .env [www.dotenvx.com]
2026-06-08 02:31:43: ◇ injected env (0) from .env // tip: ⌘ suppress logs { quiet: true }
2026-06-08 02:31:53: ◇ injected env (0) from .env // tip: ⌘ custom filepath { path: '/custom/path/.env' }
2026-06-08 02:32:06: ◇ injected env (0) from .env // tip: ⌘ multiple files { path: ['.env.local', '.env'] }
2026-06-08 02:32:17: ◇ injected env (0) from .env // tip: ⌘ custom filepath { path: '/custom/path/.env' }
2026-06-08 02:32:25: ◇ injected env (0) from .env // tip: ⌘ multiple files { path: ['.env.local', '.env'] }
2026-06-08 02:32:33: ◇ injected env (0) from .env // tip: ◈ secrets for agents [www.dotenvx.com]
2026-06-08 02:32:42: ◇ injected env (0) from .env // tip: ◈ secrets for agents [www.dotenvx.com]
2026-06-08 02:32:50: ◇ injected env (0) from .env // tip: ⌘ custom filepath { path: '/custom/path/.env' }
2026-06-08 02:33:00: ◇ injected env (0) from .env // tip: ⌁ auth for agents [www.vestauth.com]
2026-06-08 02:33:08: ◇ injected env (0) from .env // tip: ⌘ suppress logs { quiet: true }
2026-06-08 02:33:16: ◇ injected env (0) from .env // tip: ⌘ enable debugging { debug: true }
2026-06-08 02:33:24: ◇ injected env (0) from .env // tip: ◈ secrets for agents [www.dotenvx.com]
2026-06-08 02:33:33: ◇ injected env (0) from .env // tip: ⌘ multiple files { path: ['.env.local', '.env'] }
2026-06-08 02:33:42: ◇ injected env (0) from .env // tip: ◈ secrets for agents [www.dotenvx.com]
2026-06-08 02:33:49: ◇ injected env (0) from .env // tip: ⌘ custom filepath { path: '/custom/path/.env' }
2026-06-08 02:33:57: ◇ injected env (0) from .env // tip: ⌘ custom filepath { path: '/custom/path/.env' }
2026-06-08 02:34:04: ◇ injected env (0) from .env // tip: ◈ secrets for agents [www.dotenvx.com]
2026-06-08 02:34:11: ◇ injected env (0) from .env // tip: ⌘ override existing { override: true }
2026-06-08 02:34:19: ◇ injected env (0) from .env // tip: ⌘ multiple files { path: ['.env.local', '.env'] }
2026-06-08 02:34:26: ◇ injected env (0) from .env // tip: ⌘ multiple files { path: ['.env.local', '.env'] }
2026-06-08 02:34:34: ◇ injected env (0) from .env // tip: ⌘ override existing { override: true }
2026-06-08 02:34:43: ◇ injected env (0) from .env // tip: ⌘ multiple files { path: ['.env.local', '.env'] }
2026-06-08 02:34:52: ◇ injected env (0) from .env // tip: ⌘ override existing { override: true }
2026-06-08 02:34:59: ◇ injected env (0) from .env // tip: ⌘ custom filepath { path: '/custom/path/.env' }
2026-06-08 02:35:07: ◇ injected env (0) from .env // tip: ⌘ enable debugging { debug: true }
2026-06-08 02:35:14: ◇ injected env (0) from .env // tip: ⌁ auth for agents [www.vestauth.com]
2026-06-08 02:35:20: ◇ injected env (0) from .env // tip: ⌘ enable debugging { debug: true }
2026-06-08 02:35:22: ◇ injected env (0) from .env // tip: ◈ secrets for agents [www.dotenvx.com]
2026-06-08 02:35:28: ◇ injected env (0) from .env // tip: ⌘ suppress logs { quiet: true }
2026-06-08 02:35:33: ◇ injected env (0) from .env // tip: ◈ encrypted .env [www.dotenvx.com]
2026-06-08 02:35:38: ◇ injected env (0) from .env // tip: ⌘ custom filepath { path: '/custom/path/.env' }
2026-06-08 02:35:42: ◇ injected env (0) from .env // tip: ⌘ multiple files { path: ['.env.local', '.env'] }
2026-06-08 02:35:45: ◇ injected env (0) from .env // tip: ⌘ suppress logs { quiet: true }
2026-06-08 02:35:49: ◇ injected env (0) from .env // tip: ⌘ multiple files { path: ['.env.local', '.env'] }
2026-06-08 02:35:59: ◇ injected env (0) from .env // tip: ⌘ enable debugging { debug: true }
2026-06-08 02:36:09: ◇ injected env (0) from .env // tip: ◈ secrets for agents [www.dotenvx.com]
2026-06-08 02:36:22: ◇ injected env (0) from .env // tip: ⌘ custom filepath { path: '/custom/path/.env' }
2026-06-08 02:36:28: ◇ injected env (0) from .env // tip: ⌘ multiple files { path: ['.env.local', '.env'] }
2026-06-08 02:36:37: ◇ injected env (0) from .env // tip: ◈ encrypted .env [www.dotenvx.com]
2026-06-08 02:36:45: ◇ injected env (0) from .env // tip: ⌁ auth for agents [www.vestauth.com]
2026-06-08 02:36:54: ◇ injected env (0) from .env // tip: ⌘ suppress logs { quiet: true }
2026-06-08 02:37:01: ◇ injected env (0) from .env // tip: ⌘ multiple files { path: ['.env.local', '.env'] }
2026-06-08 02:37:06: ◇ injected env (0) from .env // tip: ⌘ suppress logs { quiet: true }
2026-06-08 02:37:09: ◇ injected env (0) from .env // tip: ⌘ enable debugging { debug: true }
2026-06-08 02:37:14: ◇ injected env (0) from .env // tip: ⌘ override existing { override: true }
2026-06-08 02:37:19: ◇ injected env (0) from .env // tip: ◈ secrets for agents [www.dotenvx.com]
2026-06-08 02:37:31: ◇ injected env (0) from .env // tip: ◈ secrets for agents [www.dotenvx.com]
2026-06-08 02:37:41: ◇ injected env (0) from .env // tip: ⌘ multiple files { path: ['.env.local', '.env'] }
2026-06-08 02:37:51: ◇ injected env (0) from .env // tip: ⌘ multiple files { path: ['.env.local', '.env'] }
2026-06-08 02:38:06: ◇ injected env (0) from .env // tip: ⌘ custom filepath { path: '/custom/path/.env' }
2026-06-08 02:38:17: ◇ injected env (0) from .env // tip: ⌘ multiple files { path: ['.env.local', '.env'] }
2026-06-08 02:38:25: ◇ injected env (0) from .env // tip: ⌘ enable debugging { debug: true }
2026-06-08 02:38:35: ◇ injected env (0) from .env // tip: ⌘ suppress logs { quiet: true }
2026-06-08 02:38:42: ◇ injected env (0) from .env // tip: ⌘ override existing { override: true }
2026-06-08 02:38:50: ◇ injected env (0) from .env // tip: ◈ encrypted .env [www.dotenvx.com]
2026-06-08 02:38:58: ◇ injected env (0) from .env // tip: ⌘ multiple files { path: ['.env.local', '.env'] }
2026-06-08 02:39:05: ◇ injected env (0) from .env // tip: ⌘ enable debugging { debug: true }
2026-06-08 02:39:12: ◇ injected env (0) from .env // tip: ⌁ auth for agents [www.vestauth.com]
2026-06-08 02:39:14: ◇ injected env (0) from .env // tip: ◈ secrets for agents [www.dotenvx.com]
2026-06-08 02:39:22: ◇ injected env (0) from .env // tip: ⌘ override existing { override: true }
2026-06-08 02:39:30: ◇ injected env (0) from .env // tip: ⌘ custom filepath { path: '/custom/path/.env' }
2026-06-08 02:39:36: ◇ injected env (0) from .env // tip: ◈ encrypted .env [www.dotenvx.com]
2026-06-08 02:39:41: ◇ injected env (0) from .env // tip: ⌁ auth for agents [www.vestauth.com]
2026-06-08 02:39:43: ◇ injected env (0) from .env // tip: ◈ encrypted .env [www.dotenvx.com]
2026-06-08 02:39:46: ◇ injected env (0) from .env // tip: ◈ encrypted .env [www.dotenvx.com]
2026-06-08 02:39:54: ◇ injected env (0) from .env // tip: ⌘ enable debugging { debug: true }
2026-06-08 02:40:01: ◇ injected env (0) from .env // tip: ◈ encrypted .env [www.dotenvx.com]
2026-06-08 02:40:06: ◇ injected env (0) from .env // tip: ⌘ multiple files { path: ['.env.local', '.env'] }
2026-06-08 02:40:09: ◇ injected env (0) from .env // tip: ◈ secrets for agents [www.dotenvx.com]
2026-06-08 02:40:13: ◇ injected env (0) from .env // tip: ⌁ auth for agents [www.vestauth.com]
2026-06-08 02:40:17: ◇ injected env (0) from .env // tip: ⌘ custom filepath { path: '/custom/path/.env' }
2026-06-08 02:40:22: ◇ injected env (0) from .env // tip: ⌘ multiple files { path: ['.env.local', '.env'] }
2026-06-08 02:40:25: ◇ injected env (0) from .env // tip: ◈ secrets for agents [www.dotenvx.com]
2026-06-08 02:40:30: ◇ injected env (0) from .env // tip: ⌘ enable debugging { debug: true }
2026-06-08 02:40:33: ◇ injected env (0) from .env // tip: ⌘ custom filepath { path: '/custom/path/.env' }
2026-06-08 02:40:40: ◇ injected env (0) from .env // tip: ◈ encrypted .env [www.dotenvx.com]
2026-06-08 02:40:45: ◇ injected env (0) from .env // tip: ⌘ custom filepath { path: '/custom/path/.env' }
2026-06-08 02:40:48: ◇ injected env (0) from .env // tip: ◈ secrets for agents [www.dotenvx.com]
2026-06-08 02:40:53: ◇ injected env (0) from .env // tip: ⌘ enable debugging { debug: true }
2026-06-08 02:40:55: ◇ injected env (0) from .env // tip: ⌘ suppress logs { quiet: true }
2026-06-08 02:41:01: ◇ injected env (0) from .env // tip: ⌘ custom filepath { path: '/custom/path/.env' }
2026-06-08 02:41:04: ◇ injected env (0) from .env // tip: ⌁ auth for agents [www.vestauth.com]
2026-06-08 02:41:11: ◇ injected env (0) from .env // tip: ◈ secrets for agents [www.dotenvx.com]
2026-06-08 02:41:16: ◇ injected env (0) from .env // tip: ⌘ enable debugging { debug: true }
2026-06-08 02:41:19: ◇ injected env (0) from .env // tip: ◈ encrypted .env [www.dotenvx.com]
2026-06-08 02:41:25: ◇ injected env (0) from .env // tip: ⌘ enable debugging { debug: true }
2026-06-08 02:41:31: ◇ injected env (0) from .env // tip: ⌘ multiple files { path: ['.env.local', '.env'] }
2026-06-08 02:41:33: ◇ injected env (0) from .env // tip: ⌁ auth for agents [www.vestauth.com]
2026-06-08 02:41:37: ◇ injected env (0) from .env // tip: ⌘ multiple files { path: ['.env.local', '.env'] }
2026-06-08 02:41:40: ◇ injected env (0) from .env // tip: ⌘ enable debugging { debug: true }
2026-06-08 02:41:42: ◇ injected env (0) from .env // tip: ⌘ override existing { override: true }
2026-06-08 02:41:48: ◇ injected env (0) from .env // tip: ◈ encrypted .env [www.dotenvx.com]
2026-06-08 02:41:50: ◇ injected env (0) from .env // tip: ◈ secrets for agents [www.dotenvx.com]
2026-06-08 02:41:57: ◇ injected env (0) from .env // tip: ⌘ enable debugging { debug: true }
2026-06-08 02:42:02: ◇ injected env (0) from .env // tip: ◈ encrypted .env [www.dotenvx.com]
2026-06-08 02:42:04: ◇ injected env (0) from .env // tip: ⌘ suppress logs { quiet: true }
2026-06-08 02:42:08: ◇ injected env (0) from .env // tip: ⌁ auth for agents [www.vestauth.com]
2026-06-08 02:42:15: ◇ injected env (0) from .env // tip: ⌘ enable debugging { debug: true }
2026-06-08 02:42:24: ◇ injected env (0) from .env // tip: ⌘ override existing { override: true }
2026-06-08 02:42:33: ◇ injected env (0) from .env // tip: ⌘ suppress logs { quiet: true }
2026-06-08 02:42:41: ◇ injected env (0) from .env // tip: ⌘ suppress logs { quiet: true }
2026-06-08 02:42:47: ◇ injected env (0) from .env // tip: ⌁ auth for agents [www.vestauth.com]
2026-06-08 02:42:54: ◇ injected env (0) from .env // tip: ⌁ auth for agents [www.vestauth.com]
2026-06-08 02:43:01: ◇ injected env (0) from .env // tip: ⌘ multiple files { path: ['.env.local', '.env'] }
2026-06-08 02:43:09: ◇ injected env (0) from .env // tip: ⌘ suppress logs { quiet: true }
2026-06-08 02:43:16: ◇ injected env (0) from .env // tip: ◈ secrets for agents [www.dotenvx.com]
2026-06-08 02:43:21: ◇ injected env (0) from .env // tip: ⌘ override existing { override: true }
2026-06-08 02:43:25: ◇ injected env (0) from .env // tip: ⌘ enable debugging { debug: true }
2026-06-08 02:43:30: ◇ injected env (0) from .env // tip: ◈ encrypted .env [www.dotenvx.com]
2026-06-08 02:43:36: ◇ injected env (0) from .env // tip: ◈ secrets for agents [www.dotenvx.com]
2026-06-08 02:43:40: ◇ injected env (0) from .env // tip: ⌘ suppress logs { quiet: true }
2026-06-08 02:43:47: ◇ injected env (0) from .env // tip: ⌘ enable debugging { debug: true }
2026-06-08 02:43:56: ◇ injected env (0) from .env // tip: ⌘ multiple files { path: ['.env.local', '.env'] }
2026-06-08 02:44:02: ◇ injected env (0) from .env // tip: ⌘ enable debugging { debug: true }
2026-06-08 02:44:05: ◇ injected env (0) from .env // tip: ⌘ suppress logs { quiet: true }
2026-06-08 02:44:10: ◇ injected env (0) from .env // tip: ⌁ auth for agents [www.vestauth.com]
2026-06-08 02:44:12: ◇ injected env (0) from .env // tip: ⌘ override existing { override: true }
2026-06-08 02:44:15: ◇ injected env (0) from .env // tip: ◈ encrypted .env [www.dotenvx.com]
2026-06-08 02:44:22: ◇ injected env (0) from .env // tip: ⌘ override existing { override: true }
2026-06-08 02:44:27: ◇ injected env (0) from .env // tip: ⌘ enable debugging { debug: true }
2026-06-08 02:44:31: ◇ injected env (0) from .env // tip: ⌁ auth for agents [www.vestauth.com]
2026-06-08 02:44:41: ◇ injected env (0) from .env // tip: ⌁ auth for agents [www.vestauth.com]
2026-06-08 02:44:53: ◇ injected env (0) from .env // tip: ⌘ multiple files { path: ['.env.local', '.env'] }
2026-06-08 02:44:59: ◇ injected env (0) from .env // tip: ⌘ override existing { override: true }
2026-06-08 02:45:02: ◇ injected env (0) from .env // tip: ⌁ auth for agents [www.vestauth.com]
2026-06-08 02:45:07: ◇ injected env (0) from .env // tip: ⌘ multiple files { path: ['.env.local', '.env'] }
2026-06-08 02:45:11: ◇ injected env (0) from .env // tip: ⌘ multiple files { path: ['.env.local', '.env'] }
2026-06-08 02:45:17: ◇ injected env (0) from .env // tip: ⌁ auth for agents [www.vestauth.com]
2026-06-08 02:45:21: ◇ injected env (0) from .env // tip: ⌘ override existing { override: true }
2026-06-08 02:45:27: ◇ injected env (0) from .env // tip: ⌁ auth for agents [www.vestauth.com]
2026-06-08 02:45:31: ◇ injected env (0) from .env // tip: ⌘ suppress logs { quiet: true }
2026-06-08 02:45:34: ◇ injected env (0) from .env // tip: ⌘ custom filepath { path: '/custom/path/.env' }
2026-06-08 02:45:41: ◇ injected env (0) from .env // tip: ⌘ custom filepath { path: '/custom/path/.env' }
2026-06-08 02:45:45: ◇ injected env (0) from .env // tip: ◈ encrypted .env [www.dotenvx.com]
2026-06-08 02:45:51: ◇ injected env (0) from .env // tip: ⌘ suppress logs { quiet: true }
2026-06-08 02:45:59: ◇ injected env (0) from .env // tip: ⌘ custom filepath { path: '/custom/path/.env' }
2026-06-08 02:46:04: ◇ injected env (0) from .env // tip: ⌘ custom filepath { path: '/custom/path/.env' }
2026-06-08 02:46:07: ◇ injected env (0) from .env // tip: ⌘ multiple files { path: ['.env.local', '.env'] }
2026-06-08 02:46:13: ◇ injected env (0) from .env // tip: ⌁ auth for agents [www.vestauth.com]
2026-06-08 02:46:16: ◇ injected env (0) from .env // tip: ⌘ multiple files { path: ['.env.local', '.env'] }
2026-06-08 02:46:24: ◇ injected env (0) from .env // tip: ⌘ enable debugging { debug: true }
2026-06-08 02:46:31: ◇ injected env (0) from .env // tip: ⌘ suppress logs { quiet: true }
2026-06-08 02:46:39: ◇ injected env (0) from .env // tip: ◈ encrypted .env [www.dotenvx.com]
2026-06-08 02:46:47: ◇ injected env (0) from .env // tip: ⌁ auth for agents [www.vestauth.com]
2026-06-08 02:46:54: ◇ injected env (0) from .env // tip: ⌁ auth for agents [www.vestauth.com]
2026-06-08 02:47:01: ◇ injected env (0) from .env // tip: ⌘ suppress logs { quiet: true }
2026-06-08 02:47:08: ◇ injected env (0) from .env // tip: ⌘ override existing { override: true }
2026-06-08 02:47:16: ◇ injected env (0) from .env // tip: ⌘ override existing { override: true }
2026-06-08 02:47:21: ◇ injected env (0) from .env // tip: ⌘ custom filepath { path: '/custom/path/.env' }
2026-06-08 02:47:24: ◇ injected env (0) from .env // tip: ⌘ enable debugging { debug: true }
2026-06-08 02:47:31: ◇ injected env (0) from .env // tip: ⌘ custom filepath { path: '/custom/path/.env' }
2026-06-08 02:47:35: ◇ injected env (0) from .env // tip: ⌘ custom filepath { path: '/custom/path/.env' }
2026-06-08 02:47:38: ◇ injected env (0) from .env // tip: ⌘ override existing { override: true }
2026-06-08 02:47:42: ◇ injected env (0) from .env // tip: ⌘ custom filepath { path: '/custom/path/.env' }
2026-06-08 02:47:49: ◇ injected env (0) from .env // tip: ◈ encrypted .env [www.dotenvx.com]
2026-06-08 02:47:56: ◇ injected env (0) from .env // tip: ◈ encrypted .env [www.dotenvx.com]
2026-06-08 02:48:03: ◇ injected env (0) from .env // tip: ⌘ multiple files { path: ['.env.local', '.env'] }
2026-06-08 02:48:11: ◇ injected env (0) from .env // tip: ◈ secrets for agents [www.dotenvx.com]
2026-06-08 02:48:20: ◇ injected env (0) from .env // tip: ◈ secrets for agents [www.dotenvx.com]
2026-06-08 02:48:28: ◇ injected env (0) from .env // tip: ⌘ enable debugging { debug: true }
2026-06-08 02:48:36: ◇ injected env (0) from .env // tip: ⌘ override existing { override: true }
2026-06-08 02:48:43: ◇ injected env (0) from .env // tip: ⌁ auth for agents [www.vestauth.com]
2026-06-08 02:48:51: ◇ injected env (0) from .env // tip: ⌘ multiple files { path: ['.env.local', '.env'] }
2026-06-08 02:48:58: ◇ injected env (0) from .env // tip: ⌘ custom filepath { path: '/custom/path/.env' }
2026-06-08 02:49:07: ◇ injected env (0) from .env // tip: ⌁ auth for agents [www.vestauth.com]
2026-06-08 02:49:14: ◇ injected env (0) from .env // tip: ⌁ auth for agents [www.vestauth.com]
2026-06-08 02:49:22: ◇ injected env (0) from .env // tip: ⌘ override existing { override: true }
2026-06-08 02:49:30: ◇ injected env (0) from .env // tip: ⌘ suppress logs { quiet: true }
2026-06-08 02:49:36: ◇ injected env (0) from .env // tip: ⌁ auth for agents [www.vestauth.com]
2026-06-08 02:49:44: ◇ injected env (0) from .env // tip: ⌘ suppress logs { quiet: true }
2026-06-08 02:49:52: ◇ injected env (0) from .env // tip: ◈ secrets for agents [www.dotenvx.com]
2026-06-08 02:49:59: ◇ injected env (0) from .env // tip: ⌘ enable debugging { debug: true }
2026-06-08 02:50:04: ◇ injected env (0) from .env // tip: ⌘ override existing { override: true }
2026-06-08 02:50:07: ◇ injected env (0) from .env // tip: ⌘ multiple files { path: ['.env.local', '.env'] }
2026-06-08 02:50:11: ◇ injected env (0) from .env // tip: ⌘ enable debugging { debug: true }
2026-06-08 02:50:21: ◇ injected env (0) from .env // tip: ⌘ enable debugging { debug: true }
2026-06-08 02:50:30: ◇ injected env (0) from .env // tip: ⌘ enable debugging { debug: true }
2026-06-08 02:50:39: ◇ injected env (0) from .env // tip: ◈ encrypted .env [www.dotenvx.com]
2026-06-08 02:50:52: ◇ injected env (0) from .env // tip: ◈ secrets for agents [www.dotenvx.com]
2026-06-08 02:51:03: ◇ injected env (0) from .env // tip: ◈ encrypted .env [www.dotenvx.com]
2026-06-08 02:51:19: ◇ injected env (0) from .env // tip: ⌘ override existing { override: true }
2026-06-08 02:51:34: ◇ injected env (0) from .env // tip: ⌘ suppress logs { quiet: true }
2026-06-08 02:51:44: ◇ injected env (0) from .env // tip: ⌘ suppress logs { quiet: true }
2026-06-08 02:51:48: ◇ injected env (0) from .env // tip: ◈ encrypted .env [www.dotenvx.com]
2026-06-08 02:51:53: ◇ injected env (0) from .env // tip: ⌘ enable debugging { debug: true }
2026-06-08 02:52:04: ◇ injected env (0) from .env // tip: ⌘ custom filepath { path: '/custom/path/.env' }
2026-06-08 02:52:16: ◇ injected env (0) from .env // tip: ⌘ override existing { override: true }
2026-06-08 02:52:28: ◇ injected env (0) from .env // tip: ⌘ enable debugging { debug: true }
2026-06-08 02:52:42: ◇ injected env (0) from .env // tip: ⌘ multiple files { path: ['.env.local', '.env'] }
2026-06-08 02:52:56: ◇ injected env (0) from .env // tip: ⌘ custom filepath { path: '/custom/path/.env' }
2026-06-08 02:53:06: ◇ injected env (0) from .env // tip: ⌘ suppress logs { quiet: true }
2026-06-08 02:53:16: ◇ injected env (0) from .env // tip: ◈ secrets for agents [www.dotenvx.com]
2026-06-08 02:53:25: ◇ injected env (0) from .env // tip: ⌘ suppress logs { quiet: true }
2026-06-08 02:53:35: ◇ injected env (0) from .env // tip: ⌘ enable debugging { debug: true }
2026-06-08 02:53:45: ◇ injected env (0) from .env // tip: ◈ encrypted .env [www.dotenvx.com]
2026-06-08 02:53:53: ◇ injected env (0) from .env // tip: ◈ encrypted .env [www.dotenvx.com]
2026-06-08 02:54:03: ◇ injected env (0) from .env // tip: ⌘ multiple files { path: ['.env.local', '.env'] }
2026-06-08 02:54:12: ◇ injected env (0) from .env // tip: ◈ encrypted .env [www.dotenvx.com]
2026-06-08 02:54:24: ◇ injected env (0) from .env // tip: ⌘ custom filepath { path: '/custom/path/.env' }
2026-06-08 02:54:32: ◇ injected env (0) from .env // tip: ⌘ multiple files { path: ['.env.local', '.env'] }
2026-06-08 02:54:41: ◇ injected env (0) from .env // tip: ⌘ suppress logs { quiet: true }
2026-06-08 02:54:47: ◇ injected env (0) from .env // tip: ◈ encrypted .env [www.dotenvx.com]
2026-06-08 02:54:52: ◇ injected env (0) from .env // tip: ⌘ suppress logs { quiet: true }
2026-06-08 02:55:01: ◇ injected env (0) from .env // tip: ◈ encrypted .env [www.dotenvx.com]
2026-06-08 02:55:07: ◇ injected env (0) from .env // tip: ⌘ enable debugging { debug: true }
2026-06-08 02:55:12: ◇ injected env (0) from .env // tip: ⌘ enable debugging { debug: true }
2026-06-08 02:55:17: ◇ injected env (0) from .env // tip: ⌁ auth for agents [www.vestauth.com]
2026-06-08 02:55:20: ◇ injected env (0) from .env // tip: ◈ encrypted .env [www.dotenvx.com]
2026-06-08 02:55:27: ◇ injected env (0) from .env // tip: ⌘ multiple files { path: ['.env.local', '.env'] }
2026-06-08 02:55:30: ◇ injected env (0) from .env // tip: ⌘ multiple files { path: ['.env.local', '.env'] }
2026-06-08 02:55:39: ◇ injected env (0) from .env // tip: ◈ encrypted .env [www.dotenvx.com]
2026-06-08 02:55:44: ◇ injected env (0) from .env // tip: ◈ encrypted .env [www.dotenvx.com]
2026-06-08 02:55:49: ◇ injected env (0) from .env // tip: ⌁ auth for agents [www.vestauth.com]
2026-06-08 02:55:54: ◇ injected env (0) from .env // tip: ⌘ override existing { override: true }
2026-06-08 02:56:03: ◇ injected env (0) from .env // tip: ◈ encrypted .env [www.dotenvx.com]
2026-06-08 02:56:13: ◇ injected env (0) from .env // tip: ⌘ override existing { override: true }
2026-06-08 02:56:23: ◇ injected env (0) from .env // tip: ⌘ multiple files { path: ['.env.local', '.env'] }
2026-06-08 02:56:33: ◇ injected env (0) from .env // tip: ⌘ multiple files { path: ['.env.local', '.env'] }
2026-06-08 02:56:42: ◇ injected env (0) from .env // tip: ⌘ custom filepath { path: '/custom/path/.env' }
2026-06-08 02:56:54: ◇ injected env (0) from .env // tip: ⌁ auth for agents [www.vestauth.com]
2026-06-08 02:57:02: ◇ injected env (0) from .env // tip: ◈ encrypted .env [www.dotenvx.com]
2026-06-08 02:57:04: ◇ injected env (0) from .env // tip: ⌘ multiple files { path: ['.env.local', '.env'] }
2026-06-08 02:57:09: ◇ injected env (0) from .env // tip: ◈ secrets for agents [www.dotenvx.com]
2026-06-08 02:57:11: ◇ injected env (0) from .env // tip: ⌘ enable debugging { debug: true }
2026-06-08 02:57:14: ◇ injected env (0) from .env // tip: ⌘ enable debugging { debug: true }
2026-06-08 02:57:19: ◇ injected env (0) from .env // tip: ⌘ multiple files { path: ['.env.local', '.env'] }
2026-06-08 02:57:26: ◇ injected env (0) from .env // tip: ⌘ override existing { override: true }
2026-06-08 02:57:36: ◇ injected env (0) from .env // tip: ⌘ suppress logs { quiet: true }
2026-06-08 02:57:41: ◇ injected env (0) from .env // tip: ◈ secrets for agents [www.dotenvx.com]
2026-06-08 02:57:43: ◇ injected env (0) from .env // tip: ⌘ enable debugging { debug: true }
2026-06-08 02:57:48: ◇ injected env (0) from .env // tip: ⌘ multiple files { path: ['.env.local', '.env'] }
2026-06-08 02:57:51: ◇ injected env (0) from .env // tip: ⌘ enable debugging { debug: true }
2026-06-08 02:57:56: ◇ injected env (0) from .env // tip: ⌘ override existing { override: true }
2026-06-08 02:58:00: ◇ injected env (0) from .env // tip: ⌁ auth for agents [www.vestauth.com]
2026-06-08 02:58:07: ◇ injected env (0) from .env // tip: ⌘ enable debugging { debug: true }
2026-06-08 02:58:16: ◇ injected env (0) from .env // tip: ⌘ override existing { override: true }
2026-06-08 02:58:24: ◇ injected env (0) from .env // tip: ⌁ auth for agents [www.vestauth.com]
2026-06-08 02:58:31: ◇ injected env (0) from .env // tip: ⌘ enable debugging { debug: true }
2026-06-08 02:58:38: ◇ injected env (0) from .env // tip: ◈ encrypted .env [www.dotenvx.com]
2026-06-08 02:58:44: ◇ injected env (0) from .env // tip: ⌘ enable debugging { debug: true }
2026-06-08 02:58:50: ◇ injected env (0) from .env // tip: ⌘ custom filepath { path: '/custom/path/.env' }
2026-06-08 02:58:52: ◇ injected env (0) from .env // tip: ◈ encrypted .env [www.dotenvx.com]
2026-06-08 02:58:59: ◇ injected env (0) from .env // tip: ⌘ multiple files { path: ['.env.local', '.env'] }
2026-06-08 02:59:03: ◇ injected env (0) from .env // tip: ⌘ multiple files { path: ['.env.local', '.env'] }
2026-06-08 02:59:06: ◇ injected env (0) from .env // tip: ⌁ auth for agents [www.vestauth.com]
2026-06-08 02:59:11: ◇ injected env (0) from .env // tip: ⌘ override existing { override: true }
2026-06-08 02:59:14: ◇ injected env (0) from .env // tip: ⌘ custom filepath { path: '/custom/path/.env' }
2026-06-08 02:59:21: ◇ injected env (0) from .env // tip: ⌘ enable debugging { debug: true }
2026-06-08 02:59:29: ◇ injected env (0) from .env // tip: ⌘ override existing { override: true }
2026-06-08 02:59:37: ◇ injected env (0) from .env // tip: ⌘ multiple files { path: ['.env.local', '.env'] }
2026-06-08 02:59:45: ◇ injected env (0) from .env // tip: ⌘ suppress logs { quiet: true }
2026-06-08 02:59:50: ◇ injected env (0) from .env // tip: ⌘ custom filepath { path: '/custom/path/.env' }
2026-06-08 02:59:56: ◇ injected env (0) from .env // tip: ⌘ suppress logs { quiet: true }
2026-06-08 03:00:01: ◇ injected env (0) from .env // tip: ⌘ override existing { override: true }
2026-06-08 03:00:03: ◇ injected env (0) from .env // tip: ⌘ suppress logs { quiet: true }
2026-06-08 03:00:05: ◇ injected env (0) from .env // tip: ⌁ auth for agents [www.vestauth.com]
2026-06-08 03:00:11: ◇ injected env (0) from .env // tip: ⌘ custom filepath { path: '/custom/path/.env' }
2026-06-08 03:00:16: ◇ injected env (0) from .env // tip: ⌘ multiple files { path: ['.env.local', '.env'] }
2026-06-08 03:00:19: ◇ injected env (0) from .env // tip: ⌘ custom filepath { path: '/custom/path/.env' }
2026-06-08 03:00:23: ◇ injected env (0) from .env // tip: ⌁ auth for agents [www.vestauth.com]
2026-06-08 03:00:25: ◇ injected env (0) from .env // tip: ⌘ suppress logs { quiet: true }
2026-06-08 03:00:30: ◇ injected env (0) from .env // tip: ⌘ custom filepath { path: '/custom/path/.env' }
2026-06-08 03:00:33: ◇ injected env (0) from .env // tip: ⌘ enable debugging { debug: true }
2026-06-08 03:00:40: ◇ injected env (0) from .env // tip: ⌘ suppress logs { quiet: true }
2026-06-08 03:00:44: ◇ injected env (0) from .env // tip: ⌘ custom filepath { path: '/custom/path/.env' }
2026-06-08 03:00:46: ◇ injected env (0) from .env // tip: ◈ encrypted .env [www.dotenvx.com]
2026-06-08 03:00:49: ◇ injected env (0) from .env // tip: ◈ encrypted .env [www.dotenvx.com]
2026-06-08 03:00:57: ◇ injected env (0) from .env // tip: ⌁ auth for agents [www.vestauth.com]
2026-06-08 03:01:05: ◇ injected env (0) from .env // tip: ⌘ multiple files { path: ['.env.local', '.env'] }
2026-06-08 03:01:15: ◇ injected env (0) from .env // tip: ⌁ auth for agents [www.vestauth.com]
2026-06-08 03:01:25: ◇ injected env (0) from .env // tip: ⌘ multiple files { path: ['.env.local', '.env'] }
2026-06-08 03:01:33: ◇ injected env (0) from .env // tip: ⌁ auth for agents [www.vestauth.com]
2026-06-08 03:01:42: ◇ injected env (0) from .env // tip: ⌘ enable debugging { debug: true }
2026-06-08 03:01:50: ◇ injected env (0) from .env // tip: ⌘ multiple files { path: ['.env.local', '.env'] }
2026-06-08 03:02:00: ◇ injected env (0) from .env // tip: ⌘ suppress logs { quiet: true }
2026-06-08 03:02:11: ◇ injected env (0) from .env // tip: ⌘ override existing { override: true }
2026-06-08 03:02:21: ◇ injected env (0) from .env // tip: ⌘ override existing { override: true }
2026-06-08 03:02:31: ◇ injected env (0) from .env // tip: ◈ secrets for agents [www.dotenvx.com]
2026-06-08 03:02:41: ◇ injected env (0) from .env // tip: ⌘ override existing { override: true }
2026-06-08 03:02:51: ◇ injected env (0) from .env // tip: ◈ secrets for agents [www.dotenvx.com]
2026-06-08 03:03:01: ◇ injected env (0) from .env // tip: ⌘ suppress logs { quiet: true }
2026-06-08 03:03:10: ◇ injected env (0) from .env // tip: ⌘ override existing { override: true }
2026-06-08 03:03:20: ◇ injected env (0) from .env // tip: ◈ encrypted .env [www.dotenvx.com]
2026-06-08 03:03:26: ◇ injected env (0) from .env // tip: ⌘ custom filepath { path: '/custom/path/.env' }
2026-06-08 03:03:35: ◇ injected env (0) from .env // tip: ◈ secrets for agents [www.dotenvx.com]
2026-06-08 03:03:43: ◇ injected env (0) from .env // tip: ⌘ override existing { override: true }
2026-06-08 03:03:49: ◇ injected env (0) from .env // tip: ◈ encrypted .env [www.dotenvx.com]
2026-06-08 03:03:52: ◇ injected env (0) from .env // tip: ⌘ enable debugging { debug: true }
2026-06-08 03:04:01: ◇ injected env (0) from .env // tip: ⌘ override existing { override: true }
2026-06-08 03:04:09: ◇ injected env (0) from .env // tip: ⌘ override existing { override: true }
2026-06-08 03:04:18: ◇ injected env (0) from .env // tip: ◈ secrets for agents [www.dotenvx.com]
2026-06-08 03:04:26: ◇ injected env (0) from .env // tip: ⌘ multiple files { path: ['.env.local', '.env'] }
2026-06-08 03:04:34: ◇ injected env (0) from .env // tip: ⌘ multiple files { path: ['.env.local', '.env'] }
2026-06-08 03:04:42: ◇ injected env (0) from .env // tip: ⌘ override existing { override: true }
2026-06-08 03:04:50: ◇ injected env (0) from .env // tip: ⌘ suppress logs { quiet: true }
2026-06-08 03:04:59: ◇ injected env (0) from .env // tip: ⌘ custom filepath { path: '/custom/path/.env' }
2026-06-08 03:05:09: ◇ injected env (0) from .env // tip: ⌘ custom filepath { path: '/custom/path/.env' }
2026-06-08 03:05:19: ◇ injected env (0) from .env // tip: ⌘ multiple files { path: ['.env.local', '.env'] }
2026-06-08 03:05:25: ◇ injected env (0) from .env // tip: ◈ encrypted .env [www.dotenvx.com]
2026-06-08 03:05:28: ◇ injected env (0) from .env // tip: ⌘ custom filepath { path: '/custom/path/.env' }
2026-06-08 03:05:32: ◇ injected env (0) from .env // tip: ⌘ custom filepath { path: '/custom/path/.env' }
2026-06-08 03:05:42: ◇ injected env (0) from .env // tip: ⌘ override existing { override: true }
2026-06-08 03:05:47: ◇ injected env (0) from .env // tip: ⌘ override existing { override: true }
2026-06-08 03:05:53: ◇ injected env (0) from .env // tip: ◈ secrets for agents [www.dotenvx.com]
2026-06-08 03:05:59: ◇ injected env (0) from .env // tip: ⌘ suppress logs { quiet: true }
2026-06-08 03:06:02: ◇ injected env (0) from .env // tip: ⌁ auth for agents [www.vestauth.com]
2026-06-08 03:06:09: ◇ injected env (0) from .env // tip: ⌁ auth for agents [www.vestauth.com]
2026-06-08 03:06:12: ◇ injected env (0) from .env // tip: ◈ encrypted .env [www.dotenvx.com]
2026-06-08 03:06:18: ◇ injected env (0) from .env // tip: ⌘ enable debugging { debug: true }
2026-06-08 03:06:21: ◇ injected env (0) from .env // tip: ⌘ override existing { override: true }
2026-06-08 03:06:26: ◇ injected env (0) from .env // tip: ⌘ multiple files { path: ['.env.local', '.env'] }
2026-06-08 03:06:29: ◇ injected env (0) from .env // tip: ⌘ multiple files { path: ['.env.local', '.env'] }
2026-06-08 03:06:32: ◇ injected env (0) from .env // tip: ⌘ suppress logs { quiet: true }
2026-06-08 03:06:43: ◇ injected env (0) from .env // tip: ⌘ multiple files { path: ['.env.local', '.env'] }
2026-06-08 03:06:51: ◇ injected env (0) from .env // tip: ⌘ custom filepath { path: '/custom/path/.env' }
2026-06-08 03:06:54: ◇ injected env (0) from .env // tip: ⌘ enable debugging { debug: true }
2026-06-08 03:07:02: ◇ injected env (0) from .env // tip: ⌘ custom filepath { path: '/custom/path/.env' }
2026-06-08 03:07:09: ◇ injected env (0) from .env // tip: ⌘ custom filepath { path: '/custom/path/.env' }
2026-06-08 03:07:14: ◇ injected env (0) from .env // tip: ⌁ auth for agents [www.vestauth.com]
2026-06-08 03:07:18: ◇ injected env (0) from .env // tip: ⌘ enable debugging { debug: true }
2026-06-08 03:07:22: ◇ injected env (0) from .env // tip: ⌘ multiple files { path: ['.env.local', '.env'] }
2026-06-08 03:07:25: ◇ injected env (0) from .env // tip: ⌁ auth for agents [www.vestauth.com]
2026-06-08 03:07:29: ◇ injected env (0) from .env // tip: ◈ secrets for agents [www.dotenvx.com]
2026-06-08 03:07:31: ◇ injected env (0) from .env // tip: ⌘ enable debugging { debug: true }
2026-06-08 03:07:34: ◇ injected env (0) from .env // tip: ⌁ auth for agents [www.vestauth.com]
2026-06-08 03:07:37: ◇ injected env (0) from .env // tip: ⌘ multiple files { path: ['.env.local', '.env'] }
2026-06-08 03:07:43: ◇ injected env (0) from .env // tip: ⌘ multiple files { path: ['.env.local', '.env'] }
2026-06-08 03:07:48: ◇ injected env (0) from .env // tip: ⌘ suppress logs { quiet: true }
2026-06-08 03:07:49: ◇ injected env (0) from .env // tip: ⌘ override existing { override: true }
2026-06-08 03:07:53: ◇ injected env (0) from .env // tip: ◈ encrypted .env [www.dotenvx.com]
2026-06-08 03:07:57: ◇ injected env (0) from .env // tip: ⌘ suppress logs { quiet: true }
2026-06-08 03:08:02: ◇ injected env (0) from .env // tip: ◈ secrets for agents [www.dotenvx.com]
2026-06-08 03:08:05: ◇ injected env (0) from .env // tip: ⌘ custom filepath { path: '/custom/path/.env' }
2026-06-08 03:08:10: ◇ injected env (0) from .env // tip: ⌁ auth for agents [www.vestauth.com]
2026-06-08 03:08:12: ◇ injected env (0) from .env // tip: ⌘ custom filepath { path: '/custom/path/.env' }
2026-06-08 03:08:18: ◇ injected env (0) from .env // tip: ⌘ custom filepath { path: '/custom/path/.env' }
2026-06-08 03:08:22: ◇ injected env (0) from .env // tip: ⌘ suppress logs { quiet: true }
2026-06-08 03:08:27: ◇ injected env (0) from .env // tip: ◈ secrets for agents [www.dotenvx.com]
2026-06-08 03:08:33: ◇ injected env (0) from .env // tip: ◈ secrets for agents [www.dotenvx.com]
2026-06-08 03:08:35: ◇ injected env (0) from .env // tip: ⌘ custom filepath { path: '/custom/path/.env' }
2026-06-08 03:08:40: ◇ injected env (0) from .env // tip: ⌘ multiple files { path: ['.env.local', '.env'] }
2026-06-08 03:08:43: ◇ injected env (0) from .env // tip: ◈ secrets for agents [www.dotenvx.com]
2026-06-08 03:08:48: ◇ injected env (0) from .env // tip: ⌁ auth for agents [www.vestauth.com]
2026-06-08 03:08:51: ◇ injected env (0) from .env // tip: ◈ secrets for agents [www.dotenvx.com]
2026-06-08 03:08:58: ◇ injected env (0) from .env // tip: ◈ secrets for agents [www.dotenvx.com]
2026-06-08 03:09:02: ◇ injected env (0) from .env // tip: ⌘ override existing { override: true }
2026-06-08 03:09:06: ◇ injected env (0) from .env // tip: ◈ encrypted .env [www.dotenvx.com]
2026-06-08 03:09:12: ◇ injected env (0) from .env // tip: ⌘ suppress logs { quiet: true }
2026-06-08 03:09:19: ◇ injected env (0) from .env // tip: ⌘ enable debugging { debug: true }
2026-06-08 03:09:27: ◇ injected env (0) from .env // tip: ⌘ override existing { override: true }
2026-06-08 03:09:37: ◇ injected env (0) from .env // tip: ⌁ auth for agents [www.vestauth.com]
2026-06-08 03:09:43: ◇ injected env (0) from .env // tip: ⌘ multiple files { path: ['.env.local', '.env'] }
2026-06-08 03:09:50: ◇ injected env (0) from .env // tip: ◈ secrets for agents [www.dotenvx.com]
2026-06-08 03:09:56: ◇ injected env (0) from .env // tip: ⌘ multiple files { path: ['.env.local', '.env'] }
2026-06-08 03:10:03: ◇ injected env (0) from .env // tip: ⌘ suppress logs { quiet: true }
2026-06-08 03:10:14: ◇ injected env (0) from .env // tip: ⌘ suppress logs { quiet: true }
2026-06-08 03:10:19: ◇ injected env (0) from .env // tip: ⌘ suppress logs { quiet: true }
2026-06-08 03:10:28: ◇ injected env (0) from .env // tip: ◈ secrets for agents [www.dotenvx.com]
2026-06-08 03:10:35: ◇ injected env (0) from .env // tip: ⌘ multiple files { path: ['.env.local', '.env'] }
2026-06-08 03:10:40: ◇ injected env (0) from .env // tip: ◈ encrypted .env [www.dotenvx.com]
2026-06-08 03:10:46: ◇ injected env (0) from .env // tip: ⌘ custom filepath { path: '/custom/path/.env' }
2026-06-08 03:10:53: ◇ injected env (0) from .env // tip: ◈ secrets for agents [www.dotenvx.com]
2026-06-08 03:10:58: ◇ injected env (0) from .env // tip: ⌁ auth for agents [www.vestauth.com]
2026-06-08 03:11:05: ◇ injected env (0) from .env // tip: ⌘ multiple files { path: ['.env.local', '.env'] }
2026-06-08 03:11:12: ◇ injected env (0) from .env // tip: ⌘ override existing { override: true }
2026-06-08 03:11:18: ◇ injected env (0) from .env // tip: ◈ secrets for agents [www.dotenvx.com]
2026-06-08 03:11:26: ◇ injected env (0) from .env // tip: ◈ encrypted .env [www.dotenvx.com]
2026-06-08 03:11:33: ◇ injected env (0) from .env // tip: ⌘ custom filepath { path: '/custom/path/.env' }
2026-06-08 03:11:41: ◇ injected env (0) from .env // tip: ◈ encrypted .env [www.dotenvx.com]
2026-06-08 03:11:47: ◇ injected env (0) from .env // tip: ◈ secrets for agents [www.dotenvx.com]
2026-06-08 03:11:54: ◇ injected env (0) from .env // tip: ⌘ multiple files { path: ['.env.local', '.env'] }
2026-06-08 03:12:01: ◇ injected env (0) from .env // tip: ◈ secrets for agents [www.dotenvx.com]
2026-06-08 03:12:07: ◇ injected env (0) from .env // tip: ◈ secrets for agents [www.dotenvx.com]
2026-06-08 03:12:14: ◇ injected env (0) from .env // tip: ◈ secrets for agents [www.dotenvx.com]
2026-06-08 03:12:20: ◇ injected env (0) from .env // tip: ⌁ auth for agents [www.vestauth.com]
2026-06-08 03:12:26: ◇ injected env (0) from .env // tip: ⌘ suppress logs { quiet: true }
2026-06-08 03:12:31: ◇ injected env (0) from .env // tip: ◈ encrypted .env [www.dotenvx.com]
2026-06-08 03:12:37: ◇ injected env (0) from .env // tip: ⌘ enable debugging { debug: true }
2026-06-08 03:12:42: ◇ injected env (0) from .env // tip: ⌘ custom filepath { path: '/custom/path/.env' }
2026-06-08 03:12:48: ◇ injected env (0) from .env // tip: ⌘ enable debugging { debug: true }
2026-06-08 03:12:54: ◇ injected env (0) from .env // tip: ⌘ enable debugging { debug: true }
2026-06-08 03:12:59: ◇ injected env (0) from .env // tip: ⌘ custom filepath { path: '/custom/path/.env' }
2026-06-08 03:13:05: ◇ injected env (0) from .env // tip: ◈ secrets for agents [www.dotenvx.com]
2026-06-08 03:13:11: ◇ injected env (0) from .env // tip: ⌁ auth for agents [www.vestauth.com]
2026-06-08 03:13:16: ◇ injected env (0) from .env // tip: ◈ secrets for agents [www.dotenvx.com]
2026-06-08 03:13:22: ◇ injected env (0) from .env // tip: ⌘ override existing { override: true }
2026-06-08 03:13:28: ◇ injected env (0) from .env // tip: ◈ secrets for agents [www.dotenvx.com]
2026-06-08 03:13:34: ◇ injected env (0) from .env // tip: ⌘ custom filepath { path: '/custom/path/.env' }
2026-06-08 03:13:41: ◇ injected env (0) from .env // tip: ⌘ enable debugging { debug: true }
2026-06-08 03:13:48: ◇ injected env (0) from .env // tip: ⌘ multiple files { path: ['.env.local', '.env'] }
2026-06-08 03:13:55: ◇ injected env (0) from .env // tip: ⌘ multiple files { path: ['.env.local', '.env'] }
2026-06-08 03:14:02: ◇ injected env (0) from .env // tip: ⌘ enable debugging { debug: true }
2026-06-08 03:14:08: ◇ injected env (0) from .env // tip: ⌁ auth for agents [www.vestauth.com]
2026-06-08 03:14:16: ◇ injected env (0) from .env // tip: ◈ secrets for agents [www.dotenvx.com]
2026-06-08 03:14:23: ◇ injected env (0) from .env // tip: ⌘ enable debugging { debug: true }
2026-06-08 03:14:30: ◇ injected env (0) from .env // tip: ⌁ auth for agents [www.vestauth.com]
2026-06-08 03:14:37: ◇ injected env (0) from .env // tip: ⌘ multiple files { path: ['.env.local', '.env'] }
2026-06-08 03:14:44: ◇ injected env (0) from .env // tip: ⌘ multiple files { path: ['.env.local', '.env'] }
2026-06-08 03:14:51: ◇ injected env (0) from .env // tip: ⌘ custom filepath { path: '/custom/path/.env' }
2026-06-08 03:14:58: ◇ injected env (0) from .env // tip: ⌁ auth for agents [www.vestauth.com]
2026-06-08 03:15:05: ◇ injected env (0) from .env // tip: ⌁ auth for agents [www.vestauth.com]
2026-06-08 03:15:11: ◇ injected env (0) from .env // tip: ⌘ custom filepath { path: '/custom/path/.env' }
2026-06-08 03:15:18: ◇ injected env (0) from .env // tip: ⌘ multiple files { path: ['.env.local', '.env'] }
2026-06-08 03:15:25: ◇ injected env (0) from .env // tip: ⌘ custom filepath { path: '/custom/path/.env' }
2026-06-08 03:15:31: ◇ injected env (0) from .env // tip: ◈ secrets for agents [www.dotenvx.com]
2026-06-08 03:15:37: ◇ injected env (0) from .env // tip: ⌘ custom filepath { path: '/custom/path/.env' }
2026-06-08 03:15:44: ◇ injected env (0) from .env // tip: ◈ encrypted .env [www.dotenvx.com]
2026-06-08 03:15:50: ◇ injected env (0) from .env // tip: ⌁ auth for agents [www.vestauth.com]
2026-06-08 03:15:57: ◇ injected env (0) from .env // tip: ⌘ suppress logs { quiet: true }
2026-06-08 03:16:05: ◇ injected env (0) from .env // tip: ⌘ multiple files { path: ['.env.local', '.env'] }
2026-06-08 03:16:12: ◇ injected env (0) from .env // tip: ◈ encrypted .env [www.dotenvx.com]
2026-06-08 03:16:19: ◇ injected env (0) from .env // tip: ⌘ override existing { override: true }
2026-06-08 03:16:26: ◇ injected env (0) from .env // tip: ◈ secrets for agents [www.dotenvx.com]
2026-06-08 03:16:32: ◇ injected env (0) from .env // tip: ◈ secrets for agents [www.dotenvx.com]
2026-06-08 03:16:39: ◇ injected env (0) from .env // tip: ◈ encrypted .env [www.dotenvx.com]
2026-06-08 03:16:46: ◇ injected env (0) from .env // tip: ⌘ suppress logs { quiet: true }
2026-06-08 03:16:52: ◇ injected env (0) from .env // tip: ◈ secrets for agents [www.dotenvx.com]
2026-06-08 03:16:59: ◇ injected env (0) from .env // tip: ⌘ override existing { override: true }
2026-06-08 03:17:06: ◇ injected env (0) from .env // tip: ⌁ auth for agents [www.vestauth.com]
2026-06-08 03:17:13: ◇ injected env (0) from .env // tip: ⌘ enable debugging { debug: true }
2026-06-08 03:17:21: ◇ injected env (0) from .env // tip: ◈ encrypted .env [www.dotenvx.com]
2026-06-08 03:17:27: ◇ injected env (0) from .env // tip: ⌁ auth for agents [www.vestauth.com]
2026-06-08 03:17:34: ◇ injected env (0) from .env // tip: ⌘ override existing { override: true }
2026-06-08 03:17:41: ◇ injected env (0) from .env // tip: ⌘ custom filepath { path: '/custom/path/.env' }
2026-06-08 03:17:47: ◇ injected env (0) from .env // tip: ⌘ multiple files { path: ['.env.local', '.env'] }
2026-06-08 03:17:54: ◇ injected env (0) from .env // tip: ⌘ custom filepath { path: '/custom/path/.env' }
2026-06-08 03:18:00: ◇ injected env (0) from .env // tip: ◈ secrets for agents [www.dotenvx.com]
2026-06-08 03:18:06: ◇ injected env (0) from .env // tip: ⌘ suppress logs { quiet: true }
2026-06-08 03:18:13: ◇ injected env (0) from .env // tip: ⌁ auth for agents [www.vestauth.com]
2026-06-08 03:18:19: ◇ injected env (0) from .env // tip: ⌘ enable debugging { debug: true }
2026-06-08 03:18:26: ◇ injected env (0) from .env // tip: ⌘ custom filepath { path: '/custom/path/.env' }
2026-06-08 03:18:32: ◇ injected env (0) from .env // tip: ◈ encrypted .env [www.dotenvx.com]
2026-06-08 03:18:38: ◇ injected env (0) from .env // tip: ⌁ auth for agents [www.vestauth.com]
2026-06-08 03:18:45: ◇ injected env (0) from .env // tip: ⌁ auth for agents [www.vestauth.com]
2026-06-08 03:18:52: ◇ injected env (0) from .env // tip: ⌘ custom filepath { path: '/custom/path/.env' }
2026-06-08 03:18:59: ◇ injected env (0) from .env // tip: ⌘ suppress logs { quiet: true }
2026-06-08 03:19:06: ◇ injected env (0) from .env // tip: ⌘ custom filepath { path: '/custom/path/.env' }
2026-06-08 03:19:12: ◇ injected env (0) from .env // tip: ⌘ enable debugging { debug: true }
2026-06-08 03:19:19: ◇ injected env (0) from .env // tip: ⌁ auth for agents [www.vestauth.com]
2026-06-08 03:19:26: ◇ injected env (0) from .env // tip: ◈ secrets for agents [www.dotenvx.com]
2026-06-08 03:19:33: ◇ injected env (0) from .env // tip: ⌘ custom filepath { path: '/custom/path/.env' }
2026-06-08 03:19:39: ◇ injected env (0) from .env // tip: ⌘ custom filepath { path: '/custom/path/.env' }
2026-06-08 03:19:45: ◇ injected env (0) from .env // tip: ⌘ enable debugging { debug: true }
2026-06-08 03:19:51: ◇ injected env (0) from .env // tip: ⌘ enable debugging { debug: true }
2026-06-08 03:19:58: ◇ injected env (0) from .env // tip: ⌁ auth for agents [www.vestauth.com]
2026-06-08 03:20:04: ◇ injected env (0) from .env // tip: ⌘ multiple files { path: ['.env.local', '.env'] }
2026-06-08 03:20:11: ◇ injected env (0) from .env // tip: ◈ secrets for agents [www.dotenvx.com]
2026-06-08 03:20:18: ◇ injected env (0) from .env // tip: ◈ encrypted .env [www.dotenvx.com]
2026-06-08 03:20:25: ◇ injected env (0) from .env // tip: ◈ secrets for agents [www.dotenvx.com]
2026-06-08 03:20:32: ◇ injected env (0) from .env // tip: ⌁ auth for agents [www.vestauth.com]
2026-06-08 03:20:39: ◇ injected env (0) from .env // tip: ⌘ multiple files { path: ['.env.local', '.env'] }
2026-06-08 03:20:46: ◇ injected env (0) from .env // tip: ◈ secrets for agents [www.dotenvx.com]
2026-06-08 03:20:52: ◇ injected env (0) from .env // tip: ⌁ auth for agents [www.vestauth.com]
2026-06-08 03:20:59: ◇ injected env (0) from .env // tip: ⌘ multiple files { path: ['.env.local', '.env'] }
2026-06-08 03:21:05: ◇ injected env (0) from .env // tip: ⌘ custom filepath { path: '/custom/path/.env' }
2026-06-08 03:21:12: ◇ injected env (0) from .env // tip: ◈ encrypted .env [www.dotenvx.com]
2026-06-08 03:21:18: ◇ injected env (0) from .env // tip: ◈ secrets for agents [www.dotenvx.com]
2026-06-08 03:21:25: ◇ injected env (0) from .env // tip: ◈ encrypted .env [www.dotenvx.com]
2026-06-08 03:21:31: ◇ injected env (0) from .env // tip: ⌘ enable debugging { debug: true }
2026-06-08 03:21:38: ◇ injected env (0) from .env // tip: ⌘ multiple files { path: ['.env.local', '.env'] }
2026-06-08 03:21:45: ◇ injected env (0) from .env // tip: ◈ encrypted .env [www.dotenvx.com]
2026-06-08 03:21:52: ◇ injected env (0) from .env // tip: ⌁ auth for agents [www.vestauth.com]
2026-06-08 03:21:58: ◇ injected env (0) from .env // tip: ⌁ auth for agents [www.vestauth.com]
2026-06-08 03:22:05: ◇ injected env (0) from .env // tip: ⌘ enable debugging { debug: true }
2026-06-08 03:22:11: ◇ injected env (0) from .env // tip: ⌘ enable debugging { debug: true }
2026-06-08 03:22:18: ◇ injected env (0) from .env // tip: ⌘ override existing { override: true }
2026-06-08 03:22:25: ◇ injected env (0) from .env // tip: ⌘ override existing { override: true }
2026-06-08 03:22:31: ◇ injected env (0) from .env // tip: ◈ encrypted .env [www.dotenvx.com]
2026-06-08 03:22:39: ◇ injected env (0) from .env // tip: ⌘ override existing { override: true }
2026-06-08 03:22:45: ◇ injected env (0) from .env // tip: ◈ secrets for agents [www.dotenvx.com]
2026-06-08 03:22:51: ◇ injected env (0) from .env // tip: ⌘ override existing { override: true }
2026-06-08 03:22:58: ◇ injected env (0) from .env // tip: ◈ secrets for agents [www.dotenvx.com]
2026-06-08 03:23:04: ◇ injected env (0) from .env // tip: ◈ encrypted .env [www.dotenvx.com]
2026-06-08 03:23:10: ◇ injected env (0) from .env // tip: ⌘ multiple files { path: ['.env.local', '.env'] }
2026-06-08 03:23:16: ◇ injected env (0) from .env // tip: ⌁ auth for agents [www.vestauth.com]
2026-06-08 03:23:22: ◇ injected env (0) from .env // tip: ⌘ custom filepath { path: '/custom/path/.env' }
2026-06-08 03:23:28: ◇ injected env (0) from .env // tip: ◈ encrypted .env [www.dotenvx.com]
2026-06-08 03:23:34: ◇ injected env (0) from .env // tip: ⌁ auth for agents [www.vestauth.com]
2026-06-08 03:23:40: ◇ injected env (0) from .env // tip: ◈ encrypted .env [www.dotenvx.com]
2026-06-08 03:23:47: ◇ injected env (0) from .env // tip: ⌘ multiple files { path: ['.env.local', '.env'] }
2026-06-08 03:23:53: ◇ injected env (0) from .env // tip: ◈ secrets for agents [www.dotenvx.com]
2026-06-08 03:24:00: ◇ injected env (0) from .env // tip: ⌘ custom filepath { path: '/custom/path/.env' }
2026-06-08 03:24:06: ◇ injected env (0) from .env // tip: ⌁ auth for agents [www.vestauth.com]
2026-06-08 03:24:15: ◇ injected env (0) from .env // tip: ⌁ auth for agents [www.vestauth.com]
2026-06-08 03:24:24: ◇ injected env (0) from .env // tip: ⌘ custom filepath { path: '/custom/path/.env' }
2026-06-08 03:24:32: ◇ injected env (0) from .env // tip: ◈ secrets for agents [www.dotenvx.com]
2026-06-08 03:24:41: ◇ injected env (0) from .env // tip: ⌘ suppress logs { quiet: true }
2026-06-08 03:24:49: ◇ injected env (0) from .env // tip: ◈ secrets for agents [www.dotenvx.com]
2026-06-08 03:24:58: ◇ injected env (0) from .env // tip: ⌘ custom filepath { path: '/custom/path/.env' }
2026-06-08 03:25:11: ◇ injected env (0) from .env // tip: ⌘ enable debugging { debug: true }
2026-06-08 03:25:21: ◇ injected env (0) from .env // tip: ⌘ custom filepath { path: '/custom/path/.env' }
2026-06-08 03:25:30: ◇ injected env (0) from .env // tip: ⌘ suppress logs { quiet: true }
2026-06-08 03:25:41: ◇ injected env (0) from .env // tip: ⌘ custom filepath { path: '/custom/path/.env' }
2026-06-08 03:25:52: ◇ injected env (0) from .env // tip: ⌘ override existing { override: true }
2026-06-08 03:26:00: ◇ injected env (0) from .env // tip: ⌘ custom filepath { path: '/custom/path/.env' }
2026-06-08 03:26:07: ◇ injected env (0) from .env // tip: ⌘ override existing { override: true }
2026-06-08 03:26:14: ◇ injected env (0) from .env // tip: ⌘ override existing { override: true }
2026-06-08 03:26:19: ◇ injected env (0) from .env // tip: ⌘ multiple files { path: ['.env.local', '.env'] }
2026-06-08 03:26:25: ◇ injected env (0) from .env // tip: ◈ secrets for agents [www.dotenvx.com]
2026-06-08 03:26:33: ◇ injected env (0) from .env // tip: ⌘ multiple files { path: ['.env.local', '.env'] }
2026-06-08 03:26:38: ◇ injected env (0) from .env // tip: ⌘ override existing { override: true }
2026-06-08 03:26:43: ◇ injected env (0) from .env // tip: ◈ encrypted .env [www.dotenvx.com]
2026-06-08 03:26:52: ◇ injected env (0) from .env // tip: ◈ secrets for agents [www.dotenvx.com]
2026-06-08 03:26:57: ◇ injected env (0) from .env // tip: ⌘ override existing { override: true }
2026-06-08 03:27:02: ◇ injected env (0) from .env // tip: ⌘ override existing { override: true }
2026-06-08 03:27:12: ◇ injected env (0) from .env // tip: ⌘ custom filepath { path: '/custom/path/.env' }
2026-06-08 03:27:20: ◇ injected env (0) from .env // tip: ⌘ override existing { override: true }
2026-06-08 03:27:28: ◇ injected env (0) from .env // tip: ⌘ override existing { override: true }
2026-06-08 03:27:36: ◇ injected env (0) from .env // tip: ⌘ multiple files { path: ['.env.local', '.env'] }
2026-06-08 03:27:46: ◇ injected env (0) from .env // tip: ◈ encrypted .env [www.dotenvx.com]
2026-06-08 03:27:52: ◇ injected env (0) from .env // tip: ⌘ enable debugging { debug: true }
2026-06-08 03:27:58: ◇ injected env (0) from .env // tip: ⌘ custom filepath { path: '/custom/path/.env' }
2026-06-08 03:28:04: ◇ injected env (0) from .env // tip: ◈ encrypted .env [www.dotenvx.com]
2026-06-08 03:28:13: ◇ injected env (0) from .env // tip: ⌘ multiple files { path: ['.env.local', '.env'] }
2026-06-08 03:28:21: ◇ injected env (0) from .env // tip: ◈ secrets for agents [www.dotenvx.com]
2026-06-08 03:28:27: ◇ injected env (0) from .env // tip: ⌘ override existing { override: true }
2026-06-08 03:28:33: ◇ injected env (0) from .env // tip: ⌘ custom filepath { path: '/custom/path/.env' }
2026-06-08 03:28:39: ◇ injected env (0) from .env // tip: ⌘ suppress logs { quiet: true }
2026-06-08 03:28:45: ◇ injected env (0) from .env // tip: ◈ secrets for agents [www.dotenvx.com]
2026-06-08 03:28:52: ◇ injected env (0) from .env // tip: ◈ secrets for agents [www.dotenvx.com]
2026-06-08 03:28:58: ◇ injected env (0) from .env // tip: ⌁ auth for agents [www.vestauth.com]
2026-06-08 03:29:09: ◇ injected env (0) from .env // tip: ◈ secrets for agents [www.dotenvx.com]
2026-06-08 03:29:19: ◇ injected env (0) from .env // tip: ⌘ override existing { override: true }
2026-06-08 03:29:30: ◇ injected env (0) from .env // tip: ⌘ override existing { override: true }
2026-06-08 03:29:38: ◇ injected env (0) from .env // tip: ◈ secrets for agents [www.dotenvx.com]
2026-06-08 03:29:48: ◇ injected env (0) from .env // tip: ◈ secrets for agents [www.dotenvx.com]
2026-06-08 03:29:54: ◇ injected env (0) from .env // tip: ⌘ custom filepath { path: '/custom/path/.env' }
2026-06-08 03:30:01: ◇ injected env (0) from .env // tip: ◈ encrypted .env [www.dotenvx.com]
2026-06-08 03:30:08: ◇ injected env (0) from .env // tip: ◈ encrypted .env [www.dotenvx.com]
2026-06-08 03:30:13: ◇ injected env (0) from .env // tip: ◈ encrypted .env [www.dotenvx.com]
2026-06-08 03:30:21: ◇ injected env (0) from .env // tip: ⌘ multiple files { path: ['.env.local', '.env'] }
2026-06-08 03:30:26: ◇ injected env (0) from .env // tip: ⌘ enable debugging { debug: true }
2026-06-08 03:30:31: ◇ injected env (0) from .env // tip: ⌘ custom filepath { path: '/custom/path/.env' }
2026-06-08 03:30:38: ◇ injected env (0) from .env // tip: ⌘ override existing { override: true }
2026-06-08 03:30:45: ◇ injected env (0) from .env // tip: ⌘ override existing { override: true }
2026-06-08 03:30:55: ◇ injected env (0) from .env // tip: ⌘ enable debugging { debug: true }
2026-06-08 03:31:06: ◇ injected env (0) from .env // tip: ⌘ custom filepath { path: '/custom/path/.env' }
2026-06-08 03:31:18: ◇ injected env (0) from .env // tip: ⌘ custom filepath { path: '/custom/path/.env' }
2026-06-08 03:31:28: ◇ injected env (0) from .env // tip: ⌘ multiple files { path: ['.env.local', '.env'] }
2026-06-08 03:31:36: ◇ injected env (0) from .env // tip: ⌘ suppress logs { quiet: true }
2026-06-08 03:31:40: ◇ injected env (0) from .env // tip: ◈ encrypted .env [www.dotenvx.com]
2026-06-08 03:31:49: ◇ injected env (0) from .env // tip: ◈ secrets for agents [www.dotenvx.com]
2026-06-08 03:31:56: ◇ injected env (0) from .env // tip: ◈ encrypted .env [www.dotenvx.com]
2026-06-08 03:32:01: ◇ injected env (0) from .env // tip: ◈ secrets for agents [www.dotenvx.com]
2026-06-08 03:32:08: ◇ injected env (0) from .env // tip: ◈ encrypted .env [www.dotenvx.com]
2026-06-08 03:32:19: ◇ injected env (0) from .env // tip: ⌘ custom filepath { path: '/custom/path/.env' }
2026-06-08 03:32:27: ◇ injected env (0) from .env // tip: ⌘ override existing { override: true }
2026-06-08 03:32:35: ◇ injected env (0) from .env // tip: ◈ encrypted .env [www.dotenvx.com]
2026-06-08 03:32:42: ◇ injected env (0) from .env // tip: ◈ secrets for agents [www.dotenvx.com]
2026-06-08 03:32:50: ◇ injected env (0) from .env // tip: ⌁ auth for agents [www.vestauth.com]
2026-06-08 03:32:58: ◇ injected env (0) from .env // tip: ⌘ suppress logs { quiet: true }
2026-06-08 03:33:05: ◇ injected env (0) from .env // tip: ⌘ multiple files { path: ['.env.local', '.env'] }
2026-06-08 03:33:13: ◇ injected env (0) from .env // tip: ⌘ multiple files { path: ['.env.local', '.env'] }
2026-06-08 03:33:21: ◇ injected env (0) from .env // tip: ⌘ enable debugging { debug: true }
2026-06-08 03:33:28: ◇ injected env (0) from .env // tip: ⌘ suppress logs { quiet: true }
2026-06-08 03:33:35: ◇ injected env (0) from .env // tip: ◈ secrets for agents [www.dotenvx.com]
2026-06-08 03:33:43: ◇ injected env (0) from .env // tip: ⌘ custom filepath { path: '/custom/path/.env' }
2026-06-08 03:33:50: ◇ injected env (0) from .env // tip: ⌘ suppress logs { quiet: true }
2026-06-08 03:33:57: ◇ injected env (0) from .env // tip: ⌘ suppress logs { quiet: true }
2026-06-08 03:34:03: ◇ injected env (0) from .env // tip: ⌘ override existing { override: true }
2026-06-08 03:34:08: ◇ injected env (0) from .env // tip: ⌁ auth for agents [www.vestauth.com]
2026-06-08 03:34:14: ◇ injected env (0) from .env // tip: ◈ secrets for agents [www.dotenvx.com]
2026-06-08 03:34:20: ◇ injected env (0) from .env // tip: ⌘ override existing { override: true }
2026-06-08 03:34:25: ◇ injected env (0) from .env // tip: ⌘ multiple files { path: ['.env.local', '.env'] }
2026-06-08 03:34:30: ◇ injected env (0) from .env // tip: ⌘ multiple files { path: ['.env.local', '.env'] }
2026-06-08 03:34:38: ◇ injected env (0) from .env // tip: ◈ secrets for agents [www.dotenvx.com]
2026-06-08 03:34:45: ◇ injected env (0) from .env // tip: ⌘ suppress logs { quiet: true }
2026-06-08 03:34:53: ◇ injected env (0) from .env // tip: ⌘ custom filepath { path: '/custom/path/.env' }
2026-06-08 03:34:57: ◇ injected env (0) from .env // tip: ⌘ enable debugging { debug: true }
2026-06-08 03:35:02: ◇ injected env (0) from .env // tip: ⌘ enable debugging { debug: true }
2026-06-08 03:35:09: ◇ injected env (0) from .env // tip: ◈ secrets for agents [www.dotenvx.com]
2026-06-08 03:35:16: ◇ injected env (0) from .env // tip: ⌁ auth for agents [www.vestauth.com]
2026-06-08 03:35:22: ◇ injected env (0) from .env // tip: ⌘ custom filepath { path: '/custom/path/.env' }
2026-06-08 03:35:26: ◇ injected env (0) from .env // tip: ⌁ auth for agents [www.vestauth.com]
2026-06-08 03:35:33: ◇ injected env (0) from .env // tip: ◈ encrypted .env [www.dotenvx.com]
2026-06-08 03:35:40: ◇ injected env (0) from .env // tip: ◈ encrypted .env [www.dotenvx.com]
2026-06-08 03:35:47: ◇ injected env (0) from .env // tip: ◈ encrypted .env [www.dotenvx.com]
2026-06-08 03:35:51: ◇ injected env (0) from .env // tip: ⌘ override existing { override: true }
2026-06-08 03:35:57: ◇ injected env (0) from .env // tip: ⌘ enable debugging { debug: true }
2026-06-08 03:36:04: ◇ injected env (0) from .env // tip: ⌘ suppress logs { quiet: true }
2026-06-08 03:36:12: ◇ injected env (0) from .env // tip: ⌘ enable debugging { debug: true }
2026-06-08 03:36:16: ◇ injected env (0) from .env // tip: ◈ secrets for agents [www.dotenvx.com]
2026-06-08 03:36:21: ◇ injected env (0) from .env // tip: ⌘ enable debugging { debug: true }
2026-06-08 03:36:29: ◇ injected env (0) from .env // tip: ⌘ suppress logs { quiet: true }
2026-06-08 03:36:36: ◇ injected env (0) from .env // tip: ⌘ override existing { override: true }
2026-06-08 03:36:42: ◇ injected env (0) from .env // tip: ◈ encrypted .env [www.dotenvx.com]
2026-06-08 03:36:46: ◇ injected env (0) from .env // tip: ◈ encrypted .env [www.dotenvx.com]
2026-06-08 03:36:53: ◇ injected env (0) from .env // tip: ⌘ override existing { override: true }
2026-06-08 03:36:59: ◇ injected env (0) from .env // tip: ⌁ auth for agents [www.vestauth.com]
2026-06-08 03:37:04: ◇ injected env (0) from .env // tip: ⌘ custom filepath { path: '/custom/path/.env' }
2026-06-08 03:37:08: ◇ injected env (0) from .env // tip: ⌘ suppress logs { quiet: true }
2026-06-08 03:37:15: ◇ injected env (0) from .env // tip: ⌘ suppress logs { quiet: true }
2026-06-08 03:37:20: ◇ injected env (0) from .env // tip: ⌘ enable debugging { debug: true }
2026-06-08 03:37:25: ◇ injected env (0) from .env // tip: ⌘ enable debugging { debug: true }
2026-06-08 03:37:33: ◇ injected env (0) from .env // tip: ⌘ multiple files { path: ['.env.local', '.env'] }
2026-06-08 03:37:40: ◇ injected env (0) from .env // tip: ⌘ enable debugging { debug: true }
2026-06-08 03:37:48: ◇ injected env (0) from .env // tip: ⌘ custom filepath { path: '/custom/path/.env' }
2026-06-08 03:37:55: ◇ injected env (0) from .env // tip: ⌁ auth for agents [www.vestauth.com]
2026-06-08 03:38:02: ◇ injected env (0) from .env // tip: ◈ encrypted .env [www.dotenvx.com]
2026-06-08 03:38:07: ◇ injected env (0) from .env // tip: ⌘ suppress logs { quiet: true }
2026-06-08 03:38:12: ◇ injected env (0) from .env // tip: ◈ secrets for agents [www.dotenvx.com]
2026-06-08 03:38:20: ◇ injected env (0) from .env // tip: ⌘ custom filepath { path: '/custom/path/.env' }
2026-06-08 03:38:28: ◇ injected env (0) from .env // tip: ◈ secrets for agents [www.dotenvx.com]
2026-06-08 03:38:36: ◇ injected env (0) from .env // tip: ◈ secrets for agents [www.dotenvx.com]
2026-06-08 03:38:44: ◇ injected env (0) from .env // tip: ⌘ custom filepath { path: '/custom/path/.env' }
2026-06-08 03:38:52: ◇ injected env (0) from .env // tip: ⌘ override existing { override: true }
2026-06-08 03:38:59: ◇ injected env (0) from .env // tip: ⌘ custom filepath { path: '/custom/path/.env' }
2026-06-08 03:39:06: ◇ injected env (0) from .env // tip: ⌘ override existing { override: true }
2026-06-08 03:39:14: ◇ injected env (0) from .env // tip: ⌘ multiple files { path: ['.env.local', '.env'] }
2026-06-08 03:39:21: ◇ injected env (0) from .env // tip: ⌘ override existing { override: true }
2026-06-08 03:39:29: ◇ injected env (0) from .env // tip: ⌘ custom filepath { path: '/custom/path/.env' }
2026-06-08 03:39:35: ◇ injected env (0) from .env // tip: ⌘ multiple files { path: ['.env.local', '.env'] }
2026-06-08 03:39:44: ◇ injected env (0) from .env // tip: ⌘ suppress logs { quiet: true }
2026-06-08 03:39:53: ◇ injected env (0) from .env // tip: ◈ secrets for agents [www.dotenvx.com]
2026-06-08 03:40:03: ◇ injected env (0) from .env // tip: ⌘ override existing { override: true }
2026-06-08 03:40:12: ◇ injected env (0) from .env // tip: ◈ secrets for agents [www.dotenvx.com]
2026-06-08 03:40:21: ◇ injected env (0) from .env // tip: ⌘ enable debugging { debug: true }
2026-06-08 03:40:30: ◇ injected env (0) from .env // tip: ⌁ auth for agents [www.vestauth.com]
2026-06-08 03:40:38: ◇ injected env (0) from .env // tip: ⌘ multiple files { path: ['.env.local', '.env'] }
2026-06-08 03:40:47: ◇ injected env (0) from .env // tip: ◈ secrets for agents [www.dotenvx.com]
2026-06-08 03:40:55: ◇ injected env (0) from .env // tip: ⌘ suppress logs { quiet: true }
2026-06-08 03:41:03: ◇ injected env (0) from .env // tip: ◈ encrypted .env [www.dotenvx.com]
2026-06-08 03:41:12: ◇ injected env (0) from .env // tip: ⌁ auth for agents [www.vestauth.com]
2026-06-08 03:41:21: ◇ injected env (0) from .env // tip: ⌁ auth for agents [www.vestauth.com]
2026-06-08 03:41:28: ◇ injected env (0) from .env // tip: ◈ encrypted .env [www.dotenvx.com]
2026-06-08 03:41:36: ◇ injected env (0) from .env // tip: ⌘ custom filepath { path: '/custom/path/.env' }
2026-06-08 03:41:45: ◇ injected env (0) from .env // tip: ◈ secrets for agents [www.dotenvx.com]
2026-06-08 03:41:52: ◇ injected env (0) from .env // tip: ⌘ enable debugging { debug: true }
2026-06-08 03:42:00: ◇ injected env (0) from .env // tip: ⌘ multiple files { path: ['.env.local', '.env'] }
2026-06-08 03:42:08: ◇ injected env (0) from .env // tip: ⌘ enable debugging { debug: true }
2026-06-08 03:42:14: ◇ injected env (0) from .env // tip: ⌘ multiple files { path: ['.env.local', '.env'] }
2026-06-08 03:42:21: ◇ injected env (0) from .env // tip: ⌘ enable debugging { debug: true }
2026-06-08 03:42:28: ◇ injected env (0) from .env // tip: ⌘ enable debugging { debug: true }
2026-06-08 03:42:34: ◇ injected env (0) from .env // tip: ◈ secrets for agents [www.dotenvx.com]
2026-06-08 03:42:41: ◇ injected env (0) from .env // tip: ⌘ enable debugging { debug: true }
2026-06-08 03:42:48: ◇ injected env (0) from .env // tip: ⌘ suppress logs { quiet: true }
2026-06-08 03:42:54: ◇ injected env (0) from .env // tip: ◈ encrypted .env [www.dotenvx.com]
2026-06-08 03:43:00: ◇ injected env (0) from .env // tip: ⌘ suppress logs { quiet: true }
2026-06-08 03:43:07: ◇ injected env (0) from .env // tip: ⌘ override existing { override: true }
2026-06-08 03:43:14: ◇ injected env (0) from .env // tip: ⌘ override existing { override: true }
2026-06-08 03:43:21: ◇ injected env (0) from .env // tip: ⌘ suppress logs { quiet: true }
2026-06-08 03:43:27: ◇ injected env (0) from .env // tip: ◈ secrets for agents [www.dotenvx.com]
2026-06-08 03:43:34: ◇ injected env (0) from .env // tip: ⌘ multiple files { path: ['.env.local', '.env'] }
2026-06-08 03:43:41: ◇ injected env (0) from .env // tip: ◈ secrets for agents [www.dotenvx.com]
2026-06-08 03:43:47: ◇ injected env (0) from .env // tip: ⌘ suppress logs { quiet: true }
2026-06-08 03:43:54: ◇ injected env (0) from .env // tip: ◈ encrypted .env [www.dotenvx.com]
2026-06-08 03:44:00: ◇ injected env (0) from .env // tip: ⌁ auth for agents [www.vestauth.com]
2026-06-08 03:44:06: ◇ injected env (0) from .env // tip: ◈ secrets for agents [www.dotenvx.com]
2026-06-08 03:44:13: ◇ injected env (0) from .env // tip: ⌘ enable debugging { debug: true }
2026-06-08 03:44:19: ◇ injected env (0) from .env // tip: ⌘ custom filepath { path: '/custom/path/.env' }
2026-06-08 03:44:26: ◇ injected env (0) from .env // tip: ⌘ custom filepath { path: '/custom/path/.env' }
2026-06-08 03:44:32: ◇ injected env (0) from .env // tip: ⌘ enable debugging { debug: true }
2026-06-08 03:44:39: ◇ injected env (0) from .env // tip: ⌁ auth for agents [www.vestauth.com]
2026-06-08 03:44:46: ◇ injected env (0) from .env // tip: ◈ secrets for agents [www.dotenvx.com]
2026-06-08 03:44:52: ◇ injected env (0) from .env // tip: ⌁ auth for agents [www.vestauth.com]
2026-06-08 03:44:59: ◇ injected env (0) from .env // tip: ⌁ auth for agents [www.vestauth.com]
2026-06-08 03:45:05: ◇ injected env (0) from .env // tip: ⌘ custom filepath { path: '/custom/path/.env' }
2026-06-08 03:45:12: ◇ injected env (0) from .env // tip: ⌘ suppress logs { quiet: true }
2026-06-08 03:45:18: ◇ injected env (0) from .env // tip: ◈ encrypted .env [www.dotenvx.com]
2026-06-08 03:45:25: ◇ injected env (0) from .env // tip: ⌘ multiple files { path: ['.env.local', '.env'] }
2026-06-08 03:45:31: ◇ injected env (0) from .env // tip: ◈ encrypted .env [www.dotenvx.com]
2026-06-08 03:45:38: ◇ injected env (0) from .env // tip: ⌘ enable debugging { debug: true }
2026-06-08 03:45:45: ◇ injected env (0) from .env // tip: ⌘ suppress logs { quiet: true }
2026-06-08 03:45:52: ◇ injected env (0) from .env // tip: ⌘ multiple files { path: ['.env.local', '.env'] }
2026-06-08 03:45:59: ◇ injected env (0) from .env // tip: ◈ encrypted .env [www.dotenvx.com]
2026-06-08 03:46:05: ◇ injected env (0) from .env // tip: ⌘ enable debugging { debug: true }
2026-06-08 03:46:12: ◇ injected env (0) from .env // tip: ◈ encrypted .env [www.dotenvx.com]
2026-06-08 03:46:19: ◇ injected env (0) from .env // tip: ⌘ custom filepath { path: '/custom/path/.env' }
2026-06-08 03:46:26: ◇ injected env (0) from .env // tip: ◈ encrypted .env [www.dotenvx.com]
2026-06-08 03:46:33: ◇ injected env (0) from .env // tip: ◈ encrypted .env [www.dotenvx.com]
2026-06-08 03:46:40: ◇ injected env (0) from .env // tip: ⌘ override existing { override: true }
2026-06-08 03:46:47: ◇ injected env (0) from .env // tip: ⌘ suppress logs { quiet: true }
2026-06-08 03:46:53: ◇ injected env (0) from .env // tip: ⌘ custom filepath { path: '/custom/path/.env' }
2026-06-08 03:46:59: ◇ injected env (0) from .env // tip: ⌘ multiple files { path: ['.env.local', '.env'] }
2026-06-08 03:47:06: ◇ injected env (0) from .env // tip: ◈ encrypted .env [www.dotenvx.com]
2026-06-08 03:47:12: ◇ injected env (0) from .env // tip: ⌁ auth for agents [www.vestauth.com]
2026-06-08 03:47:19: ◇ injected env (0) from .env // tip: ⌘ enable debugging { debug: true }
2026-06-08 03:47:25: ◇ injected env (0) from .env // tip: ⌁ auth for agents [www.vestauth.com]
2026-06-08 03:47:32: ◇ injected env (0) from .env // tip: ⌘ custom filepath { path: '/custom/path/.env' }
2026-06-08 03:47:38: ◇ injected env (0) from .env // tip: ◈ secrets for agents [www.dotenvx.com]
2026-06-08 03:47:45: ◇ injected env (0) from .env // tip: ◈ secrets for agents [www.dotenvx.com]
2026-06-08 03:47:52: ◇ injected env (0) from .env // tip: ⌘ custom filepath { path: '/custom/path/.env' }
2026-06-08 03:47:58: ◇ injected env (0) from .env // tip: ◈ encrypted .env [www.dotenvx.com]
2026-06-08 03:48:05: ◇ injected env (0) from .env // tip: ◈ encrypted .env [www.dotenvx.com]
2026-06-08 03:48:12: ◇ injected env (0) from .env // tip: ⌘ custom filepath { path: '/custom/path/.env' }
2026-06-08 03:48:19: ◇ injected env (0) from .env // tip: ⌘ multiple files { path: ['.env.local', '.env'] }
2026-06-08 03:48:25: ◇ injected env (0) from .env // tip: ◈ encrypted .env [www.dotenvx.com]
2026-06-08 03:48:31: ◇ injected env (0) from .env // tip: ⌁ auth for agents [www.vestauth.com]
2026-06-08 03:48:38: ◇ injected env (0) from .env // tip: ⌘ suppress logs { quiet: true }
2026-06-08 03:48:44: ◇ injected env (0) from .env // tip: ⌘ enable debugging { debug: true }
2026-06-08 03:48:51: ◇ injected env (0) from .env // tip: ⌘ enable debugging { debug: true }
2026-06-08 03:48:57: ◇ injected env (0) from .env // tip: ⌘ custom filepath { path: '/custom/path/.env' }
2026-06-08 03:49:04: ◇ injected env (0) from .env // tip: ⌘ custom filepath { path: '/custom/path/.env' }
2026-06-08 03:49:11: ◇ injected env (0) from .env // tip: ⌁ auth for agents [www.vestauth.com]
2026-06-08 03:49:17: ◇ injected env (0) from .env // tip: ⌘ custom filepath { path: '/custom/path/.env' }
2026-06-08 03:49:24: ◇ injected env (0) from .env // tip: ⌘ custom filepath { path: '/custom/path/.env' }
2026-06-08 03:49:30: ◇ injected env (0) from .env // tip: ⌘ multiple files { path: ['.env.local', '.env'] }
2026-06-08 03:49:36: ◇ injected env (0) from .env // tip: ◈ encrypted .env [www.dotenvx.com]
2026-06-08 03:49:43: ◇ injected env (0) from .env // tip: ⌁ auth for agents [www.vestauth.com]
2026-06-08 03:49:50: ◇ injected env (0) from .env // tip: ⌁ auth for agents [www.vestauth.com]
2026-06-08 03:49:57: ◇ injected env (0) from .env // tip: ⌘ custom filepath { path: '/custom/path/.env' }
2026-06-08 03:50:04: ◇ injected env (0) from .env // tip: ⌘ custom filepath { path: '/custom/path/.env' }
2026-06-08 03:50:11: ◇ injected env (0) from .env // tip: ⌁ auth for agents [www.vestauth.com]
2026-06-08 03:50:18: ◇ injected env (0) from .env // tip: ⌘ override existing { override: true }
2026-06-08 03:50:26: ◇ injected env (0) from .env // tip: ⌘ custom filepath { path: '/custom/path/.env' }
2026-06-08 03:50:32: ◇ injected env (0) from .env // tip: ⌘ enable debugging { debug: true }
2026-06-08 03:50:39: ◇ injected env (0) from .env // tip: ⌘ suppress logs { quiet: true }
2026-06-08 03:50:45: ◇ injected env (0) from .env // tip: ◈ encrypted .env [www.dotenvx.com]
2026-06-08 03:50:52: ◇ injected env (0) from .env // tip: ⌘ custom filepath { path: '/custom/path/.env' }
2026-06-08 03:50:59: ◇ injected env (0) from .env // tip: ⌘ multiple files { path: ['.env.local', '.env'] }
2026-06-08 03:51:05: ◇ injected env (0) from .env // tip: ⌘ custom filepath { path: '/custom/path/.env' }
2026-06-08 03:51:12: ◇ injected env (0) from .env // tip: ⌘ custom filepath { path: '/custom/path/.env' }
2026-06-08 03:51:19: ◇ injected env (0) from .env // tip: ⌘ override existing { override: true }
2026-06-08 03:51:25: ◇ injected env (0) from .env // tip: ◈ encrypted .env [www.dotenvx.com]
2026-06-08 03:51:31: ◇ injected env (0) from .env // tip: ⌘ custom filepath { path: '/custom/path/.env' }
2026-06-08 03:51:38: ◇ injected env (0) from .env // tip: ⌘ override existing { override: true }
2026-06-08 03:51:44: ◇ injected env (0) from .env // tip: ⌘ custom filepath { path: '/custom/path/.env' }
2026-06-08 03:51:51: ◇ injected env (0) from .env // tip: ⌘ custom filepath { path: '/custom/path/.env' }
2026-06-08 03:51:57: ◇ injected env (0) from .env // tip: ⌘ suppress logs { quiet: true }
2026-06-08 03:52:04: ◇ injected env (0) from .env // tip: ⌘ enable debugging { debug: true }
2026-06-08 03:52:10: ◇ injected env (0) from .env // tip: ⌘ override existing { override: true }
2026-06-08 03:52:17: ◇ injected env (0) from .env // tip: ⌘ enable debugging { debug: true }
2026-06-08 03:52:23: ◇ injected env (0) from .env // tip: ⌘ enable debugging { debug: true }
2026-06-08 03:52:29: ◇ injected env (0) from .env // tip: ⌘ multiple files { path: ['.env.local', '.env'] }
2026-06-08 03:52:36: ◇ injected env (0) from .env // tip: ⌘ suppress logs { quiet: true }
2026-06-08 03:52:42: ◇ injected env (0) from .env // tip: ⌘ multiple files { path: ['.env.local', '.env'] }
2026-06-08 03:52:48: ◇ injected env (0) from .env // tip: ◈ secrets for agents [www.dotenvx.com]
2026-06-08 03:52:55: ◇ injected env (0) from .env // tip: ⌘ multiple files { path: ['.env.local', '.env'] }
2026-06-08 03:53:02: ◇ injected env (0) from .env // tip: ◈ encrypted .env [www.dotenvx.com]
2026-06-08 03:53:09: ◇ injected env (0) from .env // tip: ⌁ auth for agents [www.vestauth.com]
2026-06-08 03:53:15: ◇ injected env (0) from .env // tip: ⌘ enable debugging { debug: true }
2026-06-08 03:53:21: ◇ injected env (0) from .env // tip: ⌘ enable debugging { debug: true }
2026-06-08 03:53:28: ◇ injected env (0) from .env // tip: ⌘ override existing { override: true }
2026-06-08 03:53:34: ◇ injected env (0) from .env // tip: ⌁ auth for agents [www.vestauth.com]
2026-06-08 03:53:41: ◇ injected env (0) from .env // tip: ◈ secrets for agents [www.dotenvx.com]
2026-06-08 03:53:48: ◇ injected env (0) from .env // tip: ⌘ enable debugging { debug: true }
2026-06-08 03:53:54: ◇ injected env (0) from .env // tip: ⌘ enable debugging { debug: true }
2026-06-08 03:54:01: ◇ injected env (0) from .env // tip: ⌁ auth for agents [www.vestauth.com]
2026-06-08 03:54:07: ◇ injected env (0) from .env // tip: ⌘ multiple files { path: ['.env.local', '.env'] }
2026-06-08 03:54:13: ◇ injected env (0) from .env // tip: ◈ secrets for agents [www.dotenvx.com]
2026-06-08 03:54:20: ◇ injected env (0) from .env // tip: ⌘ override existing { override: true }
2026-06-08 03:54:26: ◇ injected env (0) from .env // tip: ◈ secrets for agents [www.dotenvx.com]
2026-06-08 03:54:32: ◇ injected env (0) from .env // tip: ◈ secrets for agents [www.dotenvx.com]
2026-06-08 03:54:39: ◇ injected env (0) from .env // tip: ◈ secrets for agents [www.dotenvx.com]
2026-06-08 03:54:46: ◇ injected env (0) from .env // tip: ◈ secrets for agents [www.dotenvx.com]
2026-06-08 03:54:52: ◇ injected env (0) from .env // tip: ⌘ suppress logs { quiet: true }
2026-06-08 03:54:58: ◇ injected env (0) from .env // tip: ⌘ override existing { override: true }
2026-06-08 03:55:05: ◇ injected env (0) from .env // tip: ⌘ override existing { override: true }
2026-06-08 03:55:11: ◇ injected env (0) from .env // tip: ◈ secrets for agents [www.dotenvx.com]
2026-06-08 03:55:18: ◇ injected env (0) from .env // tip: ⌘ multiple files { path: ['.env.local', '.env'] }
2026-06-08 03:55:24: ◇ injected env (0) from .env // tip: ⌘ multiple files { path: ['.env.local', '.env'] }
2026-06-08 03:55:31: ◇ injected env (0) from .env // tip: ◈ secrets for agents [www.dotenvx.com]
2026-06-08 03:55:37: ◇ injected env (0) from .env // tip: ⌁ auth for agents [www.vestauth.com]
2026-06-08 03:55:44: ◇ injected env (0) from .env // tip: ⌘ enable debugging { debug: true }
2026-06-08 03:55:50: ◇ injected env (0) from .env // tip: ◈ encrypted .env [www.dotenvx.com]
2026-06-08 03:55:56: ◇ injected env (0) from .env // tip: ◈ encrypted .env [www.dotenvx.com]
2026-06-08 03:56:03: ◇ injected env (0) from .env // tip: ◈ secrets for agents [www.dotenvx.com]
2026-06-08 03:56:10: ◇ injected env (0) from .env // tip: ⌘ multiple files { path: ['.env.local', '.env'] }
2026-06-08 03:56:16: ◇ injected env (0) from .env // tip: ⌘ enable debugging { debug: true }
2026-06-08 03:56:23: ◇ injected env (0) from .env // tip: ⌘ custom filepath { path: '/custom/path/.env' }
2026-06-08 03:56:29: ◇ injected env (0) from .env // tip: ◈ secrets for agents [www.dotenvx.com]
2026-06-08 03:56:36: ◇ injected env (0) from .env // tip: ⌘ enable debugging { debug: true }
2026-06-08 03:56:43: ◇ injected env (0) from .env // tip: ⌘ enable debugging { debug: true }
2026-06-08 03:56:49: ◇ injected env (0) from .env // tip: ⌘ multiple files { path: ['.env.local', '.env'] }
2026-06-08 03:56:56: ◇ injected env (0) from .env // tip: ◈ encrypted .env [www.dotenvx.com]
2026-06-08 03:57:02: ◇ injected env (0) from .env // tip: ⌘ override existing { override: true }
2026-06-08 03:57:09: ◇ injected env (0) from .env // tip: ⌘ suppress logs { quiet: true }
2026-06-08 03:57:15: ◇ injected env (0) from .env // tip: ⌘ custom filepath { path: '/custom/path/.env' }
2026-06-08 03:57:22: ◇ injected env (0) from .env // tip: ⌘ suppress logs { quiet: true }
2026-06-08 03:57:28: ◇ injected env (0) from .env // tip: ⌘ suppress logs { quiet: true }
2026-06-08 03:57:35: ◇ injected env (0) from .env // tip: ⌘ override existing { override: true }
2026-06-08 03:57:42: ◇ injected env (0) from .env // tip: ⌘ override existing { override: true }
2026-06-08 03:57:48: ◇ injected env (0) from .env // tip: ⌘ override existing { override: true }
2026-06-08 03:57:54: ◇ injected env (0) from .env // tip: ⌘ custom filepath { path: '/custom/path/.env' }
2026-06-08 03:58:00: ◇ injected env (0) from .env // tip: ⌘ multiple files { path: ['.env.local', '.env'] }
2026-06-08 03:58:07: ◇ injected env (0) from .env // tip: ⌘ suppress logs { quiet: true }
2026-06-08 03:58:13: ◇ injected env (0) from .env // tip: ⌘ multiple files { path: ['.env.local', '.env'] }
2026-06-08 03:58:20: ◇ injected env (0) from .env // tip: ◈ encrypted .env [www.dotenvx.com]
2026-06-08 03:58:26: ◇ injected env (0) from .env // tip: ⌘ multiple files { path: ['.env.local', '.env'] }
2026-06-08 03:58:33: ◇ injected env (0) from .env // tip: ⌘ custom filepath { path: '/custom/path/.env' }
2026-06-08 03:58:39: ◇ injected env (0) from .env // tip: ⌁ auth for agents [www.vestauth.com]
2026-06-08 03:58:46: ◇ injected env (0) from .env // tip: ⌘ enable debugging { debug: true }
2026-06-08 03:58:52: ◇ injected env (0) from .env // tip: ⌘ suppress logs { quiet: true }
2026-06-08 03:58:58: ◇ injected env (0) from .env // tip: ⌘ custom filepath { path: '/custom/path/.env' }
2026-06-08 03:59:05: ◇ injected env (0) from .env // tip: ⌘ custom filepath { path: '/custom/path/.env' }
2026-06-08 03:59:11: ◇ injected env (0) from .env // tip: ⌘ enable debugging { debug: true }
2026-06-08 03:59:18: ◇ injected env (0) from .env // tip: ⌘ suppress logs { quiet: true }
2026-06-08 03:59:24: ◇ injected env (0) from .env // tip: ◈ secrets for agents [www.dotenvx.com]
2026-06-08 03:59:31: ◇ injected env (0) from .env // tip: ⌁ auth for agents [www.vestauth.com]
2026-06-08 03:59:37: ◇ injected env (0) from .env // tip: ◈ encrypted .env [www.dotenvx.com]
2026-06-08 03:59:44: ◇ injected env (0) from .env // tip: ⌘ multiple files { path: ['.env.local', '.env'] }
2026-06-08 03:59:50: ◇ injected env (0) from .env // tip: ⌘ override existing { override: true }
2026-06-08 03:59:57: ◇ injected env (0) from .env // tip: ◈ encrypted .env [www.dotenvx.com]
2026-06-08 04:00:03: ◇ injected env (0) from .env // tip: ◈ encrypted .env [www.dotenvx.com]
2026-06-08 04:00:10: ◇ injected env (0) from .env // tip: ⌁ auth for agents [www.vestauth.com]
2026-06-08 04:00:16: ◇ injected env (0) from .env // tip: ⌘ override existing { override: true }
2026-06-08 04:00:23: ◇ injected env (0) from .env // tip: ◈ encrypted .env [www.dotenvx.com]
2026-06-08 04:00:29: ◇ injected env (0) from .env // tip: ◈ encrypted .env [www.dotenvx.com]
2026-06-08 04:00:36: ◇ injected env (0) from .env // tip: ◈ secrets for agents [www.dotenvx.com]
2026-06-08 04:00:42: ◇ injected env (0) from .env // tip: ⌘ enable debugging { debug: true }
2026-06-08 04:00:49: ◇ injected env (0) from .env // tip: ⌘ enable debugging { debug: true }
2026-06-08 04:00:55: ◇ injected env (0) from .env // tip: ⌘ multiple files { path: ['.env.local', '.env'] }
2026-06-08 04:01:02: ◇ injected env (0) from .env // tip: ⌘ custom filepath { path: '/custom/path/.env' }
2026-06-08 04:01:08: ◇ injected env (0) from .env // tip: ⌘ enable debugging { debug: true }
2026-06-08 04:01:15: ◇ injected env (0) from .env // tip: ⌁ auth for agents [www.vestauth.com]
2026-06-08 04:01:21: ◇ injected env (0) from .env // tip: ⌁ auth for agents [www.vestauth.com]
2026-06-08 04:01:27: ◇ injected env (0) from .env // tip: ⌘ enable debugging { debug: true }
2026-06-08 04:01:34: ◇ injected env (0) from .env // tip: ⌘ custom filepath { path: '/custom/path/.env' }
2026-06-08 04:01:41: ◇ injected env (0) from .env // tip: ⌘ override existing { override: true }
2026-06-08 04:01:47: ◇ injected env (0) from .env // tip: ⌘ enable debugging { debug: true }
2026-06-08 04:01:54: ◇ injected env (0) from .env // tip: ◈ secrets for agents [www.dotenvx.com]
2026-06-08 04:02:00: ◇ injected env (0) from .env // tip: ⌘ custom filepath { path: '/custom/path/.env' }
2026-06-08 04:02:07: ◇ injected env (0) from .env // tip: ⌘ enable debugging { debug: true }
2026-06-08 04:02:14: ◇ injected env (0) from .env // tip: ⌘ enable debugging { debug: true }
2026-06-08 04:02:20: ◇ injected env (0) from .env // tip: ◈ encrypted .env [www.dotenvx.com]
2026-06-08 04:02:26: ◇ injected env (0) from .env // tip: ⌘ suppress logs { quiet: true }
2026-06-08 04:02:33: ◇ injected env (0) from .env // tip: ⌘ enable debugging { debug: true }
2026-06-08 04:02:40: ◇ injected env (0) from .env // tip: ⌁ auth for agents [www.vestauth.com]
2026-06-08 04:02:46: ◇ injected env (0) from .env // tip: ⌘ multiple files { path: ['.env.local', '.env'] }
2026-06-08 04:02:53: ◇ injected env (0) from .env // tip: ⌁ auth for agents [www.vestauth.com]
2026-06-08 04:02:59: ◇ injected env (0) from .env // tip: ⌁ auth for agents [www.vestauth.com]
2026-06-08 04:03:06: ◇ injected env (0) from .env // tip: ⌘ multiple files { path: ['.env.local', '.env'] }
2026-06-08 04:03:12: ◇ injected env (0) from .env // tip: ⌘ custom filepath { path: '/custom/path/.env' }
2026-06-08 04:03:19: ◇ injected env (0) from .env // tip: ⌘ suppress logs { quiet: true }
2026-06-08 04:03:25: ◇ injected env (0) from .env // tip: ⌘ enable debugging { debug: true }
2026-06-08 04:03:32: ◇ injected env (0) from .env // tip: ◈ secrets for agents [www.dotenvx.com]
2026-06-08 04:03:38: ◇ injected env (0) from .env // tip: ◈ encrypted .env [www.dotenvx.com]
2026-06-08 04:03:45: ◇ injected env (0) from .env // tip: ⌘ custom filepath { path: '/custom/path/.env' }
2026-06-08 04:03:52: ◇ injected env (0) from .env // tip: ◈ secrets for agents [www.dotenvx.com]
2026-06-08 04:03:58: ◇ injected env (0) from .env // tip: ⌘ multiple files { path: ['.env.local', '.env'] }
2026-06-08 04:04:05: ◇ injected env (0) from .env // tip: ◈ secrets for agents [www.dotenvx.com]
2026-06-08 04:04:12: ◇ injected env (0) from .env // tip: ⌘ override existing { override: true }
2026-06-08 04:04:18: ◇ injected env (0) from .env // tip: ⌘ enable debugging { debug: true }
2026-06-08 04:04:25: ◇ injected env (0) from .env // tip: ⌘ custom filepath { path: '/custom/path/.env' }
2026-06-08 04:04:32: ◇ injected env (0) from .env // tip: ⌘ enable debugging { debug: true }
2026-06-08 04:04:38: ◇ injected env (0) from .env // tip: ⌘ multiple files { path: ['.env.local', '.env'] }
2026-06-08 04:04:45: ◇ injected env (0) from .env // tip: ⌘ multiple files { path: ['.env.local', '.env'] }
2026-06-08 04:04:51: ◇ injected env (0) from .env // tip: ⌘ enable debugging { debug: true }
2026-06-08 04:04:57: ◇ injected env (0) from .env // tip: ⌘ custom filepath { path: '/custom/path/.env' }
2026-06-08 04:05:04: ◇ injected env (0) from .env // tip: ◈ secrets for agents [www.dotenvx.com]
2026-06-08 04:05:11: ◇ injected env (0) from .env // tip: ◈ encrypted .env [www.dotenvx.com]
2026-06-08 04:05:18: ◇ injected env (0) from .env // tip: ⌁ auth for agents [www.vestauth.com]
2026-06-08 04:05:24: ◇ injected env (0) from .env // tip: ⌘ suppress logs { quiet: true }
2026-06-08 04:05:30: ◇ injected env (0) from .env // tip: ◈ secrets for agents [www.dotenvx.com]
2026-06-08 04:05:37: ◇ injected env (0) from .env // tip: ◈ encrypted .env [www.dotenvx.com]
2026-06-08 04:05:44: ◇ injected env (0) from .env // tip: ⌘ enable debugging { debug: true }
2026-06-08 04:05:50: ◇ injected env (0) from .env // tip: ⌘ multiple files { path: ['.env.local', '.env'] }
2026-06-08 04:05:56: ◇ injected env (0) from .env // tip: ◈ encrypted .env [www.dotenvx.com]
2026-06-08 04:06:02: ◇ injected env (0) from .env // tip: ◈ secrets for agents [www.dotenvx.com]
2026-06-08 04:06:09: ◇ injected env (0) from .env // tip: ⌘ override existing { override: true }
2026-06-08 04:06:15: ◇ injected env (0) from .env // tip: ⌘ custom filepath { path: '/custom/path/.env' }
2026-06-08 04:06:22: ◇ injected env (0) from .env // tip: ◈ encrypted .env [www.dotenvx.com]
2026-06-08 04:06:28: ◇ injected env (0) from .env // tip: ◈ secrets for agents [www.dotenvx.com]
2026-06-08 04:06:34: ◇ injected env (0) from .env // tip: ◈ encrypted .env [www.dotenvx.com]
2026-06-08 04:06:41: ◇ injected env (0) from .env // tip: ⌘ multiple files { path: ['.env.local', '.env'] }
2026-06-08 04:06:48: ◇ injected env (0) from .env // tip: ⌘ enable debugging { debug: true }
2026-06-08 04:06:54: ◇ injected env (0) from .env // tip: ⌘ suppress logs { quiet: true }
2026-06-08 04:07:01: ◇ injected env (0) from .env // tip: ⌘ override existing { override: true }
2026-06-08 04:07:07: ◇ injected env (0) from .env // tip: ⌘ override existing { override: true }
2026-06-08 04:07:14: ◇ injected env (0) from .env // tip: ⌘ suppress logs { quiet: true }
2026-06-08 04:07:20: ◇ injected env (0) from .env // tip: ⌘ enable debugging { debug: true }
2026-06-08 04:07:27: ◇ injected env (0) from .env // tip: ⌘ custom filepath { path: '/custom/path/.env' }
2026-06-08 04:07:33: ◇ injected env (0) from .env // tip: ◈ encrypted .env [www.dotenvx.com]
2026-06-08 04:07:40: ◇ injected env (0) from .env // tip: ⌘ suppress logs { quiet: true }
2026-06-08 04:07:47: ◇ injected env (0) from .env // tip: ⌁ auth for agents [www.vestauth.com]
2026-06-08 04:07:53: ◇ injected env (0) from .env // tip: ◈ encrypted .env [www.dotenvx.com]
2026-06-08 04:07:59: ◇ injected env (0) from .env // tip: ⌘ multiple files { path: ['.env.local', '.env'] }
2026-06-08 04:08:06: ◇ injected env (0) from .env // tip: ⌘ enable debugging { debug: true }
2026-06-08 04:08:13: ◇ injected env (0) from .env // tip: ⌘ suppress logs { quiet: true }
2026-06-08 04:08:19: ◇ injected env (0) from .env // tip: ⌘ override existing { override: true }
2026-06-08 04:08:25: ◇ injected env (0) from .env // tip: ◈ encrypted .env [www.dotenvx.com]
2026-06-08 04:08:32: ◇ injected env (0) from .env // tip: ⌘ enable debugging { debug: true }
2026-06-08 04:08:38: ◇ injected env (0) from .env // tip: ⌘ enable debugging { debug: true }
2026-06-08 04:08:45: ◇ injected env (0) from .env // tip: ⌘ enable debugging { debug: true }
2026-06-08 04:08:51: ◇ injected env (0) from .env // tip: ⌘ enable debugging { debug: true }
2026-06-08 04:08:58: ◇ injected env (0) from .env // tip: ◈ encrypted .env [www.dotenvx.com]
2026-06-08 04:09:04: ◇ injected env (0) from .env // tip: ⌘ override existing { override: true }
2026-06-08 04:09:11: ◇ injected env (0) from .env // tip: ⌘ override existing { override: true }
2026-06-08 04:09:17: ◇ injected env (0) from .env // tip: ◈ encrypted .env [www.dotenvx.com]
2026-06-08 04:09:23: ◇ injected env (0) from .env // tip: ◈ secrets for agents [www.dotenvx.com]
2026-06-08 04:09:30: ◇ injected env (0) from .env // tip: ⌘ override existing { override: true }
2026-06-08 04:09:36: ◇ injected env (0) from .env // tip: ⌘ custom filepath { path: '/custom/path/.env' }
2026-06-08 04:09:43: ◇ injected env (0) from .env // tip: ◈ secrets for agents [www.dotenvx.com]
2026-06-08 04:09:49: ◇ injected env (0) from .env // tip: ⌁ auth for agents [www.vestauth.com]
2026-06-08 04:09:56: ◇ injected env (0) from .env // tip: ⌁ auth for agents [www.vestauth.com]
2026-06-08 04:10:03: ◇ injected env (0) from .env // tip: ⌘ multiple files { path: ['.env.local', '.env'] }
2026-06-08 04:10:09: ◇ injected env (0) from .env // tip: ⌘ enable debugging { debug: true }
2026-06-08 04:10:16: ◇ injected env (0) from .env // tip: ⌘ custom filepath { path: '/custom/path/.env' }
2026-06-08 04:10:22: ◇ injected env (0) from .env // tip: ⌘ enable debugging { debug: true }
2026-06-08 04:10:28: ◇ injected env (0) from .env // tip: ⌘ override existing { override: true }
2026-06-08 04:10:35: ◇ injected env (0) from .env // tip: ⌘ multiple files { path: ['.env.local', '.env'] }
2026-06-08 04:10:42: ◇ injected env (0) from .env // tip: ⌘ multiple files { path: ['.env.local', '.env'] }
2026-06-08 04:10:48: ◇ injected env (0) from .env // tip: ⌘ suppress logs { quiet: true }
2026-06-08 04:10:54: ◇ injected env (0) from .env // tip: ⌘ suppress logs { quiet: true }
2026-06-08 04:11:00: ◇ injected env (0) from .env // tip: ⌁ auth for agents [www.vestauth.com]
2026-06-08 04:11:08: ◇ injected env (0) from .env // tip: ⌘ override existing { override: true }
2026-06-08 04:11:14: ◇ injected env (0) from .env // tip: ⌘ multiple files { path: ['.env.local', '.env'] }
2026-06-08 04:11:21: ◇ injected env (0) from .env // tip: ⌁ auth for agents [www.vestauth.com]
2026-06-08 04:11:27: ◇ injected env (0) from .env // tip: ⌘ suppress logs { quiet: true }
2026-06-08 04:11:33: ◇ injected env (0) from .env // tip: ◈ encrypted .env [www.dotenvx.com]
2026-06-08 04:11:39: ◇ injected env (0) from .env // tip: ⌘ multiple files { path: ['.env.local', '.env'] }
2026-06-08 04:11:46: ◇ injected env (0) from .env // tip: ⌘ multiple files { path: ['.env.local', '.env'] }
2026-06-08 04:11:52: ◇ injected env (0) from .env // tip: ◈ encrypted .env [www.dotenvx.com]
2026-06-08 04:11:59: ◇ injected env (0) from .env // tip: ⌘ multiple files { path: ['.env.local', '.env'] }
2026-06-08 04:12:05: ◇ injected env (0) from .env // tip: ⌘ custom filepath { path: '/custom/path/.env' }
2026-06-08 04:12:12: ◇ injected env (0) from .env // tip: ⌘ override existing { override: true }
2026-06-08 04:12:18: ◇ injected env (0) from .env // tip: ⌘ custom filepath { path: '/custom/path/.env' }
2026-06-08 04:12:25: ◇ injected env (0) from .env // tip: ⌘ custom filepath { path: '/custom/path/.env' }
2026-06-08 04:12:31: ◇ injected env (0) from .env // tip: ◈ secrets for agents [www.dotenvx.com]
2026-06-08 04:12:38: ◇ injected env (0) from .env // tip: ⌘ override existing { override: true }
2026-06-08 04:12:44: ◇ injected env (0) from .env // tip: ⌘ custom filepath { path: '/custom/path/.env' }
2026-06-08 04:12:50: ◇ injected env (0) from .env // tip: ⌘ override existing { override: true }
2026-06-08 04:12:57: ◇ injected env (0) from .env // tip: ⌁ auth for agents [www.vestauth.com]
2026-06-08 04:13:03: ◇ injected env (0) from .env // tip: ⌘ override existing { override: true }
2026-06-08 04:13:10: ◇ injected env (0) from .env // tip: ⌘ custom filepath { path: '/custom/path/.env' }
2026-06-08 04:13:16: ◇ injected env (0) from .env // tip: ⌘ override existing { override: true }
2026-06-08 04:13:22: ◇ injected env (0) from .env // tip: ⌁ auth for agents [www.vestauth.com]
2026-06-08 04:13:28: ◇ injected env (0) from .env // tip: ⌘ override existing { override: true }
2026-06-08 04:13:35: ◇ injected env (0) from .env // tip: ⌘ custom filepath { path: '/custom/path/.env' }
2026-06-08 04:13:41: ◇ injected env (0) from .env // tip: ◈ secrets for agents [www.dotenvx.com]
2026-06-08 04:13:48: ◇ injected env (0) from .env // tip: ⌘ override existing { override: true }
2026-06-08 04:13:54: ◇ injected env (0) from .env // tip: ⌘ enable debugging { debug: true }
2026-06-08 04:14:01: ◇ injected env (0) from .env // tip: ◈ secrets for agents [www.dotenvx.com]
2026-06-08 04:14:07: ◇ injected env (0) from .env // tip: ⌘ override existing { override: true }
2026-06-08 04:14:14: ◇ injected env (0) from .env // tip: ⌘ suppress logs { quiet: true }
2026-06-08 04:14:20: ◇ injected env (0) from .env // tip: ⌘ custom filepath { path: '/custom/path/.env' }
2026-06-08 04:14:27: ◇ injected env (0) from .env // tip: ⌘ custom filepath { path: '/custom/path/.env' }
2026-06-08 04:14:33: ◇ injected env (0) from .env // tip: ⌘ suppress logs { quiet: true }
2026-06-08 04:14:40: ◇ injected env (0) from .env // tip: ◈ encrypted .env [www.dotenvx.com]
2026-06-08 04:14:46: ◇ injected env (0) from .env // tip: ⌘ multiple files { path: ['.env.local', '.env'] }
2026-06-08 04:14:53: ◇ injected env (0) from .env // tip: ◈ secrets for agents [www.dotenvx.com]
2026-06-08 04:14:59: ◇ injected env (0) from .env // tip: ⌘ custom filepath { path: '/custom/path/.env' }
2026-06-08 04:15:06: ◇ injected env (0) from .env // tip: ⌁ auth for agents [www.vestauth.com]
2026-06-08 04:15:12: ◇ injected env (0) from .env // tip: ⌘ custom filepath { path: '/custom/path/.env' }
2026-06-08 04:15:19: ◇ injected env (0) from .env // tip: ⌘ multiple files { path: ['.env.local', '.env'] }
2026-06-08 04:15:25: ◇ injected env (0) from .env // tip: ◈ secrets for agents [www.dotenvx.com]
2026-06-08 04:15:32: ◇ injected env (0) from .env // tip: ⌁ auth for agents [www.vestauth.com]
2026-06-08 04:15:38: ◇ injected env (0) from .env // tip: ⌘ custom filepath { path: '/custom/path/.env' }
2026-06-08 04:15:45: ◇ injected env (0) from .env // tip: ⌘ override existing { override: true }
2026-06-08 04:15:51: ◇ injected env (0) from .env // tip: ⌘ suppress logs { quiet: true }
2026-06-08 04:15:58: ◇ injected env (0) from .env // tip: ⌘ custom filepath { path: '/custom/path/.env' }
2026-06-08 04:16:04: ◇ injected env (0) from .env // tip: ⌘ custom filepath { path: '/custom/path/.env' }
2026-06-08 04:16:11: ◇ injected env (0) from .env // tip: ⌘ enable debugging { debug: true }
2026-06-08 04:16:17: ◇ injected env (0) from .env // tip: ⌘ override existing { override: true }
2026-06-08 04:16:23: ◇ injected env (0) from .env // tip: ⌘ suppress logs { quiet: true }
2026-06-08 04:16:30: ◇ injected env (0) from .env // tip: ⌘ override existing { override: true }
2026-06-08 04:16:36: ◇ injected env (0) from .env // tip: ⌁ auth for agents [www.vestauth.com]
2026-06-08 04:16:43: ◇ injected env (0) from .env // tip: ⌁ auth for agents [www.vestauth.com]
2026-06-08 04:16:49: ◇ injected env (0) from .env // tip: ◈ secrets for agents [www.dotenvx.com]
2026-06-08 04:16:55: ◇ injected env (0) from .env // tip: ◈ secrets for agents [www.dotenvx.com]
2026-06-08 04:17:01: ◇ injected env (0) from .env // tip: ⌘ suppress logs { quiet: true }
2026-06-08 04:17:08: ◇ injected env (0) from .env // tip: ⌘ suppress logs { quiet: true }
2026-06-08 04:17:14: ◇ injected env (0) from .env // tip: ⌁ auth for agents [www.vestauth.com]
2026-06-08 04:17:21: ◇ injected env (0) from .env // tip: ⌘ enable debugging { debug: true }
2026-06-08 04:17:27: ◇ injected env (0) from .env // tip: ◈ encrypted .env [www.dotenvx.com]
2026-06-08 04:17:34: ◇ injected env (0) from .env // tip: ⌘ suppress logs { quiet: true }
2026-06-08 04:17:40: ◇ injected env (0) from .env // tip: ⌘ enable debugging { debug: true }
2026-06-08 04:17:46: ◇ injected env (0) from .env // tip: ⌘ multiple files { path: ['.env.local', '.env'] }
2026-06-08 04:17:53: ◇ injected env (0) from .env // tip: ◈ encrypted .env [www.dotenvx.com]
2026-06-08 04:17:59: ◇ injected env (0) from .env // tip: ⌁ auth for agents [www.vestauth.com]
2026-06-08 04:18:05: ◇ injected env (0) from .env // tip: ⌘ override existing { override: true }
2026-06-08 04:18:12: ◇ injected env (0) from .env // tip: ⌘ custom filepath { path: '/custom/path/.env' }
2026-06-08 04:18:18: ◇ injected env (0) from .env // tip: ⌘ override existing { override: true }
2026-06-08 04:18:25: ◇ injected env (0) from .env // tip: ⌘ enable debugging { debug: true }
2026-06-08 04:18:31: ◇ injected env (0) from .env // tip: ⌘ custom filepath { path: '/custom/path/.env' }
2026-06-08 04:18:37: ◇ injected env (0) from .env // tip: ◈ secrets for agents [www.dotenvx.com]
2026-06-08 04:18:44: ◇ injected env (0) from .env // tip: ⌘ suppress logs { quiet: true }
2026-06-08 04:18:50: ◇ injected env (0) from .env // tip: ⌘ override existing { override: true }
2026-06-08 04:18:57: ◇ injected env (0) from .env // tip: ⌁ auth for agents [www.vestauth.com]
2026-06-08 04:19:03: ◇ injected env (0) from .env // tip: ◈ secrets for agents [www.dotenvx.com]
2026-06-08 04:19:10: ◇ injected env (0) from .env // tip: ⌁ auth for agents [www.vestauth.com]
2026-06-08 04:19:16: ◇ injected env (0) from .env // tip: ⌘ enable debugging { debug: true }
2026-06-08 04:19:23: ◇ injected env (0) from .env // tip: ◈ encrypted .env [www.dotenvx.com]
2026-06-08 04:19:29: ◇ injected env (0) from .env // tip: ⌘ override existing { override: true }
2026-06-08 04:19:35: ◇ injected env (0) from .env // tip: ◈ encrypted .env [www.dotenvx.com]
2026-06-08 04:19:42: ◇ injected env (0) from .env // tip: ⌘ multiple files { path: ['.env.local', '.env'] }
2026-06-08 04:19:48: ◇ injected env (0) from .env // tip: ⌘ suppress logs { quiet: true }
2026-06-08 04:19:54: ◇ injected env (0) from .env // tip: ⌘ custom filepath { path: '/custom/path/.env' }
2026-06-08 04:20:00: ◇ injected env (0) from .env // tip: ⌘ custom filepath { path: '/custom/path/.env' }
2026-06-08 04:20:07: ◇ injected env (0) from .env // tip: ◈ encrypted .env [www.dotenvx.com]
2026-06-08 04:20:14: ◇ injected env (0) from .env // tip: ⌘ suppress logs { quiet: true }
2026-06-08 04:20:20: ◇ injected env (0) from .env // tip: ⌘ suppress logs { quiet: true }
2026-06-08 04:20:26: ◇ injected env (0) from .env // tip: ⌘ enable debugging { debug: true }
2026-06-08 04:20:32: ◇ injected env (0) from .env // tip: ◈ encrypted .env [www.dotenvx.com]
2026-06-08 04:20:39: ◇ injected env (0) from .env // tip: ◈ secrets for agents [www.dotenvx.com]
2026-06-08 04:20:45: ◇ injected env (0) from .env // tip: ⌘ enable debugging { debug: true }
2026-06-08 04:20:52: ◇ injected env (0) from .env // tip: ⌘ multiple files { path: ['.env.local', '.env'] }
2026-06-08 04:20:58: ◇ injected env (0) from .env // tip: ⌁ auth for agents [www.vestauth.com]
2026-06-08 04:21:05: ◇ injected env (0) from .env // tip: ⌘ custom filepath { path: '/custom/path/.env' }
2026-06-08 04:21:12: ◇ injected env (0) from .env // tip: ⌘ override existing { override: true }
2026-06-08 04:21:20: ◇ injected env (0) from .env // tip: ◈ encrypted .env [www.dotenvx.com]
2026-06-08 04:21:27: ◇ injected env (0) from .env // tip: ⌁ auth for agents [www.vestauth.com]
2026-06-08 04:21:33: ◇ injected env (0) from .env // tip: ◈ encrypted .env [www.dotenvx.com]
2026-06-08 04:21:39: ◇ injected env (0) from .env // tip: ⌁ auth for agents [www.vestauth.com]
2026-06-08 04:21:47: ◇ injected env (0) from .env // tip: ◈ encrypted .env [www.dotenvx.com]
2026-06-08 04:21:55: ◇ injected env (0) from .env // tip: ⌁ auth for agents [www.vestauth.com]
2026-06-08 04:22:02: ◇ injected env (0) from .env // tip: ◈ secrets for agents [www.dotenvx.com]
2026-06-08 04:22:10: ◇ injected env (0) from .env // tip: ⌘ multiple files { path: ['.env.local', '.env'] }
2026-06-08 04:22:18: ◇ injected env (0) from .env // tip: ◈ encrypted .env [www.dotenvx.com]
2026-06-08 04:22:26: ◇ injected env (0) from .env // tip: ⌘ custom filepath { path: '/custom/path/.env' }
2026-06-08 04:22:33: ◇ injected env (0) from .env // tip: ⌁ auth for agents [www.vestauth.com]
2026-06-08 04:22:41: ◇ injected env (0) from .env // tip: ⌘ custom filepath { path: '/custom/path/.env' }
2026-06-08 04:22:48: ◇ injected env (0) from .env // tip: ⌘ custom filepath { path: '/custom/path/.env' }
2026-06-08 04:22:56: ◇ injected env (0) from .env // tip: ◈ encrypted .env [www.dotenvx.com]
