2026-06-08 02:05:47: ◇ injected env (0) from .env // tip: ⌘ enable debugging { debug: true }
2026-06-08 02:05:51: ◇ injected env (0) from .env // tip: ⌘ multiple files { path: ['.env.local', '.env'] }
2026-06-08 02:05:54: ◇ injected env (0) from .env // tip: ◈ encrypted .env [www.dotenvx.com]
2026-06-08 02:05:58: ◇ injected env (0) from .env // tip: ◈ secrets for agents [www.dotenvx.com]
2026-06-08 02:06:04: ◇ injected env (0) from .env // tip: ⌘ suppress logs { quiet: true }
2026-06-08 02:06:10: ◇ injected env (0) from .env // tip: ⌘ enable debugging { debug: true }
2026-06-08 02:06:16: ◇ injected env (0) from .env // tip: ⌁ auth for agents [www.vestauth.com]
2026-06-08 02:06:21: ◇ injected env (0) from .env // tip: ⌘ custom filepath { path: '/custom/path/.env' }
2026-06-08 02:06:27: ◇ injected env (0) from .env // tip: ⌘ override existing { override: true }
2026-06-08 02:06:32: ◇ injected env (0) from .env // tip: ⌘ enable debugging { debug: true }
2026-06-08 02:06:38: ◇ injected env (0) from .env // tip: ⌘ multiple files { path: ['.env.local', '.env'] }
2026-06-08 02:06:44: ◇ injected env (0) from .env // tip: ◈ encrypted .env [www.dotenvx.com]
2026-06-08 02:06:50: ◇ injected env (0) from .env // tip: ⌘ suppress logs { quiet: true }
2026-06-08 02:06:56: ◇ injected env (0) from .env // tip: ◈ encrypted .env [www.dotenvx.com]
2026-06-08 02:07:02: ◇ injected env (0) from .env // tip: ⌘ multiple files { path: ['.env.local', '.env'] }
2026-06-08 02:07:09: ◇ injected env (0) from .env // tip: ⌘ custom filepath { path: '/custom/path/.env' }
2026-06-08 02:07:15: ◇ injected env (0) from .env // tip: ⌘ override existing { override: true }
2026-06-08 02:07:20: ◇ injected env (0) from .env // tip: ◈ encrypted .env [www.dotenvx.com]
2026-06-08 02:07:26: ◇ injected env (0) from .env // tip: ⌘ enable debugging { debug: true }
2026-06-08 02:07:31: ◇ injected env (0) from .env // tip: ⌘ custom filepath { path: '/custom/path/.env' }
2026-06-08 02:07:36: ◇ injected env (0) from .env // tip: ⌘ suppress logs { quiet: true }
2026-06-08 02:07:42: ◇ injected env (0) from .env // tip: ⌘ override existing { override: true }
2026-06-08 02:07:47: ◇ injected env (0) from .env // tip: ◈ secrets for agents [www.dotenvx.com]
2026-06-08 02:07:52: ◇ injected env (0) from .env // tip: ⌘ override existing { override: true }
2026-06-08 02:07:57: ◇ injected env (0) from .env // tip: ⌘ multiple files { path: ['.env.local', '.env'] }
2026-06-08 02:08:02: ◇ injected env (0) from .env // tip: ◈ encrypted .env [www.dotenvx.com]
2026-06-08 02:08:08: ◇ injected env (0) from .env // tip: ⌘ enable debugging { debug: true }
2026-06-08 02:08:14: ◇ injected env (0) from .env // tip: ⌘ enable debugging { debug: true }
2026-06-08 02:08:20: ◇ injected env (0) from .env // tip: ⌘ suppress logs { quiet: true }
2026-06-08 02:08:26: ◇ injected env (0) from .env // tip: ⌁ auth for agents [www.vestauth.com]
2026-06-08 02:08:33: ◇ injected env (0) from .env // tip: ◈ secrets for agents [www.dotenvx.com]
2026-06-08 02:08:40: ◇ injected env (0) from .env // tip: ⌘ multiple files { path: ['.env.local', '.env'] }
2026-06-08 02:08:45: ◇ injected env (0) from .env // tip: ◈ secrets for agents [www.dotenvx.com]
2026-06-08 02:08:51: ◇ injected env (0) from .env // tip: ⌘ suppress logs { quiet: true }
2026-06-08 02:08:57: ◇ injected env (0) from .env // tip: ⌁ auth for agents [www.vestauth.com]
2026-06-08 02:09:03: ◇ injected env (0) from .env // tip: ⌁ auth for agents [www.vestauth.com]
2026-06-08 02:09:09: ◇ injected env (0) from .env // tip: ⌘ enable debugging { debug: true }
2026-06-08 02:09:16: ◇ injected env (0) from .env // tip: ⌘ enable debugging { debug: true }
2026-06-08 02:09:24: ◇ injected env (0) from .env // tip: ◈ encrypted .env [www.dotenvx.com]
2026-06-08 02:09:30: ◇ injected env (0) from .env // tip: ◈ encrypted .env [www.dotenvx.com]
2026-06-08 02:09:37: ◇ injected env (0) from .env // tip: ⌘ suppress logs { quiet: true }
2026-06-08 02:09:43: ◇ injected env (0) from .env // tip: ⌘ suppress logs { quiet: true }
2026-06-08 02:09:49: ◇ injected env (0) from .env // tip: ⌘ multiple files { path: ['.env.local', '.env'] }
2026-06-08 02:09:54: ◇ injected env (0) from .env // tip: ◈ encrypted .env [www.dotenvx.com]
2026-06-08 02:10:00: ◇ injected env (0) from .env // tip: ⌘ override existing { override: true }
2026-06-08 02:10:06: ◇ injected env (0) from .env // tip: ⌘ custom filepath { path: '/custom/path/.env' }
2026-06-08 02:10:11: ◇ injected env (0) from .env // tip: ⌘ multiple files { path: ['.env.local', '.env'] }
2026-06-08 02:10:17: ◇ injected env (0) from .env // tip: ⌘ enable debugging { debug: true }
2026-06-08 02:10:22: ◇ injected env (0) from .env // tip: ⌁ auth for agents [www.vestauth.com]
2026-06-08 02:10:28: ◇ injected env (0) from .env // tip: ⌘ override existing { override: true }
2026-06-08 02:10:33: ◇ injected env (0) from .env // tip: ⌘ enable debugging { debug: true }
2026-06-08 02:10:39: ◇ injected env (0) from .env // tip: ⌘ suppress logs { quiet: true }
2026-06-08 02:10:44: ◇ injected env (0) from .env // tip: ◈ encrypted .env [www.dotenvx.com]
2026-06-08 02:10:50: ◇ injected env (0) from .env // tip: ⌘ suppress logs { quiet: true }
2026-06-08 02:10:56: ◇ injected env (0) from .env // tip: ⌘ suppress logs { quiet: true }
2026-06-08 02:11:01: ◇ injected env (0) from .env // tip: ◈ secrets for agents [www.dotenvx.com]
2026-06-08 02:11:07: ◇ injected env (0) from .env // tip: ⌘ enable debugging { debug: true }
2026-06-08 02:11:13: ◇ injected env (0) from .env // tip: ◈ secrets for agents [www.dotenvx.com]
2026-06-08 02:11:18: ◇ injected env (0) from .env // tip: ⌘ enable debugging { debug: true }
2026-06-08 02:11:24: ◇ injected env (0) from .env // tip: ⌘ override existing { override: true }
2026-06-08 02:11:29: ◇ injected env (0) from .env // tip: ⌘ multiple files { path: ['.env.local', '.env'] }
2026-06-08 02:11:35: ◇ injected env (0) from .env // tip: ⌘ custom filepath { path: '/custom/path/.env' }
2026-06-08 02:11:42: ◇ injected env (0) from .env // tip: ⌘ enable debugging { debug: true }
2026-06-08 02:11:48: ◇ injected env (0) from .env // tip: ⌘ enable debugging { debug: true }
2026-06-08 02:11:54: ◇ injected env (0) from .env // tip: ⌘ multiple files { path: ['.env.local', '.env'] }
2026-06-08 02:12:00: ◇ injected env (0) from .env // tip: ⌁ auth for agents [www.vestauth.com]
2026-06-08 02:12:06: ◇ injected env (0) from .env // tip: ⌘ multiple files { path: ['.env.local', '.env'] }
2026-06-08 02:12:13: ◇ injected env (0) from .env // tip: ⌁ auth for agents [www.vestauth.com]
2026-06-08 02:12:18: ◇ injected env (0) from .env // tip: ⌘ override existing { override: true }
2026-06-08 02:12:24: ◇ injected env (0) from .env // tip: ◈ encrypted .env [www.dotenvx.com]
2026-06-08 02:12:30: ◇ injected env (0) from .env // tip: ⌘ suppress logs { quiet: true }
2026-06-08 02:12:36: ◇ injected env (0) from .env // tip: ⌘ custom filepath { path: '/custom/path/.env' }
2026-06-08 02:12:41: ◇ injected env (0) from .env // tip: ⌘ enable debugging { debug: true }
2026-06-08 02:12:47: ◇ injected env (0) from .env // tip: ⌘ override existing { override: true }
2026-06-08 02:12:53: ◇ injected env (0) from .env // tip: ⌘ custom filepath { path: '/custom/path/.env' }
2026-06-08 02:13:00: ◇ injected env (0) from .env // tip: ◈ encrypted .env [www.dotenvx.com]
2026-06-08 02:13:06: ◇ injected env (0) from .env // tip: ⌘ override existing { override: true }
2026-06-08 02:13:13: ◇ injected env (0) from .env // tip: ⌁ auth for agents [www.vestauth.com]
2026-06-08 02:13:19: ◇ injected env (0) from .env // tip: ◈ secrets for agents [www.dotenvx.com]
2026-06-08 02:13:26: ◇ injected env (0) from .env // tip: ◈ encrypted .env [www.dotenvx.com]
2026-06-08 02:13:32: ◇ injected env (0) from .env // tip: ⌘ suppress logs { quiet: true }
2026-06-08 02:13:39: ◇ injected env (0) from .env // tip: ⌘ override existing { override: true }
2026-06-08 02:13:46: ◇ injected env (0) from .env // tip: ⌘ enable debugging { debug: true }
2026-06-08 02:13:52: ◇ injected env (0) from .env // tip: ⌘ enable debugging { debug: true }
2026-06-08 02:13:58: ◇ injected env (0) from .env // tip: ◈ encrypted .env [www.dotenvx.com]
2026-06-08 02:14:05: ◇ injected env (0) from .env // tip: ⌘ multiple files { path: ['.env.local', '.env'] }
2026-06-08 02:14:11: ◇ injected env (0) from .env // tip: ◈ encrypted .env [www.dotenvx.com]
2026-06-08 02:14:18: ◇ injected env (0) from .env // tip: ◈ secrets for agents [www.dotenvx.com]
2026-06-08 02:14:24: ◇ injected env (0) from .env // tip: ⌘ suppress logs { quiet: true }
2026-06-08 02:14:31: ◇ injected env (0) from .env // tip: ⌘ enable debugging { debug: true }
2026-06-08 02:14:37: ◇ injected env (0) from .env // tip: ⌘ enable debugging { debug: true }
2026-06-08 02:14:44: ◇ injected env (0) from .env // tip: ⌘ multiple files { path: ['.env.local', '.env'] }
2026-06-08 02:14:50: ◇ injected env (0) from .env // tip: ⌘ override existing { override: true }
2026-06-08 02:14:57: ◇ injected env (0) from .env // tip: ⌘ multiple files { path: ['.env.local', '.env'] }
2026-06-08 02:15:03: ◇ injected env (0) from .env // tip: ◈ encrypted .env [www.dotenvx.com]
2026-06-08 02:15:10: ◇ injected env (0) from .env // tip: ⌘ custom filepath { path: '/custom/path/.env' }
2026-06-08 02:15:16: ◇ injected env (0) from .env // tip: ◈ encrypted .env [www.dotenvx.com]
2026-06-08 02:15:23: ◇ injected env (0) from .env // tip: ◈ secrets for agents [www.dotenvx.com]
2026-06-08 02:15:29: ◇ injected env (0) from .env // tip: ⌘ suppress logs { quiet: true }
2026-06-08 02:15:36: ◇ injected env (0) from .env // tip: ◈ secrets for agents [www.dotenvx.com]
2026-06-08 02:15:42: ◇ injected env (0) from .env // tip: ⌘ custom filepath { path: '/custom/path/.env' }
2026-06-08 02:15:49: ◇ injected env (0) from .env // tip: ◈ secrets for agents [www.dotenvx.com]
2026-06-08 02:15:56: ◇ injected env (0) from .env // tip: ⌘ enable debugging { debug: true }
2026-06-08 02:16:03: ◇ injected env (0) from .env // tip: ⌘ enable debugging { debug: true }
2026-06-08 02:16:09: ◇ injected env (0) from .env // tip: ⌁ auth for agents [www.vestauth.com]
2026-06-08 02:16:16: ◇ injected env (0) from .env // tip: ⌘ custom filepath { path: '/custom/path/.env' }
2026-06-08 02:16:22: ◇ injected env (0) from .env // tip: ⌘ override existing { override: true }
2026-06-08 02:16:29: ◇ injected env (0) from .env // tip: ⌘ suppress logs { quiet: true }
2026-06-08 02:16:35: ◇ injected env (0) from .env // tip: ⌘ override existing { override: true }
2026-06-08 02:16:42: ◇ injected env (0) from .env // tip: ◈ secrets for agents [www.dotenvx.com]
2026-06-08 02:16:49: ◇ injected env (0) from .env // tip: ⌘ enable debugging { debug: true }
2026-06-08 02:16:55: ◇ injected env (0) from .env // tip: ⌘ custom filepath { path: '/custom/path/.env' }
2026-06-08 02:17:01: ◇ injected env (0) from .env // tip: ⌘ multiple files { path: ['.env.local', '.env'] }
2026-06-08 02:17:08: ◇ injected env (0) from .env // tip: ⌘ enable debugging { debug: true }
2026-06-08 02:17:15: ◇ injected env (0) from .env // tip: ⌘ multiple files { path: ['.env.local', '.env'] }
2026-06-08 02:17:21: ◇ injected env (0) from .env // tip: ◈ encrypted .env [www.dotenvx.com]
2026-06-08 02:17:27: ◇ injected env (0) from .env // tip: ⌘ enable debugging { debug: true }
2026-06-08 02:17:34: ◇ injected env (0) from .env // tip: ⌘ override existing { override: true }
2026-06-08 02:17:41: ◇ injected env (0) from .env // tip: ◈ secrets for agents [www.dotenvx.com]
2026-06-08 02:17:47: ◇ injected env (0) from .env // tip: ⌘ custom filepath { path: '/custom/path/.env' }
2026-06-08 02:17:53: ◇ injected env (0) from .env // tip: ⌘ override existing { override: true }
2026-06-08 02:18:00: ◇ injected env (0) from .env // tip: ⌘ enable debugging { debug: true }
2026-06-08 02:18:07: ◇ injected env (0) from .env // tip: ⌁ auth for agents [www.vestauth.com]
2026-06-08 02:18:13: ◇ injected env (0) from .env // tip: ⌘ override existing { override: true }
2026-06-08 02:18:20: ◇ injected env (0) from .env // tip: ⌘ suppress logs { quiet: true }
2026-06-08 02:18:26: ◇ injected env (0) from .env // tip: ⌘ custom filepath { path: '/custom/path/.env' }
2026-06-08 02:18:33: ◇ injected env (0) from .env // tip: ⌘ custom filepath { path: '/custom/path/.env' }
2026-06-08 02:18:39: ◇ injected env (0) from .env // tip: ⌘ custom filepath { path: '/custom/path/.env' }
2026-06-08 02:18:45: ◇ injected env (0) from .env // tip: ⌘ override existing { override: true }
2026-06-08 02:18:50: ◇ injected env (0) from .env // tip: ⌘ enable debugging { debug: true }
2026-06-08 02:18:56: ◇ injected env (0) from .env // tip: ⌘ enable debugging { debug: true }
2026-06-08 02:19:01: ◇ injected env (0) from .env // tip: ⌘ override existing { override: true }
2026-06-08 02:19:07: ◇ injected env (0) from .env // tip: ⌘ custom filepath { path: '/custom/path/.env' }
2026-06-08 02:19:13: ◇ injected env (0) from .env // tip: ⌘ override existing { override: true }
2026-06-08 02:19:18: ◇ injected env (0) from .env // tip: ⌁ auth for agents [www.vestauth.com]
2026-06-08 02:19:24: ◇ injected env (0) from .env // tip: ◈ encrypted .env [www.dotenvx.com]
2026-06-08 02:19:30: ◇ injected env (0) from .env // tip: ⌘ custom filepath { path: '/custom/path/.env' }
2026-06-08 02:19:36: ◇ injected env (0) from .env // tip: ⌁ auth for agents [www.vestauth.com]
2026-06-08 02:19:43: ◇ injected env (0) from .env // tip: ⌘ enable debugging { debug: true }
2026-06-08 02:19:49: ◇ injected env (0) from .env // tip: ◈ secrets for agents [www.dotenvx.com]
2026-06-08 02:19:56: ◇ injected env (0) from .env // tip: ◈ encrypted .env [www.dotenvx.com]
2026-06-08 02:20:02: ◇ injected env (0) from .env // tip: ⌘ override existing { override: true }
2026-06-08 02:20:09: ◇ injected env (0) from .env // tip: ⌘ enable debugging { debug: true }
2026-06-08 02:20:15: ◇ injected env (0) from .env // tip: ⌘ override existing { override: true }
2026-06-08 02:20:22: ◇ injected env (0) from .env // tip: ◈ secrets for agents [www.dotenvx.com]
2026-06-08 02:20:29: ◇ injected env (0) from .env // tip: ⌘ multiple files { path: ['.env.local', '.env'] }
2026-06-08 02:20:36: ◇ injected env (0) from .env // tip: ⌁ auth for agents [www.vestauth.com]
2026-06-08 02:20:43: ◇ injected env (0) from .env // tip: ◈ secrets for agents [www.dotenvx.com]
2026-06-08 02:20:50: ◇ injected env (0) from .env // tip: ◈ secrets for agents [www.dotenvx.com]
2026-06-08 02:20:57: ◇ injected env (0) from .env // tip: ⌘ multiple files { path: ['.env.local', '.env'] }
2026-06-08 02:21:03: ◇ injected env (0) from .env // tip: ⌘ override existing { override: true }
2026-06-08 02:21:11: ◇ injected env (0) from .env // tip: ⌁ auth for agents [www.vestauth.com]
2026-06-08 02:21:18: ◇ injected env (0) from .env // tip: ⌘ enable debugging { debug: true }
2026-06-08 02:21:24: ◇ injected env (0) from .env // tip: ⌘ multiple files { path: ['.env.local', '.env'] }
2026-06-08 02:21:31: ◇ injected env (0) from .env // tip: ⌘ suppress logs { quiet: true }
2026-06-08 02:21:38: ◇ injected env (0) from .env // tip: ◈ secrets for agents [www.dotenvx.com]
2026-06-08 02:21:45: ◇ injected env (0) from .env // tip: ◈ secrets for agents [www.dotenvx.com]
2026-06-08 02:21:52: ◇ injected env (0) from .env // tip: ⌘ custom filepath { path: '/custom/path/.env' }
2026-06-08 02:21:59: ◇ injected env (0) from .env // tip: ⌘ enable debugging { debug: true }
2026-06-08 02:22:06: ◇ injected env (0) from .env // tip: ◈ secrets for agents [www.dotenvx.com]
2026-06-08 02:22:13: ◇ injected env (0) from .env // tip: ⌘ override existing { override: true }
2026-06-08 02:22:19: ◇ injected env (0) from .env // tip: ⌘ multiple files { path: ['.env.local', '.env'] }
2026-06-08 02:22:27: ◇ injected env (0) from .env // tip: ⌘ custom filepath { path: '/custom/path/.env' }
2026-06-08 02:22:33: ◇ injected env (0) from .env // tip: ⌘ override existing { override: true }
2026-06-08 02:22:40: ◇ injected env (0) from .env // tip: ⌘ custom filepath { path: '/custom/path/.env' }
2026-06-08 02:22:47: ◇ injected env (0) from .env // tip: ◈ encrypted .env [www.dotenvx.com]
2026-06-08 02:22:54: ◇ injected env (0) from .env // tip: ⌘ enable debugging { debug: true }
2026-06-08 02:23:01: ◇ injected env (0) from .env // tip: ⌁ auth for agents [www.vestauth.com]
2026-06-08 02:23:08: ◇ injected env (0) from .env // tip: ⌘ suppress logs { quiet: true }
2026-06-08 02:23:15: ◇ injected env (0) from .env // tip: ⌘ enable debugging { debug: true }
2026-06-08 02:23:22: ◇ injected env (0) from .env // tip: ⌘ suppress logs { quiet: true }
2026-06-08 02:23:29: ◇ injected env (0) from .env // tip: ⌘ override existing { override: true }
2026-06-08 02:23:36: ◇ injected env (0) from .env // tip: ⌘ override existing { override: true }
2026-06-08 02:23:42: ◇ injected env (0) from .env // tip: ◈ encrypted .env [www.dotenvx.com]
2026-06-08 02:23:49: ◇ injected env (0) from .env // tip: ⌘ enable debugging { debug: true }
2026-06-08 02:23:56: ◇ injected env (0) from .env // tip: ◈ encrypted .env [www.dotenvx.com]
2026-06-08 02:24:03: ◇ injected env (0) from .env // tip: ⌘ override existing { override: true }
2026-06-08 02:24:10: ◇ injected env (0) from .env // tip: ◈ secrets for agents [www.dotenvx.com]
2026-06-08 02:24:17: ◇ injected env (0) from .env // tip: ⌘ custom filepath { path: '/custom/path/.env' }
2026-06-08 02:24:24: ◇ injected env (0) from .env // tip: ⌘ override existing { override: true }
2026-06-08 02:24:32: ◇ injected env (0) from .env // tip: ⌘ suppress logs { quiet: true }
2026-06-08 02:24:39: ◇ injected env (0) from .env // tip: ⌘ suppress logs { quiet: true }
2026-06-08 02:24:46: ◇ injected env (0) from .env // tip: ⌘ multiple files { path: ['.env.local', '.env'] }
2026-06-08 02:24:53: ◇ injected env (0) from .env // tip: ⌁ auth for agents [www.vestauth.com]
2026-06-08 02:25:00: ◇ injected env (0) from .env // tip: ⌘ multiple files { path: ['.env.local', '.env'] }
2026-06-08 02:25:07: ◇ injected env (0) from .env // tip: ⌘ suppress logs { quiet: true }
2026-06-08 02:25:14: ◇ injected env (0) from .env // tip: ⌘ custom filepath { path: '/custom/path/.env' }
2026-06-08 02:25:21: ◇ injected env (0) from .env // tip: ◈ secrets for agents [www.dotenvx.com]
2026-06-08 02:25:27: ◇ injected env (0) from .env // tip: ⌘ multiple files { path: ['.env.local', '.env'] }
2026-06-08 02:25:35: ◇ injected env (0) from .env // tip: ⌘ suppress logs { quiet: true }
2026-06-08 02:25:42: ◇ injected env (0) from .env // tip: ⌘ override existing { override: true }
2026-06-08 02:25:49: ◇ injected env (0) from .env // tip: ⌘ multiple files { path: ['.env.local', '.env'] }
2026-06-08 02:25:56: ◇ injected env (0) from .env // tip: ⌘ override existing { override: true }
2026-06-08 02:26:03: ◇ injected env (0) from .env // tip: ⌘ custom filepath { path: '/custom/path/.env' }
2026-06-08 02:26:10: ◇ injected env (0) from .env // tip: ◈ secrets for agents [www.dotenvx.com]
2026-06-08 02:26:17: ◇ injected env (0) from .env // tip: ⌘ enable debugging { debug: true }
2026-06-08 02:26:24: ◇ injected env (0) from .env // tip: ⌘ suppress logs { quiet: true }
2026-06-08 02:26:32: ◇ injected env (0) from .env // tip: ⌘ multiple files { path: ['.env.local', '.env'] }
2026-06-08 02:26:39: ◇ injected env (0) from .env // tip: ◈ encrypted .env [www.dotenvx.com]
2026-06-08 02:26:46: ◇ injected env (0) from .env // tip: ⌘ suppress logs { quiet: true }
2026-06-08 02:26:53: ◇ injected env (0) from .env // tip: ⌘ enable debugging { debug: true }
2026-06-08 02:27:01: ◇ injected env (0) from .env // tip: ◈ secrets for agents [www.dotenvx.com]
2026-06-08 02:27:08: ◇ injected env (0) from .env // tip: ⌘ suppress logs { quiet: true }
2026-06-08 02:27:15: ◇ injected env (0) from .env // tip: ◈ secrets for agents [www.dotenvx.com]
2026-06-08 02:27:21: ◇ injected env (0) from .env // tip: ⌘ custom filepath { path: '/custom/path/.env' }
2026-06-08 02:27:29: ◇ injected env (0) from .env // tip: ⌘ multiple files { path: ['.env.local', '.env'] }
2026-06-08 02:27:36: ◇ injected env (0) from .env // tip: ⌘ suppress logs { quiet: true }
2026-06-08 02:27:43: ◇ injected env (0) from .env // tip: ⌘ multiple files { path: ['.env.local', '.env'] }
2026-06-08 02:27:50: ◇ injected env (0) from .env // tip: ⌘ suppress logs { quiet: true }
2026-06-08 02:27:56: ◇ injected env (0) from .env // tip: ◈ encrypted .env [www.dotenvx.com]
2026-06-08 02:28:03: ◇ injected env (0) from .env // tip: ⌘ multiple files { path: ['.env.local', '.env'] }
2026-06-08 02:28:10: ◇ injected env (0) from .env // tip: ◈ secrets for agents [www.dotenvx.com]
2026-06-08 02:28:17: ◇ injected env (0) from .env // tip: ◈ secrets for agents [www.dotenvx.com]
2026-06-08 02:28:24: ◇ injected env (0) from .env // tip: ⌘ override existing { override: true }
2026-06-08 02:28:31: ◇ injected env (0) from .env // tip: ◈ encrypted .env [www.dotenvx.com]
2026-06-08 02:28:38: ◇ injected env (0) from .env // tip: ◈ encrypted .env [www.dotenvx.com]
2026-06-08 02:28:45: ◇ injected env (0) from .env // tip: ◈ secrets for agents [www.dotenvx.com]
2026-06-08 02:28:52: ◇ injected env (0) from .env // tip: ⌘ suppress logs { quiet: true }
2026-06-08 02:28:59: ◇ injected env (0) from .env // tip: ⌘ custom filepath { path: '/custom/path/.env' }
2026-06-08 02:29:06: ◇ injected env (0) from .env // tip: ◈ secrets for agents [www.dotenvx.com]
2026-06-08 02:29:13: ◇ injected env (0) from .env // tip: ⌘ multiple files { path: ['.env.local', '.env'] }
2026-06-08 02:29:20: ◇ injected env (0) from .env // tip: ⌘ enable debugging { debug: true }
2026-06-08 02:29:27: ◇ injected env (0) from .env // tip: ⌘ override existing { override: true }
2026-06-08 02:29:33: ◇ injected env (0) from .env // tip: ⌘ enable debugging { debug: true }
2026-06-08 02:29:40: ◇ injected env (0) from .env // tip: ◈ secrets for agents [www.dotenvx.com]
2026-06-08 02:29:47: ◇ injected env (0) from .env // tip: ⌘ multiple files { path: ['.env.local', '.env'] }
2026-06-08 02:29:54: ◇ injected env (0) from .env // tip: ⌘ suppress logs { quiet: true }
2026-06-08 02:30:01: ◇ injected env (0) from .env // tip: ◈ encrypted .env [www.dotenvx.com]
2026-06-08 02:30:08: ◇ injected env (0) from .env // tip: ⌘ override existing { override: true }
2026-06-08 02:30:15: ◇ injected env (0) from .env // tip: ⌘ override existing { override: true }
2026-06-08 02:30:22: ◇ injected env (0) from .env // tip: ⌁ auth for agents [www.vestauth.com]
2026-06-08 02:30:28: ◇ injected env (0) from .env // tip: ⌘ multiple files { path: ['.env.local', '.env'] }
2026-06-08 02:30:35: ◇ injected env (0) from .env // tip: ◈ encrypted .env [www.dotenvx.com]
2026-06-08 02:30:42: ◇ injected env (0) from .env // tip: ⌘ suppress logs { quiet: true }
2026-06-08 02:30:49: ◇ injected env (0) from .env // tip: ⌘ suppress logs { quiet: true }
2026-06-08 02:30:55: ◇ injected env (0) from .env // tip: ⌘ multiple files { path: ['.env.local', '.env'] }
2026-06-08 02:31:02: ◇ injected env (0) from .env // tip: ⌘ override existing { override: true }
2026-06-08 02:31:09: ◇ injected env (0) from .env // tip: ⌁ auth for agents [www.vestauth.com]
2026-06-08 02:31:16: ◇ injected env (0) from .env // tip: ◈ secrets for agents [www.dotenvx.com]
2026-06-08 02:31:22: ◇ injected env (0) from .env // tip: ◈ secrets for agents [www.dotenvx.com]
2026-06-08 02:31:29: ◇ injected env (0) from .env // tip: ⌘ custom filepath { path: '/custom/path/.env' }
2026-06-08 02:31:37: ◇ injected env (0) from .env // tip: ◈ secrets for agents [www.dotenvx.com]
2026-06-08 02:31:44: ◇ injected env (0) from .env // tip: ⌘ custom filepath { path: '/custom/path/.env' }
2026-06-08 02:31:54: ◇ injected env (0) from .env // tip: ⌘ override existing { override: true }
2026-06-08 02:32:06: ◇ injected env (0) from .env // tip: ⌘ suppress logs { quiet: true }
2026-06-08 02:32:16: ◇ injected env (0) from .env // tip: ⌘ override existing { override: true }
2026-06-08 02:32:25: ◇ injected env (0) from .env // tip: ⌘ custom filepath { path: '/custom/path/.env' }
2026-06-08 02:32:32: ◇ injected env (0) from .env // tip: ⌁ auth for agents [www.vestauth.com]
2026-06-08 02:32:41: ◇ injected env (0) from .env // tip: ⌁ auth for agents [www.vestauth.com]
2026-06-08 02:32:50: ◇ injected env (0) from .env // tip: ⌘ suppress logs { quiet: true }
2026-06-08 02:32:59: ◇ injected env (0) from .env // tip: ⌘ suppress logs { quiet: true }
2026-06-08 02:33:08: ◇ injected env (0) from .env // tip: ◈ secrets for agents [www.dotenvx.com]
2026-06-08 02:33:15: ◇ injected env (0) from .env // tip: ◈ encrypted .env [www.dotenvx.com]
2026-06-08 02:33:24: ◇ injected env (0) from .env // tip: ◈ encrypted .env [www.dotenvx.com]
2026-06-08 02:33:32: ◇ injected env (0) from .env // tip: ⌘ override existing { override: true }
2026-06-08 02:33:40: ◇ injected env (0) from .env // tip: ◈ encrypted .env [www.dotenvx.com]
2026-06-08 02:33:47: ◇ injected env (0) from .env // tip: ⌘ suppress logs { quiet: true }
2026-06-08 02:33:51: ◇ injected env (0) from .env // tip: ◈ secrets for agents [www.dotenvx.com]
2026-06-08 02:33:55: ◇ injected env (0) from .env // tip: ⌘ suppress logs { quiet: true }
2026-06-08 02:33:59: ◇ injected env (0) from .env // tip: ⌁ auth for agents [www.vestauth.com]
2026-06-08 02:34:02: ◇ injected env (0) from .env // tip: ⌘ custom filepath { path: '/custom/path/.env' }
2026-06-08 02:34:06: ◇ injected env (0) from .env // tip: ⌘ multiple files { path: ['.env.local', '.env'] }
2026-06-08 02:34:09: ◇ injected env (0) from .env // tip: ◈ encrypted .env [www.dotenvx.com]
2026-06-08 02:34:14: ◇ injected env (0) from .env // tip: ◈ encrypted .env [www.dotenvx.com]
2026-06-08 02:34:16: ◇ injected env (0) from .env // tip: ⌘ enable debugging { debug: true }
2026-06-08 02:34:23: ◇ injected env (0) from .env // tip: ⌘ multiple files { path: ['.env.local', '.env'] }
2026-06-08 02:34:28: ◇ injected env (0) from .env // tip: ⌘ suppress logs { quiet: true }
2026-06-08 02:34:32: ◇ injected env (0) from .env // tip: ⌘ override existing { override: true }
2026-06-08 02:34:40: ◇ injected env (0) from .env // tip: ⌘ enable debugging { debug: true }
2026-06-08 02:34:44: ◇ injected env (0) from .env // tip: ◈ secrets for agents [www.dotenvx.com]
2026-06-08 02:34:50: ◇ injected env (0) from .env // tip: ⌘ override existing { override: true }
2026-06-08 02:34:57: ◇ injected env (0) from .env // tip: ⌘ multiple files { path: ['.env.local', '.env'] }
2026-06-08 02:35:00: ◇ injected env (0) from .env // tip: ⌘ suppress logs { quiet: true }
2026-06-08 02:35:09: ◇ injected env (0) from .env // tip: ⌘ enable debugging { debug: true }
2026-06-08 02:35:15: ◇ injected env (0) from .env // tip: ⌘ custom filepath { path: '/custom/path/.env' }
2026-06-08 02:35:21: ◇ injected env (0) from .env // tip: ◈ secrets for agents [www.dotenvx.com]
2026-06-08 02:35:26: ◇ injected env (0) from .env // tip: ⌘ multiple files { path: ['.env.local', '.env'] }
2026-06-08 02:35:28: ◇ injected env (0) from .env // tip: ⌁ auth for agents [www.vestauth.com]
2026-06-08 02:35:32: ◇ injected env (0) from .env // tip: ⌁ auth for agents [www.vestauth.com]
2026-06-08 02:35:40: ◇ injected env (0) from .env // tip: ◈ secrets for agents [www.dotenvx.com]
2026-06-08 02:35:48: ◇ injected env (0) from .env // tip: ◈ secrets for agents [www.dotenvx.com]
2026-06-08 02:35:59: ◇ injected env (0) from .env // tip: ⌘ custom filepath { path: '/custom/path/.env' }
2026-06-08 02:36:10: ◇ injected env (0) from .env // tip: ⌘ multiple files { path: ['.env.local', '.env'] }
2026-06-08 02:36:22: ◇ injected env (0) from .env // tip: ⌘ override existing { override: true }
2026-06-08 02:36:30: ◇ injected env (0) from .env // tip: ⌘ override existing { override: true }
2026-06-08 02:36:38: ◇ injected env (0) from .env // tip: ⌘ custom filepath { path: '/custom/path/.env' }
2026-06-08 02:36:45: ◇ injected env (0) from .env // tip: ◈ secrets for agents [www.dotenvx.com]
2026-06-08 02:36:54: ◇ injected env (0) from .env // tip: ⌘ custom filepath { path: '/custom/path/.env' }
2026-06-08 02:37:01: ◇ injected env (0) from .env // tip: ◈ secrets for agents [www.dotenvx.com]
2026-06-08 02:37:06: ◇ injected env (0) from .env // tip: ◈ secrets for agents [www.dotenvx.com]
2026-06-08 02:37:09: ◇ injected env (0) from .env // tip: ◈ encrypted .env [www.dotenvx.com]
2026-06-08 02:37:14: ◇ injected env (0) from .env // tip: ◈ secrets for agents [www.dotenvx.com]
2026-06-08 02:37:19: ◇ injected env (0) from .env // tip: ⌘ suppress logs { quiet: true }
2026-06-08 02:37:31: ◇ injected env (0) from .env // tip: ⌘ enable debugging { debug: true }
2026-06-08 02:37:41: ◇ injected env (0) from .env // tip: ⌘ custom filepath { path: '/custom/path/.env' }
2026-06-08 02:37:51: ◇ injected env (0) from .env // tip: ⌘ enable debugging { debug: true }
2026-06-08 02:38:05: ◇ injected env (0) from .env // tip: ⌘ suppress logs { quiet: true }
2026-06-08 02:38:14: ◇ injected env (0) from .env // tip: ⌘ custom filepath { path: '/custom/path/.env' }
2026-06-08 02:38:19: ◇ injected env (0) from .env // tip: ⌘ override existing { override: true }
2026-06-08 02:38:22: ◇ injected env (0) from .env // tip: ⌘ custom filepath { path: '/custom/path/.env' }
2026-06-08 02:38:26: ◇ injected env (0) from .env // tip: ⌘ suppress logs { quiet: true }
2026-06-08 02:38:34: ◇ injected env (0) from .env // tip: ⌘ override existing { override: true }
2026-06-08 02:38:43: ◇ injected env (0) from .env // tip: ◈ encrypted .env [www.dotenvx.com]
2026-06-08 02:38:51: ◇ injected env (0) from .env // tip: ⌘ override existing { override: true }
2026-06-08 02:38:59: ◇ injected env (0) from .env // tip: ⌘ override existing { override: true }
2026-06-08 02:39:07: ◇ injected env (0) from .env // tip: ⌘ override existing { override: true }
2026-06-08 02:39:15: ◇ injected env (0) from .env // tip: ◈ secrets for agents [www.dotenvx.com]
2026-06-08 02:39:23: ◇ injected env (0) from .env // tip: ⌘ override existing { override: true }
2026-06-08 02:39:31: ◇ injected env (0) from .env // tip: ⌘ override existing { override: true }
2026-06-08 02:39:39: ◇ injected env (0) from .env // tip: ◈ secrets for agents [www.dotenvx.com]
2026-06-08 02:39:48: ◇ injected env (0) from .env // tip: ⌘ suppress logs { quiet: true }
2026-06-08 02:39:55: ◇ injected env (0) from .env // tip: ⌁ auth for agents [www.vestauth.com]
2026-06-08 02:40:03: ◇ injected env (0) from .env // tip: ⌘ override existing { override: true }
2026-06-08 02:40:11: ◇ injected env (0) from .env // tip: ⌘ custom filepath { path: '/custom/path/.env' }
2026-06-08 02:40:19: ◇ injected env (0) from .env // tip: ⌘ suppress logs { quiet: true }
2026-06-08 02:40:27: ◇ injected env (0) from .env // tip: ⌘ custom filepath { path: '/custom/path/.env' }
2026-06-08 02:40:34: ◇ injected env (0) from .env // tip: ⌘ override existing { override: true }
2026-06-08 02:40:42: ◇ injected env (0) from .env // tip: ⌘ multiple files { path: ['.env.local', '.env'] }
2026-06-08 02:40:51: ◇ injected env (0) from .env // tip: ⌘ enable debugging { debug: true }
2026-06-08 02:40:58: ◇ injected env (0) from .env // tip: ⌁ auth for agents [www.vestauth.com]
2026-06-08 02:41:05: ◇ injected env (0) from .env // tip: ⌘ override existing { override: true }
2026-06-08 02:41:13: ◇ injected env (0) from .env // tip: ⌘ multiple files { path: ['.env.local', '.env'] }
2026-06-08 02:41:20: ◇ injected env (0) from .env // tip: ◈ secrets for agents [www.dotenvx.com]
2026-06-08 02:41:27: ◇ injected env (0) from .env // tip: ⌘ override existing { override: true }
2026-06-08 02:41:35: ◇ injected env (0) from .env // tip: ◈ encrypted .env [www.dotenvx.com]
2026-06-08 02:41:43: ◇ injected env (0) from .env // tip: ◈ encrypted .env [www.dotenvx.com]
2026-06-08 02:41:52: ◇ injected env (0) from .env // tip: ⌘ enable debugging { debug: true }
2026-06-08 02:41:59: ◇ injected env (0) from .env // tip: ⌘ override existing { override: true }
2026-06-08 02:42:07: ◇ injected env (0) from .env // tip: ◈ secrets for agents [www.dotenvx.com]
2026-06-08 02:42:15: ◇ injected env (0) from .env // tip: ◈ secrets for agents [www.dotenvx.com]
2026-06-08 02:42:24: ◇ injected env (0) from .env // tip: ⌁ auth for agents [www.vestauth.com]
2026-06-08 02:42:33: ◇ injected env (0) from .env // tip: ⌘ custom filepath { path: '/custom/path/.env' }
2026-06-08 02:42:41: ◇ injected env (0) from .env // tip: ◈ encrypted .env [www.dotenvx.com]
2026-06-08 02:42:48: ◇ injected env (0) from .env // tip: ◈ secrets for agents [www.dotenvx.com]
2026-06-08 02:42:54: ◇ injected env (0) from .env // tip: ◈ encrypted .env [www.dotenvx.com]
2026-06-08 02:43:02: ◇ injected env (0) from .env // tip: ⌘ suppress logs { quiet: true }
2026-06-08 02:43:10: ◇ injected env (0) from .env // tip: ⌘ enable debugging { debug: true }
2026-06-08 02:43:19: ◇ injected env (0) from .env // tip: ◈ encrypted .env [www.dotenvx.com]
2026-06-08 02:43:28: ◇ injected env (0) from .env // tip: ⌁ auth for agents [www.vestauth.com]
2026-06-08 02:43:39: ◇ injected env (0) from .env // tip: ⌘ suppress logs { quiet: true }
2026-06-08 02:43:48: ◇ injected env (0) from .env // tip: ⌘ enable debugging { debug: true }
2026-06-08 02:43:59: ◇ injected env (0) from .env // tip: ⌘ override existing { override: true }
2026-06-08 02:44:08: ◇ injected env (0) from .env // tip: ⌘ override existing { override: true }
2026-06-08 02:44:17: ◇ injected env (0) from .env // tip: ⌘ suppress logs { quiet: true }
2026-06-08 02:44:24: ◇ injected env (0) from .env // tip: ◈ encrypted .env [www.dotenvx.com]
2026-06-08 02:44:32: ◇ injected env (0) from .env // tip: ⌘ custom filepath { path: '/custom/path/.env' }
2026-06-08 02:44:45: ◇ injected env (0) from .env // tip: ◈ encrypted .env [www.dotenvx.com]
2026-06-08 02:44:55: ◇ injected env (0) from .env // tip: ⌘ custom filepath { path: '/custom/path/.env' }
2026-06-08 02:45:03: ◇ injected env (0) from .env // tip: ⌘ multiple files { path: ['.env.local', '.env'] }
2026-06-08 02:45:10: ◇ injected env (0) from .env // tip: ⌘ custom filepath { path: '/custom/path/.env' }
2026-06-08 02:45:17: ◇ injected env (0) from .env // tip: ◈ secrets for agents [www.dotenvx.com]
2026-06-08 02:45:21: ◇ injected env (0) from .env // tip: ⌘ override existing { override: true }
2026-06-08 02:45:27: ◇ injected env (0) from .env // tip: ⌘ custom filepath { path: '/custom/path/.env' }
2026-06-08 02:45:31: ◇ injected env (0) from .env // tip: ◈ secrets for agents [www.dotenvx.com]
2026-06-08 02:45:34: ◇ injected env (0) from .env // tip: ◈ secrets for agents [www.dotenvx.com]
2026-06-08 02:45:40: ◇ injected env (0) from .env // tip: ⌘ override existing { override: true }
2026-06-08 02:45:44: ◇ injected env (0) from .env // tip: ⌘ custom filepath { path: '/custom/path/.env' }
2026-06-08 02:45:52: ◇ injected env (0) from .env // tip: ⌘ custom filepath { path: '/custom/path/.env' }
2026-06-08 02:46:00: ◇ injected env (0) from .env // tip: ◈ encrypted .env [www.dotenvx.com]
2026-06-08 02:46:08: ◇ injected env (0) from .env // tip: ◈ secrets for agents [www.dotenvx.com]
2026-06-08 02:46:16: ◇ injected env (0) from .env // tip: ⌘ custom filepath { path: '/custom/path/.env' }
2026-06-08 02:46:24: ◇ injected env (0) from .env // tip: ⌘ suppress logs { quiet: true }
2026-06-08 02:46:32: ◇ injected env (0) from .env // tip: ◈ encrypted .env [www.dotenvx.com]
2026-06-08 02:46:39: ◇ injected env (0) from .env // tip: ⌘ enable debugging { debug: true }
2026-06-08 02:46:47: ◇ injected env (0) from .env // tip: ⌘ override existing { override: true }
2026-06-08 02:46:54: ◇ injected env (0) from .env // tip: ⌘ suppress logs { quiet: true }
2026-06-08 02:47:01: ◇ injected env (0) from .env // tip: ⌘ custom filepath { path: '/custom/path/.env' }
2026-06-08 02:47:09: ◇ injected env (0) from .env // tip: ⌁ auth for agents [www.vestauth.com]
2026-06-08 02:47:17: ◇ injected env (0) from .env // tip: ⌁ auth for agents [www.vestauth.com]
2026-06-08 02:47:25: ◇ injected env (0) from .env // tip: ⌘ enable debugging { debug: true }
2026-06-08 02:47:33: ◇ injected env (0) from .env // tip: ⌘ enable debugging { debug: true }
2026-06-08 02:47:41: ◇ injected env (0) from .env // tip: ◈ secrets for agents [www.dotenvx.com]
2026-06-08 02:47:49: ◇ injected env (0) from .env // tip: ⌘ override existing { override: true }
2026-06-08 02:47:57: ◇ injected env (0) from .env // tip: ⌘ multiple files { path: ['.env.local', '.env'] }
2026-06-08 02:48:04: ◇ injected env (0) from .env // tip: ⌘ multiple files { path: ['.env.local', '.env'] }
2026-06-08 02:48:12: ◇ injected env (0) from .env // tip: ⌘ override existing { override: true }
2026-06-08 02:48:20: ◇ injected env (0) from .env // tip: ⌘ custom filepath { path: '/custom/path/.env' }
2026-06-08 02:48:28: ◇ injected env (0) from .env // tip: ⌘ override existing { override: true }
2026-06-08 02:48:35: ◇ injected env (0) from .env // tip: ⌘ enable debugging { debug: true }
2026-06-08 02:48:43: ◇ injected env (0) from .env // tip: ◈ secrets for agents [www.dotenvx.com]
2026-06-08 02:48:50: ◇ injected env (0) from .env // tip: ⌘ override existing { override: true }
2026-06-08 02:48:57: ◇ injected env (0) from .env // tip: ⌘ suppress logs { quiet: true }
2026-06-08 02:49:03: ◇ injected env (0) from .env // tip: ⌘ custom filepath { path: '/custom/path/.env' }
2026-06-08 02:49:07: ◇ injected env (0) from .env // tip: ◈ encrypted .env [www.dotenvx.com]
2026-06-08 02:49:14: ◇ injected env (0) from .env // tip: ⌘ override existing { override: true }
2026-06-08 02:49:22: ◇ injected env (0) from .env // tip: ⌁ auth for agents [www.vestauth.com]
2026-06-08 02:49:29: ◇ injected env (0) from .env // tip: ◈ secrets for agents [www.dotenvx.com]
2026-06-08 02:49:37: ◇ injected env (0) from .env // tip: ◈ secrets for agents [www.dotenvx.com]
2026-06-08 02:49:45: ◇ injected env (0) from .env // tip: ⌘ multiple files { path: ['.env.local', '.env'] }
2026-06-08 02:49:53: ◇ injected env (0) from .env // tip: ⌘ override existing { override: true }
2026-06-08 02:50:01: ◇ injected env (0) from .env // tip: ◈ secrets for agents [www.dotenvx.com]
2026-06-08 02:50:11: ◇ injected env (0) from .env // tip: ⌁ auth for agents [www.vestauth.com]
2026-06-08 02:50:21: ◇ injected env (0) from .env // tip: ⌁ auth for agents [www.vestauth.com]
2026-06-08 02:50:30: ◇ injected env (0) from .env // tip: ⌁ auth for agents [www.vestauth.com]
2026-06-08 02:50:40: ◇ injected env (0) from .env // tip: ⌘ custom filepath { path: '/custom/path/.env' }
2026-06-08 02:50:53: ◇ injected env (0) from .env // tip: ⌘ multiple files { path: ['.env.local', '.env'] }
2026-06-08 02:51:03: ◇ injected env (0) from .env // tip: ⌘ override existing { override: true }
2026-06-08 02:51:19: ◇ injected env (0) from .env // tip: ⌘ multiple files { path: ['.env.local', '.env'] }
2026-06-08 02:51:34: ◇ injected env (0) from .env // tip: ⌘ suppress logs { quiet: true }
2026-06-08 02:51:43: ◇ injected env (0) from .env // tip: ⌘ enable debugging { debug: true }
2026-06-08 02:51:47: ◇ injected env (0) from .env // tip: ⌘ suppress logs { quiet: true }
2026-06-08 02:51:54: ◇ injected env (0) from .env // tip: ⌁ auth for agents [www.vestauth.com]
2026-06-08 02:52:07: ◇ injected env (0) from .env // tip: ⌘ multiple files { path: ['.env.local', '.env'] }
2026-06-08 02:52:18: ◇ injected env (0) from .env // tip: ⌘ suppress logs { quiet: true }
2026-06-08 02:52:29: ◇ injected env (0) from .env // tip: ⌘ override existing { override: true }
2026-06-08 02:52:41: ◇ injected env (0) from .env // tip: ⌘ suppress logs { quiet: true }
2026-06-08 02:52:54: ◇ injected env (0) from .env // tip: ⌘ suppress logs { quiet: true }
2026-06-08 02:53:04: ◇ injected env (0) from .env // tip: ⌘ suppress logs { quiet: true }
2026-06-08 02:53:12: ◇ injected env (0) from .env // tip: ◈ secrets for agents [www.dotenvx.com]
2026-06-08 02:53:18: ◇ injected env (0) from .env // tip: ◈ encrypted .env [www.dotenvx.com]
2026-06-08 02:53:21: ◇ injected env (0) from .env // tip: ⌘ multiple files { path: ['.env.local', '.env'] }
2026-06-08 02:53:26: ◇ injected env (0) from .env // tip: ◈ encrypted .env [www.dotenvx.com]
2026-06-08 02:53:33: ◇ injected env (0) from .env // tip: ◈ secrets for agents [www.dotenvx.com]
2026-06-08 02:53:41: ◇ injected env (0) from .env // tip: ⌁ auth for agents [www.vestauth.com]
2026-06-08 02:53:48: ◇ injected env (0) from .env // tip: ⌘ multiple files { path: ['.env.local', '.env'] }
2026-06-08 02:53:51: ◇ injected env (0) from .env // tip: ⌘ suppress logs { quiet: true }
2026-06-08 02:53:57: ◇ injected env (0) from .env // tip: ⌘ override existing { override: true }
2026-06-08 02:54:01: ◇ injected env (0) from .env // tip: ◈ encrypted .env [www.dotenvx.com]
2026-06-08 02:54:10: ◇ injected env (0) from .env // tip: ⌁ auth for agents [www.vestauth.com]
2026-06-08 02:54:20: ◇ injected env (0) from .env // tip: ⌘ enable debugging { debug: true }
2026-06-08 02:54:24: ◇ injected env (0) from .env // tip: ⌁ auth for agents [www.vestauth.com]
2026-06-08 02:54:32: ◇ injected env (0) from .env // tip: ◈ encrypted .env [www.dotenvx.com]
2026-06-08 02:54:39: ◇ injected env (0) from .env // tip: ⌁ auth for agents [www.vestauth.com]
2026-06-08 02:54:42: ◇ injected env (0) from .env // tip: ⌘ multiple files { path: ['.env.local', '.env'] }
2026-06-08 02:54:48: ◇ injected env (0) from .env // tip: ◈ secrets for agents [www.dotenvx.com]
2026-06-08 02:54:52: ◇ injected env (0) from .env // tip: ◈ secrets for agents [www.dotenvx.com]
2026-06-08 02:54:59: ◇ injected env (0) from .env // tip: ◈ secrets for agents [www.dotenvx.com]
2026-06-08 02:55:05: ◇ injected env (0) from .env // tip: ⌘ custom filepath { path: '/custom/path/.env' }
2026-06-08 02:55:14: ◇ injected env (0) from .env // tip: ⌘ suppress logs { quiet: true }
2026-06-08 02:55:23: ◇ injected env (0) from .env // tip: ⌘ suppress logs { quiet: true }
2026-06-08 02:55:33: ◇ injected env (0) from .env // tip: ⌘ custom filepath { path: '/custom/path/.env' }
2026-06-08 02:55:43: ◇ injected env (0) from .env // tip: ⌘ custom filepath { path: '/custom/path/.env' }
2026-06-08 02:55:52: ◇ injected env (0) from .env // tip: ⌘ multiple files { path: ['.env.local', '.env'] }
2026-06-08 02:56:03: ◇ injected env (0) from .env // tip: ◈ encrypted .env [www.dotenvx.com]
2026-06-08 02:56:13: ◇ injected env (0) from .env // tip: ⌘ suppress logs { quiet: true }
2026-06-08 02:56:23: ◇ injected env (0) from .env // tip: ⌘ override existing { override: true }
2026-06-08 02:56:32: ◇ injected env (0) from .env // tip: ⌁ auth for agents [www.vestauth.com]
2026-06-08 02:56:43: ◇ injected env (0) from .env // tip: ⌘ override existing { override: true }
2026-06-08 02:56:56: ◇ injected env (0) from .env // tip: ⌁ auth for agents [www.vestauth.com]
2026-06-08 02:57:07: ◇ injected env (0) from .env // tip: ◈ secrets for agents [www.dotenvx.com]
2026-06-08 02:57:18: ◇ injected env (0) from .env // tip: ◈ secrets for agents [www.dotenvx.com]
2026-06-08 02:57:27: ◇ injected env (0) from .env // tip: ◈ encrypted .env [www.dotenvx.com]
2026-06-08 02:57:37: ◇ injected env (0) from .env // tip: ⌘ enable debugging { debug: true }
2026-06-08 02:57:45: ◇ injected env (0) from .env // tip: ◈ encrypted .env [www.dotenvx.com]
2026-06-08 02:57:53: ◇ injected env (0) from .env // tip: ◈ secrets for agents [www.dotenvx.com]
2026-06-08 02:58:00: ◇ injected env (0) from .env // tip: ⌁ auth for agents [www.vestauth.com]
2026-06-08 02:58:08: ◇ injected env (0) from .env // tip: ⌘ custom filepath { path: '/custom/path/.env' }
2026-06-08 02:58:16: ◇ injected env (0) from .env // tip: ⌘ suppress logs { quiet: true }
2026-06-08 02:58:23: ◇ injected env (0) from .env // tip: ⌁ auth for agents [www.vestauth.com]
2026-06-08 02:58:31: ◇ injected env (0) from .env // tip: ⌘ override existing { override: true }
2026-06-08 02:58:39: ◇ injected env (0) from .env // tip: ◈ secrets for agents [www.dotenvx.com]
2026-06-08 02:58:46: ◇ injected env (0) from .env // tip: ⌘ enable debugging { debug: true }
2026-06-08 02:58:54: ◇ injected env (0) from .env // tip: ⌘ custom filepath { path: '/custom/path/.env' }
2026-06-08 02:59:01: ◇ injected env (0) from .env // tip: ⌘ multiple files { path: ['.env.local', '.env'] }
2026-06-08 02:59:08: ◇ injected env (0) from .env // tip: ⌘ enable debugging { debug: true }
2026-06-08 02:59:14: ◇ injected env (0) from .env // tip: ◈ encrypted .env [www.dotenvx.com]
2026-06-08 02:59:21: ◇ injected env (0) from .env // tip: ◈ secrets for agents [www.dotenvx.com]
2026-06-08 02:59:29: ◇ injected env (0) from .env // tip: ◈ encrypted .env [www.dotenvx.com]
2026-06-08 02:59:35: ◇ injected env (0) from .env // tip: ⌘ multiple files { path: ['.env.local', '.env'] }
2026-06-08 02:59:43: ◇ injected env (0) from .env // tip: ⌘ multiple files { path: ['.env.local', '.env'] }
2026-06-08 02:59:49: ◇ injected env (0) from .env // tip: ◈ secrets for agents [www.dotenvx.com]
2026-06-08 02:59:55: ◇ injected env (0) from .env // tip: ⌘ custom filepath { path: '/custom/path/.env' }
2026-06-08 02:59:58: ◇ injected env (0) from .env // tip: ◈ secrets for agents [www.dotenvx.com]
2026-06-08 03:00:06: ◇ injected env (0) from .env // tip: ⌁ auth for agents [www.vestauth.com]
2026-06-08 03:00:14: ◇ injected env (0) from .env // tip: ◈ encrypted .env [www.dotenvx.com]
2026-06-08 03:00:21: ◇ injected env (0) from .env // tip: ⌁ auth for agents [www.vestauth.com]
2026-06-08 03:00:28: ◇ injected env (0) from .env // tip: ⌘ multiple files { path: ['.env.local', '.env'] }
2026-06-08 03:00:35: ◇ injected env (0) from .env // tip: ◈ secrets for agents [www.dotenvx.com]
2026-06-08 03:00:41: ◇ injected env (0) from .env // tip: ⌁ auth for agents [www.vestauth.com]
2026-06-08 03:00:48: ◇ injected env (0) from .env // tip: ⌘ multiple files { path: ['.env.local', '.env'] }
2026-06-08 03:00:56: ◇ injected env (0) from .env // tip: ⌘ custom filepath { path: '/custom/path/.env' }
2026-06-08 03:01:04: ◇ injected env (0) from .env // tip: ◈ secrets for agents [www.dotenvx.com]
2026-06-08 03:01:13: ◇ injected env (0) from .env // tip: ⌘ override existing { override: true }
2026-06-08 03:01:18: ◇ injected env (0) from .env // tip: ⌘ override existing { override: true }
2026-06-08 03:01:21: ◇ injected env (0) from .env // tip: ⌁ auth for agents [www.vestauth.com]
2026-06-08 03:01:24: ◇ injected env (0) from .env // tip: ⌁ auth for agents [www.vestauth.com]
2026-06-08 03:01:32: ◇ injected env (0) from .env // tip: ◈ secrets for agents [www.dotenvx.com]
2026-06-08 03:01:40: ◇ injected env (0) from .env // tip: ⌘ enable debugging { debug: true }
2026-06-08 03:01:48: ◇ injected env (0) from .env // tip: ◈ encrypted .env [www.dotenvx.com]
2026-06-08 03:01:55: ◇ injected env (0) from .env // tip: ⌘ override existing { override: true }
2026-06-08 03:02:02: ◇ injected env (0) from .env // tip: ◈ secrets for agents [www.dotenvx.com]
2026-06-08 03:02:09: ◇ injected env (0) from .env // tip: ⌘ custom filepath { path: '/custom/path/.env' }
2026-06-08 03:02:18: ◇ injected env (0) from .env // tip: ⌘ suppress logs { quiet: true }
2026-06-08 03:02:24: ◇ injected env (0) from .env // tip: ⌘ override existing { override: true }
2026-06-08 03:02:27: ◇ injected env (0) from .env // tip: ⌘ override existing { override: true }
2026-06-08 03:02:32: ◇ injected env (0) from .env // tip: ⌘ multiple files { path: ['.env.local', '.env'] }
2026-06-08 03:02:38: ◇ injected env (0) from .env // tip: ⌁ auth for agents [www.vestauth.com]
2026-06-08 03:02:45: ◇ injected env (0) from .env // tip: ⌘ suppress logs { quiet: true }
2026-06-08 03:02:48: ◇ injected env (0) from .env // tip: ⌘ multiple files { path: ['.env.local', '.env'] }
2026-06-08 03:02:54: ◇ injected env (0) from .env // tip: ⌘ enable debugging { debug: true }
2026-06-08 03:02:56: ◇ injected env (0) from .env // tip: ⌘ override existing { override: true }
2026-06-08 03:03:00: ◇ injected env (0) from .env // tip: ⌘ suppress logs { quiet: true }
2026-06-08 03:03:09: ◇ injected env (0) from .env // tip: ◈ encrypted .env [www.dotenvx.com]
2026-06-08 03:03:16: ◇ injected env (0) from .env // tip: ◈ encrypted .env [www.dotenvx.com]
2026-06-08 03:03:22: ◇ injected env (0) from .env // tip: ⌘ enable debugging { debug: true }
2026-06-08 03:03:24: ◇ injected env (0) from .env // tip: ⌘ multiple files { path: ['.env.local', '.env'] }
2026-06-08 03:03:29: ◇ injected env (0) from .env // tip: ◈ encrypted .env [www.dotenvx.com]
2026-06-08 03:03:34: ◇ injected env (0) from .env // tip: ⌘ multiple files { path: ['.env.local', '.env'] }
2026-06-08 03:03:40: ◇ injected env (0) from .env // tip: ⌘ override existing { override: true }
2026-06-08 03:03:42: ◇ injected env (0) from .env // tip: ⌘ multiple files { path: ['.env.local', '.env'] }
2026-06-08 03:03:45: ◇ injected env (0) from .env // tip: ◈ encrypted .env [www.dotenvx.com]
2026-06-08 03:03:52: ◇ injected env (0) from .env // tip: ⌘ enable debugging { debug: true }
2026-06-08 03:03:59: ◇ injected env (0) from .env // tip: ⌘ enable debugging { debug: true }
2026-06-08 03:04:08: ◇ injected env (0) from .env // tip: ⌘ custom filepath { path: '/custom/path/.env' }
2026-06-08 03:04:16: ◇ injected env (0) from .env // tip: ◈ secrets for agents [www.dotenvx.com]
2026-06-08 03:04:20: ◇ injected env (0) from .env // tip: ⌘ override existing { override: true }
2026-06-08 03:04:24: ◇ injected env (0) from .env // tip: ⌘ custom filepath { path: '/custom/path/.env' }
2026-06-08 03:04:31: ◇ injected env (0) from .env // tip: ⌘ enable debugging { debug: true }
2026-06-08 03:04:36: ◇ injected env (0) from .env // tip: ◈ encrypted .env [www.dotenvx.com]
2026-06-08 03:04:41: ◇ injected env (0) from .env // tip: ⌘ suppress logs { quiet: true }
2026-06-08 03:04:46: ◇ injected env (0) from .env // tip: ⌘ enable debugging { debug: true }
2026-06-08 03:04:49: ◇ injected env (0) from .env // tip: ⌘ suppress logs { quiet: true }
2026-06-08 03:04:53: ◇ injected env (0) from .env // tip: ⌘ custom filepath { path: '/custom/path/.env' }
2026-06-08 03:04:56: ◇ injected env (0) from .env // tip: ⌁ auth for agents [www.vestauth.com]
2026-06-08 03:05:01: ◇ injected env (0) from .env // tip: ⌘ custom filepath { path: '/custom/path/.env' }
2026-06-08 03:05:11: ◇ injected env (0) from .env // tip: ◈ secrets for agents [www.dotenvx.com]
2026-06-08 03:05:21: ◇ injected env (0) from .env // tip: ◈ secrets for agents [www.dotenvx.com]
2026-06-08 03:05:33: ◇ injected env (0) from .env // tip: ⌘ multiple files { path: ['.env.local', '.env'] }
2026-06-08 03:05:45: ◇ injected env (0) from .env // tip: ⌘ suppress logs { quiet: true }
2026-06-08 03:05:55: ◇ injected env (0) from .env // tip: ⌘ multiple files { path: ['.env.local', '.env'] }
2026-06-08 03:06:06: ◇ injected env (0) from .env // tip: ◈ secrets for agents [www.dotenvx.com]
2026-06-08 03:06:15: ◇ injected env (0) from .env // tip: ⌁ auth for agents [www.vestauth.com]
2026-06-08 03:06:23: ◇ injected env (0) from .env // tip: ⌘ custom filepath { path: '/custom/path/.env' }
2026-06-08 03:06:34: ◇ injected env (0) from .env // tip: ⌘ custom filepath { path: '/custom/path/.env' }
2026-06-08 03:06:45: ◇ injected env (0) from .env // tip: ◈ encrypted .env [www.dotenvx.com]
2026-06-08 03:06:54: ◇ injected env (0) from .env // tip: ◈ secrets for agents [www.dotenvx.com]
2026-06-08 03:07:04: ◇ injected env (0) from .env // tip: ⌁ auth for agents [www.vestauth.com]
2026-06-08 03:07:12: ◇ injected env (0) from .env // tip: ⌁ auth for agents [www.vestauth.com]
2026-06-08 03:07:20: ◇ injected env (0) from .env // tip: ⌘ enable debugging { debug: true }
2026-06-08 03:07:28: ◇ injected env (0) from .env // tip: ◈ encrypted .env [www.dotenvx.com]
2026-06-08 03:07:37: ◇ injected env (0) from .env // tip: ⌘ multiple files { path: ['.env.local', '.env'] }
2026-06-08 03:07:45: ◇ injected env (0) from .env // tip: ◈ encrypted .env [www.dotenvx.com]
2026-06-08 03:07:52: ◇ injected env (0) from .env // tip: ⌘ suppress logs { quiet: true }
2026-06-08 03:07:59: ◇ injected env (0) from .env // tip: ⌘ enable debugging { debug: true }
2026-06-08 03:08:06: ◇ injected env (0) from .env // tip: ⌘ suppress logs { quiet: true }
2026-06-08 03:08:14: ◇ injected env (0) from .env // tip: ⌁ auth for agents [www.vestauth.com]
2026-06-08 03:08:21: ◇ injected env (0) from .env // tip: ⌘ override existing { override: true }
2026-06-08 03:08:29: ◇ injected env (0) from .env // tip: ⌘ custom filepath { path: '/custom/path/.env' }
2026-06-08 03:08:37: ◇ injected env (0) from .env // tip: ⌘ custom filepath { path: '/custom/path/.env' }
2026-06-08 03:08:44: ◇ injected env (0) from .env // tip: ⌘ multiple files { path: ['.env.local', '.env'] }
2026-06-08 03:08:51: ◇ injected env (0) from .env // tip: ⌘ suppress logs { quiet: true }
2026-06-08 03:08:59: ◇ injected env (0) from .env // tip: ⌁ auth for agents [www.vestauth.com]
2026-06-08 03:09:04: ◇ injected env (0) from .env // tip: ⌘ enable debugging { debug: true }
2026-06-08 03:09:07: ◇ injected env (0) from .env // tip: ⌘ suppress logs { quiet: true }
2026-06-08 03:09:13: ◇ injected env (0) from .env // tip: ⌘ multiple files { path: ['.env.local', '.env'] }
2026-06-08 03:09:20: ◇ injected env (0) from .env // tip: ◈ secrets for agents [www.dotenvx.com]
2026-06-08 03:09:27: ◇ injected env (0) from .env // tip: ⌁ auth for agents [www.vestauth.com]
2026-06-08 03:09:37: ◇ injected env (0) from .env // tip: ◈ secrets for agents [www.dotenvx.com]
2026-06-08 03:09:43: ◇ injected env (0) from .env // tip: ◈ encrypted .env [www.dotenvx.com]
2026-06-08 03:09:50: ◇ injected env (0) from .env // tip: ⌘ enable debugging { debug: true }
2026-06-08 03:09:56: ◇ injected env (0) from .env // tip: ◈ encrypted .env [www.dotenvx.com]
2026-06-08 03:10:03: ◇ injected env (0) from .env // tip: ⌘ multiple files { path: ['.env.local', '.env'] }
2026-06-08 03:10:14: ◇ injected env (0) from .env // tip: ⌘ suppress logs { quiet: true }
2026-06-08 03:10:20: ◇ injected env (0) from .env // tip: ⌘ custom filepath { path: '/custom/path/.env' }
2026-06-08 03:10:30: ◇ injected env (0) from .env // tip: ⌘ enable debugging { debug: true }
2026-06-08 03:10:40: ◇ injected env (0) from .env // tip: ⌘ suppress logs { quiet: true }
2026-06-08 03:10:45: ◇ injected env (0) from .env // tip: ⌘ suppress logs { quiet: true }
2026-06-08 03:10:52: ◇ injected env (0) from .env // tip: ◈ secrets for agents [www.dotenvx.com]
2026-06-08 03:10:58: ◇ injected env (0) from .env // tip: ◈ secrets for agents [www.dotenvx.com]
2026-06-08 03:11:04: ◇ injected env (0) from .env // tip: ⌘ override existing { override: true }
2026-06-08 03:11:11: ◇ injected env (0) from .env // tip: ◈ encrypted .env [www.dotenvx.com]
2026-06-08 03:11:17: ◇ injected env (0) from .env // tip: ⌁ auth for agents [www.vestauth.com]
2026-06-08 03:11:25: ◇ injected env (0) from .env // tip: ⌘ override existing { override: true }
2026-06-08 03:11:33: ◇ injected env (0) from .env // tip: ⌁ auth for agents [www.vestauth.com]
2026-06-08 03:11:40: ◇ injected env (0) from .env // tip: ◈ secrets for agents [www.dotenvx.com]
2026-06-08 03:11:47: ◇ injected env (0) from .env // tip: ⌘ custom filepath { path: '/custom/path/.env' }
2026-06-08 03:11:54: ◇ injected env (0) from .env // tip: ⌘ suppress logs { quiet: true }
2026-06-08 03:12:01: ◇ injected env (0) from .env // tip: ⌁ auth for agents [www.vestauth.com]
2026-06-08 03:12:07: ◇ injected env (0) from .env // tip: ◈ encrypted .env [www.dotenvx.com]
2026-06-08 03:12:14: ◇ injected env (0) from .env // tip: ⌘ suppress logs { quiet: true }
2026-06-08 03:12:20: ◇ injected env (0) from .env // tip: ◈ secrets for agents [www.dotenvx.com]
2026-06-08 03:12:26: ◇ injected env (0) from .env // tip: ◈ encrypted .env [www.dotenvx.com]
2026-06-08 03:12:31: ◇ injected env (0) from .env // tip: ⌘ custom filepath { path: '/custom/path/.env' }
2026-06-08 03:12:37: ◇ injected env (0) from .env // tip: ⌘ custom filepath { path: '/custom/path/.env' }
2026-06-08 03:12:43: ◇ injected env (0) from .env // tip: ⌘ enable debugging { debug: true }
2026-06-08 03:12:49: ◇ injected env (0) from .env // tip: ◈ encrypted .env [www.dotenvx.com]
2026-06-08 03:12:54: ◇ injected env (0) from .env // tip: ⌘ suppress logs { quiet: true }
2026-06-08 03:13:00: ◇ injected env (0) from .env // tip: ⌘ multiple files { path: ['.env.local', '.env'] }
2026-06-08 03:13:05: ◇ injected env (0) from .env // tip: ⌘ enable debugging { debug: true }
2026-06-08 03:13:11: ◇ injected env (0) from .env // tip: ⌘ custom filepath { path: '/custom/path/.env' }
2026-06-08 03:13:17: ◇ injected env (0) from .env // tip: ◈ secrets for agents [www.dotenvx.com]
2026-06-08 03:13:22: ◇ injected env (0) from .env // tip: ⌘ override existing { override: true }
2026-06-08 03:13:28: ◇ injected env (0) from .env // tip: ⌘ override existing { override: true }
2026-06-08 03:13:34: ◇ injected env (0) from .env // tip: ◈ encrypted .env [www.dotenvx.com]
2026-06-08 03:13:42: ◇ injected env (0) from .env // tip: ⌘ custom filepath { path: '/custom/path/.env' }
2026-06-08 03:13:49: ◇ injected env (0) from .env // tip: ⌘ override existing { override: true }
2026-06-08 03:13:56: ◇ injected env (0) from .env // tip: ◈ encrypted .env [www.dotenvx.com]
2026-06-08 03:14:03: ◇ injected env (0) from .env // tip: ◈ secrets for agents [www.dotenvx.com]
2026-06-08 03:14:10: ◇ injected env (0) from .env // tip: ◈ encrypted .env [www.dotenvx.com]
2026-06-08 03:14:17: ◇ injected env (0) from .env // tip: ⌁ auth for agents [www.vestauth.com]
2026-06-08 03:14:24: ◇ injected env (0) from .env // tip: ⌘ suppress logs { quiet: true }
2026-06-08 03:14:31: ◇ injected env (0) from .env // tip: ⌘ suppress logs { quiet: true }
2026-06-08 03:14:38: ◇ injected env (0) from .env // tip: ⌘ override existing { override: true }
2026-06-08 03:14:46: ◇ injected env (0) from .env // tip: ⌘ override existing { override: true }
2026-06-08 03:14:53: ◇ injected env (0) from .env // tip: ⌘ enable debugging { debug: true }
2026-06-08 03:15:00: ◇ injected env (0) from .env // tip: ⌁ auth for agents [www.vestauth.com]
2026-06-08 03:15:07: ◇ injected env (0) from .env // tip: ◈ encrypted .env [www.dotenvx.com]
2026-06-08 03:15:13: ◇ injected env (0) from .env // tip: ⌘ multiple files { path: ['.env.local', '.env'] }
2026-06-08 03:15:20: ◇ injected env (0) from .env // tip: ⌘ suppress logs { quiet: true }
2026-06-08 03:15:26: ◇ injected env (0) from .env // tip: ⌘ enable debugging { debug: true }
2026-06-08 03:15:33: ◇ injected env (0) from .env // tip: ⌁ auth for agents [www.vestauth.com]
2026-06-08 03:15:39: ◇ injected env (0) from .env // tip: ⌘ custom filepath { path: '/custom/path/.env' }
2026-06-08 03:15:45: ◇ injected env (0) from .env // tip: ⌘ suppress logs { quiet: true }
2026-06-08 03:15:52: ◇ injected env (0) from .env // tip: ⌁ auth for agents [www.vestauth.com]
2026-06-08 03:15:58: ◇ injected env (0) from .env // tip: ◈ encrypted .env [www.dotenvx.com]
2026-06-08 03:16:07: ◇ injected env (0) from .env // tip: ⌘ custom filepath { path: '/custom/path/.env' }
2026-06-08 03:16:14: ◇ injected env (0) from .env // tip: ◈ secrets for agents [www.dotenvx.com]
2026-06-08 03:16:20: ◇ injected env (0) from .env // tip: ◈ encrypted .env [www.dotenvx.com]
2026-06-08 03:16:27: ◇ injected env (0) from .env // tip: ⌘ enable debugging { debug: true }
2026-06-08 03:16:34: ◇ injected env (0) from .env // tip: ⌘ custom filepath { path: '/custom/path/.env' }
2026-06-08 03:16:41: ◇ injected env (0) from .env // tip: ⌘ suppress logs { quiet: true }
2026-06-08 03:16:47: ◇ injected env (0) from .env // tip: ⌘ enable debugging { debug: true }
2026-06-08 03:16:53: ◇ injected env (0) from .env // tip: ⌘ custom filepath { path: '/custom/path/.env' }
2026-06-08 03:17:00: ◇ injected env (0) from .env // tip: ◈ encrypted .env [www.dotenvx.com]
2026-06-08 03:17:07: ◇ injected env (0) from .env // tip: ⌘ override existing { override: true }
2026-06-08 03:17:15: ◇ injected env (0) from .env // tip: ⌘ enable debugging { debug: true }
2026-06-08 03:17:22: ◇ injected env (0) from .env // tip: ⌘ custom filepath { path: '/custom/path/.env' }
2026-06-08 03:17:28: ◇ injected env (0) from .env // tip: ⌘ multiple files { path: ['.env.local', '.env'] }
2026-06-08 03:17:35: ◇ injected env (0) from .env // tip: ⌘ suppress logs { quiet: true }
2026-06-08 03:17:42: ◇ injected env (0) from .env // tip: ⌘ enable debugging { debug: true }
2026-06-08 03:17:49: ◇ injected env (0) from .env // tip: ⌘ custom filepath { path: '/custom/path/.env' }
2026-06-08 03:17:55: ◇ injected env (0) from .env // tip: ⌘ custom filepath { path: '/custom/path/.env' }
2026-06-08 03:18:02: ◇ injected env (0) from .env // tip: ◈ encrypted .env [www.dotenvx.com]
2026-06-08 03:18:08: ◇ injected env (0) from .env // tip: ◈ secrets for agents [www.dotenvx.com]
2026-06-08 03:18:15: ◇ injected env (0) from .env // tip: ⌘ enable debugging { debug: true }
2026-06-08 03:18:22: ◇ injected env (0) from .env // tip: ⌘ custom filepath { path: '/custom/path/.env' }
2026-06-08 03:18:28: ◇ injected env (0) from .env // tip: ⌘ enable debugging { debug: true }
2026-06-08 03:18:34: ◇ injected env (0) from .env // tip: ⌘ override existing { override: true }
2026-06-08 03:18:40: ◇ injected env (0) from .env // tip: ⌁ auth for agents [www.vestauth.com]
2026-06-08 03:18:46: ◇ injected env (0) from .env // tip: ◈ encrypted .env [www.dotenvx.com]
2026-06-08 03:18:54: ◇ injected env (0) from .env // tip: ⌘ multiple files { path: ['.env.local', '.env'] }
2026-06-08 03:19:01: ◇ injected env (0) from .env // tip: ◈ secrets for agents [www.dotenvx.com]
2026-06-08 03:19:08: ◇ injected env (0) from .env // tip: ◈ secrets for agents [www.dotenvx.com]
2026-06-08 03:19:15: ◇ injected env (0) from .env // tip: ⌁ auth for agents [www.vestauth.com]
2026-06-08 03:19:22: ◇ injected env (0) from .env // tip: ⌁ auth for agents [www.vestauth.com]
2026-06-08 03:19:28: ◇ injected env (0) from .env // tip: ⌘ suppress logs { quiet: true }
2026-06-08 03:19:35: ◇ injected env (0) from .env // tip: ⌘ multiple files { path: ['.env.local', '.env'] }
2026-06-08 03:19:41: ◇ injected env (0) from .env // tip: ⌁ auth for agents [www.vestauth.com]
2026-06-08 03:19:47: ◇ injected env (0) from .env // tip: ⌘ multiple files { path: ['.env.local', '.env'] }
2026-06-08 03:19:54: ◇ injected env (0) from .env // tip: ◈ encrypted .env [www.dotenvx.com]
2026-06-08 03:20:00: ◇ injected env (0) from .env // tip: ⌘ enable debugging { debug: true }
2026-06-08 03:20:07: ◇ injected env (0) from .env // tip: ⌘ multiple files { path: ['.env.local', '.env'] }
2026-06-08 03:20:14: ◇ injected env (0) from .env // tip: ⌘ override existing { override: true }
2026-06-08 03:20:21: ◇ injected env (0) from .env // tip: ⌘ multiple files { path: ['.env.local', '.env'] }
2026-06-08 03:20:28: ◇ injected env (0) from .env // tip: ⌁ auth for agents [www.vestauth.com]
2026-06-08 03:20:35: ◇ injected env (0) from .env // tip: ⌘ custom filepath { path: '/custom/path/.env' }
2026-06-08 03:20:42: ◇ injected env (0) from .env // tip: ⌘ custom filepath { path: '/custom/path/.env' }
2026-06-08 03:20:48: ◇ injected env (0) from .env // tip: ⌁ auth for agents [www.vestauth.com]
2026-06-08 03:20:55: ◇ injected env (0) from .env // tip: ◈ secrets for agents [www.dotenvx.com]
2026-06-08 03:21:01: ◇ injected env (0) from .env // tip: ⌘ override existing { override: true }
2026-06-08 03:21:08: ◇ injected env (0) from .env // tip: ⌘ override existing { override: true }
2026-06-08 03:21:14: ◇ injected env (0) from .env // tip: ⌘ override existing { override: true }
2026-06-08 03:21:20: ◇ injected env (0) from .env // tip: ◈ encrypted .env [www.dotenvx.com]
2026-06-08 03:21:27: ◇ injected env (0) from .env // tip: ⌘ override existing { override: true }
2026-06-08 03:21:33: ◇ injected env (0) from .env // tip: ◈ encrypted .env [www.dotenvx.com]
2026-06-08 03:21:41: ◇ injected env (0) from .env // tip: ⌘ suppress logs { quiet: true }
2026-06-08 03:21:47: ◇ injected env (0) from .env // tip: ⌘ custom filepath { path: '/custom/path/.env' }
2026-06-08 03:21:54: ◇ injected env (0) from .env // tip: ⌘ custom filepath { path: '/custom/path/.env' }
2026-06-08 03:22:01: ◇ injected env (0) from .env // tip: ◈ encrypted .env [www.dotenvx.com]
2026-06-08 03:22:08: ◇ injected env (0) from .env // tip: ⌘ custom filepath { path: '/custom/path/.env' }
2026-06-08 03:22:14: ◇ injected env (0) from .env // tip: ⌘ override existing { override: true }
2026-06-08 03:22:21: ◇ injected env (0) from .env // tip: ⌘ custom filepath { path: '/custom/path/.env' }
2026-06-08 03:22:28: ◇ injected env (0) from .env // tip: ⌁ auth for agents [www.vestauth.com]
2026-06-08 03:22:34: ◇ injected env (0) from .env // tip: ⌘ override existing { override: true }
2026-06-08 03:22:41: ◇ injected env (0) from .env // tip: ⌘ override existing { override: true }
2026-06-08 03:22:48: ◇ injected env (0) from .env // tip: ⌘ enable debugging { debug: true }
2026-06-08 03:22:54: ◇ injected env (0) from .env // tip: ⌘ multiple files { path: ['.env.local', '.env'] }
2026-06-08 03:23:00: ◇ injected env (0) from .env // tip: ⌘ suppress logs { quiet: true }
2026-06-08 03:23:06: ◇ injected env (0) from .env // tip: ◈ encrypted .env [www.dotenvx.com]
2026-06-08 03:23:12: ◇ injected env (0) from .env // tip: ◈ encrypted .env [www.dotenvx.com]
2026-06-08 03:23:18: ◇ injected env (0) from .env // tip: ⌁ auth for agents [www.vestauth.com]
2026-06-08 03:23:24: ◇ injected env (0) from .env // tip: ⌘ multiple files { path: ['.env.local', '.env'] }
2026-06-08 03:23:30: ◇ injected env (0) from .env // tip: ⌘ enable debugging { debug: true }
2026-06-08 03:23:36: ◇ injected env (0) from .env // tip: ⌘ override existing { override: true }
2026-06-08 03:23:43: ◇ injected env (0) from .env // tip: ⌁ auth for agents [www.vestauth.com]
2026-06-08 03:23:49: ◇ injected env (0) from .env // tip: ◈ secrets for agents [www.dotenvx.com]
2026-06-08 03:23:56: ◇ injected env (0) from .env // tip: ⌘ multiple files { path: ['.env.local', '.env'] }
2026-06-08 03:24:04: ◇ injected env (0) from .env // tip: ⌘ enable debugging { debug: true }
2026-06-08 03:24:10: ◇ injected env (0) from .env // tip: ⌘ override existing { override: true }
2026-06-08 03:24:14: ◇ injected env (0) from .env // tip: ⌁ auth for agents [www.vestauth.com]
2026-06-08 03:24:22: ◇ injected env (0) from .env // tip: ◈ encrypted .env [www.dotenvx.com]
2026-06-08 03:24:29: ◇ injected env (0) from .env // tip: ⌘ override existing { override: true }
2026-06-08 03:24:33: ◇ injected env (0) from .env // tip: ⌘ suppress logs { quiet: true }
2026-06-08 03:24:41: ◇ injected env (0) from .env // tip: ⌘ enable debugging { debug: true }
2026-06-08 03:24:50: ◇ injected env (0) from .env // tip: ⌘ custom filepath { path: '/custom/path/.env' }
2026-06-08 03:24:59: ◇ injected env (0) from .env // tip: ⌁ auth for agents [www.vestauth.com]
2026-06-08 03:25:11: ◇ injected env (0) from .env // tip: ◈ secrets for agents [www.dotenvx.com]
2026-06-08 03:25:20: ◇ injected env (0) from .env // tip: ◈ encrypted .env [www.dotenvx.com]
2026-06-08 03:25:28: ◇ injected env (0) from .env // tip: ⌘ multiple files { path: ['.env.local', '.env'] }
2026-06-08 03:25:35: ◇ injected env (0) from .env // tip: ⌘ override existing { override: true }
2026-06-08 03:25:41: ◇ injected env (0) from .env // tip: ⌁ auth for agents [www.vestauth.com]
2026-06-08 03:25:52: ◇ injected env (0) from .env // tip: ◈ encrypted .env [www.dotenvx.com]
2026-06-08 03:26:01: ◇ injected env (0) from .env // tip: ⌘ enable debugging { debug: true }
2026-06-08 03:26:10: ◇ injected env (0) from .env // tip: ⌘ enable debugging { debug: true }
2026-06-08 03:26:18: ◇ injected env (0) from .env // tip: ◈ secrets for agents [www.dotenvx.com]
2026-06-08 03:26:27: ◇ injected env (0) from .env // tip: ⌘ override existing { override: true }
2026-06-08 03:26:36: ◇ injected env (0) from .env // tip: ⌁ auth for agents [www.vestauth.com]
2026-06-08 03:26:43: ◇ injected env (0) from .env // tip: ⌘ override existing { override: true }
2026-06-08 03:26:52: ◇ injected env (0) from .env // tip: ⌘ custom filepath { path: '/custom/path/.env' }
2026-06-08 03:26:58: ◇ injected env (0) from .env // tip: ⌘ override existing { override: true }
2026-06-08 03:27:02: ◇ injected env (0) from .env // tip: ⌘ suppress logs { quiet: true }
2026-06-08 03:27:10: ◇ injected env (0) from .env // tip: ⌘ multiple files { path: ['.env.local', '.env'] }
2026-06-08 03:27:18: ◇ injected env (0) from .env // tip: ◈ encrypted .env [www.dotenvx.com]
2026-06-08 03:27:24: ◇ injected env (0) from .env // tip: ⌘ enable debugging { debug: true }
2026-06-08 03:27:28: ◇ injected env (0) from .env // tip: ⌘ suppress logs { quiet: true }
2026-06-08 03:27:38: ◇ injected env (0) from .env // tip: ⌘ suppress logs { quiet: true }
2026-06-08 03:27:47: ◇ injected env (0) from .env // tip: ◈ encrypted .env [www.dotenvx.com]
2026-06-08 03:27:55: ◇ injected env (0) from .env // tip: ⌘ multiple files { path: ['.env.local', '.env'] }
2026-06-08 03:28:05: ◇ injected env (0) from .env // tip: ⌘ multiple files { path: ['.env.local', '.env'] }
2026-06-08 03:28:15: ◇ injected env (0) from .env // tip: ⌘ override existing { override: true }
2026-06-08 03:28:25: ◇ injected env (0) from .env // tip: ⌘ override existing { override: true }
2026-06-08 03:28:37: ◇ injected env (0) from .env // tip: ⌘ custom filepath { path: '/custom/path/.env' }
2026-06-08 03:28:48: ◇ injected env (0) from .env // tip: ⌁ auth for agents [www.vestauth.com]
2026-06-08 03:28:59: ◇ injected env (0) from .env // tip: ⌘ override existing { override: true }
2026-06-08 03:29:09: ◇ injected env (0) from .env // tip: ⌘ enable debugging { debug: true }
2026-06-08 03:29:20: ◇ injected env (0) from .env // tip: ⌘ custom filepath { path: '/custom/path/.env' }
2026-06-08 03:29:29: ◇ injected env (0) from .env // tip: ⌘ enable debugging { debug: true }
2026-06-08 03:29:41: ◇ injected env (0) from .env // tip: ⌘ enable debugging { debug: true }
2026-06-08 03:29:52: ◇ injected env (0) from .env // tip: ⌘ enable debugging { debug: true }
2026-06-08 03:30:04: ◇ injected env (0) from .env // tip: ◈ secrets for agents [www.dotenvx.com]
2026-06-08 03:30:14: ◇ injected env (0) from .env // tip: ⌘ multiple files { path: ['.env.local', '.env'] }
2026-06-08 03:30:23: ◇ injected env (0) from .env // tip: ⌘ enable debugging { debug: true }
2026-06-08 03:30:33: ◇ injected env (0) from .env // tip: ⌘ multiple files { path: ['.env.local', '.env'] }
2026-06-08 03:30:44: ◇ injected env (0) from .env // tip: ⌘ custom filepath { path: '/custom/path/.env' }
2026-06-08 03:30:56: ◇ injected env (0) from .env // tip: ⌘ suppress logs { quiet: true }
2026-06-08 03:31:07: ◇ injected env (0) from .env // tip: ⌘ enable debugging { debug: true }
2026-06-08 03:31:19: ◇ injected env (0) from .env // tip: ⌘ override existing { override: true }
2026-06-08 03:31:30: ◇ injected env (0) from .env // tip: ⌁ auth for agents [www.vestauth.com]
2026-06-08 03:31:39: ◇ injected env (0) from .env // tip: ◈ secrets for agents [www.dotenvx.com]
2026-06-08 03:31:51: ◇ injected env (0) from .env // tip: ⌘ suppress logs { quiet: true }
2026-06-08 03:32:00: ◇ injected env (0) from .env // tip: ⌘ suppress logs { quiet: true }
2026-06-08 03:32:09: ◇ injected env (0) from .env // tip: ⌘ override existing { override: true }
2026-06-08 03:32:19: ◇ injected env (0) from .env // tip: ⌘ suppress logs { quiet: true }
2026-06-08 03:32:27: ◇ injected env (0) from .env // tip: ⌘ override existing { override: true }
2026-06-08 03:32:35: ◇ injected env (0) from .env // tip: ⌁ auth for agents [www.vestauth.com]
2026-06-08 03:32:43: ◇ injected env (0) from .env // tip: ◈ encrypted .env [www.dotenvx.com]
2026-06-08 03:32:50: ◇ injected env (0) from .env // tip: ⌁ auth for agents [www.vestauth.com]
2026-06-08 03:32:59: ◇ injected env (0) from .env // tip: ⌘ enable debugging { debug: true }
2026-06-08 03:33:05: ◇ injected env (0) from .env // tip: ◈ encrypted .env [www.dotenvx.com]
2026-06-08 03:33:13: ◇ injected env (0) from .env // tip: ⌁ auth for agents [www.vestauth.com]
2026-06-08 03:33:22: ◇ injected env (0) from .env // tip: ⌘ enable debugging { debug: true }
2026-06-08 03:33:28: ◇ injected env (0) from .env // tip: ⌘ override existing { override: true }
2026-06-08 03:33:36: ◇ injected env (0) from .env // tip: ⌘ enable debugging { debug: true }
2026-06-08 03:33:44: ◇ injected env (0) from .env // tip: ⌘ enable debugging { debug: true }
2026-06-08 03:33:50: ◇ injected env (0) from .env // tip: ⌁ auth for agents [www.vestauth.com]
2026-06-08 03:33:58: ◇ injected env (0) from .env // tip: ⌘ suppress logs { quiet: true }
2026-06-08 03:34:06: ◇ injected env (0) from .env // tip: ⌘ custom filepath { path: '/custom/path/.env' }
2026-06-08 03:34:15: ◇ injected env (0) from .env // tip: ◈ secrets for agents [www.dotenvx.com]
2026-06-08 03:34:21: ◇ injected env (0) from .env // tip: ⌘ enable debugging { debug: true }
2026-06-08 03:34:28: ◇ injected env (0) from .env // tip: ◈ secrets for agents [www.dotenvx.com]
2026-06-08 03:34:37: ◇ injected env (0) from .env // tip: ⌘ multiple files { path: ['.env.local', '.env'] }
2026-06-08 03:34:41: ◇ injected env (0) from .env // tip: ◈ secrets for agents [www.dotenvx.com]
2026-06-08 03:34:46: ◇ injected env (0) from .env // tip: ⌘ override existing { override: true }
2026-06-08 03:34:54: ◇ injected env (0) from .env // tip: ⌘ multiple files { path: ['.env.local', '.env'] }
2026-06-08 03:35:00: ◇ injected env (0) from .env // tip: ⌘ override existing { override: true }
2026-06-08 03:35:08: ◇ injected env (0) from .env // tip: ⌘ custom filepath { path: '/custom/path/.env' }
2026-06-08 03:35:15: ◇ injected env (0) from .env // tip: ◈ encrypted .env [www.dotenvx.com]
2026-06-08 03:35:20: ◇ injected env (0) from .env // tip: ⌁ auth for agents [www.vestauth.com]
2026-06-08 03:35:26: ◇ injected env (0) from .env // tip: ⌁ auth for agents [www.vestauth.com]
2026-06-08 03:35:33: ◇ injected env (0) from .env // tip: ◈ secrets for agents [www.dotenvx.com]
2026-06-08 03:35:41: ◇ injected env (0) from .env // tip: ◈ encrypted .env [www.dotenvx.com]
2026-06-08 03:35:49: ◇ injected env (0) from .env // tip: ⌘ multiple files { path: ['.env.local', '.env'] }
2026-06-08 03:35:58: ◇ injected env (0) from .env // tip: ⌘ enable debugging { debug: true }
2026-06-08 03:36:05: ◇ injected env (0) from .env // tip: ⌘ custom filepath { path: '/custom/path/.env' }
2026-06-08 03:36:13: ◇ injected env (0) from .env // tip: ⌁ auth for agents [www.vestauth.com]
2026-06-08 03:36:21: ◇ injected env (0) from .env // tip: ⌘ enable debugging { debug: true }
2026-06-08 03:36:29: ◇ injected env (0) from .env // tip: ⌘ suppress logs { quiet: true }
2026-06-08 03:36:37: ◇ injected env (0) from .env // tip: ⌘ enable debugging { debug: true }
2026-06-08 03:36:46: ◇ injected env (0) from .env // tip: ⌘ override existing { override: true }
2026-06-08 03:36:53: ◇ injected env (0) from .env // tip: ⌘ override existing { override: true }
2026-06-08 03:37:01: ◇ injected env (0) from .env // tip: ⌘ enable debugging { debug: true }
2026-06-08 03:37:08: ◇ injected env (0) from .env // tip: ⌘ suppress logs { quiet: true }
2026-06-08 03:37:15: ◇ injected env (0) from .env // tip: ⌘ multiple files { path: ['.env.local', '.env'] }
2026-06-08 03:37:19: ◇ injected env (0) from .env // tip: ⌘ suppress logs { quiet: true }
2026-06-08 03:37:25: ◇ injected env (0) from .env // tip: ◈ encrypted .env [www.dotenvx.com]
2026-06-08 03:37:33: ◇ injected env (0) from .env // tip: ⌘ multiple files { path: ['.env.local', '.env'] }
2026-06-08 03:37:39: ◇ injected env (0) from .env // tip: ⌘ override existing { override: true }
2026-06-08 03:37:46: ◇ injected env (0) from .env // tip: ⌘ enable debugging { debug: true }
2026-06-08 03:37:51: ◇ injected env (0) from .env // tip: ⌘ enable debugging { debug: true }
2026-06-08 03:37:56: ◇ injected env (0) from .env // tip: ◈ encrypted .env [www.dotenvx.com]
2026-06-08 03:38:04: ◇ injected env (0) from .env // tip: ◈ secrets for agents [www.dotenvx.com]
2026-06-08 03:38:11: ◇ injected env (0) from .env // tip: ◈ encrypted .env [www.dotenvx.com]
2026-06-08 03:38:19: ◇ injected env (0) from .env // tip: ⌘ override existing { override: true }
2026-06-08 03:38:24: ◇ injected env (0) from .env // tip: ⌘ custom filepath { path: '/custom/path/.env' }
2026-06-08 03:38:29: ◇ injected env (0) from .env // tip: ◈ encrypted .env [www.dotenvx.com]
2026-06-08 03:38:35: ◇ injected env (0) from .env // tip: ◈ encrypted .env [www.dotenvx.com]
2026-06-08 03:38:43: ◇ injected env (0) from .env // tip: ◈ encrypted .env [www.dotenvx.com]
2026-06-08 03:38:50: ◇ injected env (0) from .env // tip: ⌘ multiple files { path: ['.env.local', '.env'] }
2026-06-08 03:38:57: ◇ injected env (0) from .env // tip: ◈ encrypted .env [www.dotenvx.com]
2026-06-08 03:39:02: ◇ injected env (0) from .env // tip: ⌘ suppress logs { quiet: true }
2026-06-08 03:39:07: ◇ injected env (0) from .env // tip: ◈ encrypted .env [www.dotenvx.com]
2026-06-08 03:39:14: ◇ injected env (0) from .env // tip: ⌁ auth for agents [www.vestauth.com]
2026-06-08 03:39:21: ◇ injected env (0) from .env // tip: ⌘ override existing { override: true }
2026-06-08 03:39:28: ◇ injected env (0) from .env // tip: ⌘ multiple files { path: ['.env.local', '.env'] }
2026-06-08 03:39:35: ◇ injected env (0) from .env // tip: ◈ secrets for agents [www.dotenvx.com]
2026-06-08 03:39:43: ◇ injected env (0) from .env // tip: ◈ encrypted .env [www.dotenvx.com]
2026-06-08 03:39:52: ◇ injected env (0) from .env // tip: ⌘ override existing { override: true }
2026-06-08 03:40:01: ◇ injected env (0) from .env // tip: ⌘ enable debugging { debug: true }
2026-06-08 03:40:11: ◇ injected env (0) from .env // tip: ◈ secrets for agents [www.dotenvx.com]
2026-06-08 03:40:20: ◇ injected env (0) from .env // tip: ⌘ override existing { override: true }
2026-06-08 03:40:29: ◇ injected env (0) from .env // tip: ⌁ auth for agents [www.vestauth.com]
2026-06-08 03:40:38: ◇ injected env (0) from .env // tip: ⌘ multiple files { path: ['.env.local', '.env'] }
2026-06-08 03:40:47: ◇ injected env (0) from .env // tip: ⌁ auth for agents [www.vestauth.com]
2026-06-08 03:40:55: ◇ injected env (0) from .env // tip: ⌘ override existing { override: true }
2026-06-08 03:41:04: ◇ injected env (0) from .env // tip: ⌘ override existing { override: true }
2026-06-08 03:41:12: ◇ injected env (0) from .env // tip: ⌘ suppress logs { quiet: true }
2026-06-08 03:41:21: ◇ injected env (0) from .env // tip: ◈ secrets for agents [www.dotenvx.com]
2026-06-08 03:41:28: ◇ injected env (0) from .env // tip: ⌘ override existing { override: true }
2026-06-08 03:41:37: ◇ injected env (0) from .env // tip: ⌘ custom filepath { path: '/custom/path/.env' }
2026-06-08 03:41:44: ◇ injected env (0) from .env // tip: ⌘ suppress logs { quiet: true }
2026-06-08 03:41:52: ◇ injected env (0) from .env // tip: ⌘ suppress logs { quiet: true }
2026-06-08 03:42:00: ◇ injected env (0) from .env // tip: ⌘ custom filepath { path: '/custom/path/.env' }
2026-06-08 03:42:07: ◇ injected env (0) from .env // tip: ⌘ enable debugging { debug: true }
2026-06-08 03:42:14: ◇ injected env (0) from .env // tip: ⌘ multiple files { path: ['.env.local', '.env'] }
2026-06-08 03:42:21: ◇ injected env (0) from .env // tip: ⌘ override existing { override: true }
2026-06-08 03:42:27: ◇ injected env (0) from .env // tip: ⌘ custom filepath { path: '/custom/path/.env' }
2026-06-08 03:42:34: ◇ injected env (0) from .env // tip: ⌘ enable debugging { debug: true }
2026-06-08 03:42:41: ◇ injected env (0) from .env // tip: ⌘ custom filepath { path: '/custom/path/.env' }
2026-06-08 03:42:47: ◇ injected env (0) from .env // tip: ⌁ auth for agents [www.vestauth.com]
2026-06-08 03:42:53: ◇ injected env (0) from .env // tip: ⌁ auth for agents [www.vestauth.com]
2026-06-08 03:43:00: ◇ injected env (0) from .env // tip: ⌘ enable debugging { debug: true }
2026-06-08 03:43:07: ◇ injected env (0) from .env // tip: ◈ encrypted .env [www.dotenvx.com]
2026-06-08 03:43:13: ◇ injected env (0) from .env // tip: ⌘ override existing { override: true }
2026-06-08 03:43:20: ◇ injected env (0) from .env // tip: ⌁ auth for agents [www.vestauth.com]
2026-06-08 03:43:27: ◇ injected env (0) from .env // tip: ⌘ enable debugging { debug: true }
2026-06-08 03:43:34: ◇ injected env (0) from .env // tip: ◈ secrets for agents [www.dotenvx.com]
2026-06-08 03:43:41: ◇ injected env (0) from .env // tip: ◈ encrypted .env [www.dotenvx.com]
2026-06-08 03:43:47: ◇ injected env (0) from .env // tip: ⌘ override existing { override: true }
2026-06-08 03:43:54: ◇ injected env (0) from .env // tip: ◈ encrypted .env [www.dotenvx.com]
2026-06-08 03:44:00: ◇ injected env (0) from .env // tip: ⌘ multiple files { path: ['.env.local', '.env'] }
2026-06-08 03:44:06: ◇ injected env (0) from .env // tip: ⌁ auth for agents [www.vestauth.com]
2026-06-08 03:44:13: ◇ injected env (0) from .env // tip: ⌘ enable debugging { debug: true }
2026-06-08 03:44:20: ◇ injected env (0) from .env // tip: ⌘ suppress logs { quiet: true }
2026-06-08 03:44:26: ◇ injected env (0) from .env // tip: ◈ secrets for agents [www.dotenvx.com]
2026-06-08 03:44:32: ◇ injected env (0) from .env // tip: ⌘ custom filepath { path: '/custom/path/.env' }
2026-06-08 03:44:39: ◇ injected env (0) from .env // tip: ◈ secrets for agents [www.dotenvx.com]
2026-06-08 03:44:46: ◇ injected env (0) from .env // tip: ⌘ custom filepath { path: '/custom/path/.env' }
2026-06-08 03:44:53: ◇ injected env (0) from .env // tip: ⌁ auth for agents [www.vestauth.com]
2026-06-08 03:44:59: ◇ injected env (0) from .env // tip: ⌘ custom filepath { path: '/custom/path/.env' }
2026-06-08 03:45:05: ◇ injected env (0) from .env // tip: ◈ secrets for agents [www.dotenvx.com]
2026-06-08 03:45:12: ◇ injected env (0) from .env // tip: ◈ encrypted .env [www.dotenvx.com]
2026-06-08 03:45:19: ◇ injected env (0) from .env // tip: ◈ secrets for agents [www.dotenvx.com]
2026-06-08 03:45:25: ◇ injected env (0) from .env // tip: ⌘ enable debugging { debug: true }
2026-06-08 03:45:32: ◇ injected env (0) from .env // tip: ⌘ enable debugging { debug: true }
2026-06-08 03:45:39: ◇ injected env (0) from .env // tip: ⌘ suppress logs { quiet: true }
2026-06-08 03:45:46: ◇ injected env (0) from .env // tip: ⌁ auth for agents [www.vestauth.com]
2026-06-08 03:45:52: ◇ injected env (0) from .env // tip: ⌘ suppress logs { quiet: true }
2026-06-08 03:45:59: ◇ injected env (0) from .env // tip: ⌘ enable debugging { debug: true }
2026-06-08 03:46:06: ◇ injected env (0) from .env // tip: ⌘ override existing { override: true }
2026-06-08 03:46:12: ◇ injected env (0) from .env // tip: ⌘ custom filepath { path: '/custom/path/.env' }
2026-06-08 03:46:19: ◇ injected env (0) from .env // tip: ⌘ suppress logs { quiet: true }
2026-06-08 03:46:26: ◇ injected env (0) from .env // tip: ⌘ suppress logs { quiet: true }
2026-06-08 03:46:33: ◇ injected env (0) from .env // tip: ◈ secrets for agents [www.dotenvx.com]
2026-06-08 03:46:40: ◇ injected env (0) from .env // tip: ⌘ suppress logs { quiet: true }
2026-06-08 03:46:47: ◇ injected env (0) from .env // tip: ◈ secrets for agents [www.dotenvx.com]
2026-06-08 03:46:53: ◇ injected env (0) from .env // tip: ⌘ custom filepath { path: '/custom/path/.env' }
2026-06-08 03:46:59: ◇ injected env (0) from .env // tip: ⌘ suppress logs { quiet: true }
2026-06-08 03:47:06: ◇ injected env (0) from .env // tip: ⌘ override existing { override: true }
2026-06-08 03:47:13: ◇ injected env (0) from .env // tip: ⌁ auth for agents [www.vestauth.com]
2026-06-08 03:47:19: ◇ injected env (0) from .env // tip: ⌁ auth for agents [www.vestauth.com]
2026-06-08 03:47:26: ◇ injected env (0) from .env // tip: ⌘ enable debugging { debug: true }
2026-06-08 03:47:32: ◇ injected env (0) from .env // tip: ⌘ custom filepath { path: '/custom/path/.env' }
2026-06-08 03:47:39: ◇ injected env (0) from .env // tip: ⌘ multiple files { path: ['.env.local', '.env'] }
2026-06-08 03:47:45: ◇ injected env (0) from .env // tip: ⌘ enable debugging { debug: true }
2026-06-08 03:47:52: ◇ injected env (0) from .env // tip: ⌘ override existing { override: true }
2026-06-08 03:47:58: ◇ injected env (0) from .env // tip: ⌘ custom filepath { path: '/custom/path/.env' }
2026-06-08 03:48:04: ◇ injected env (0) from .env // tip: ◈ encrypted .env [www.dotenvx.com]
2026-06-08 03:48:11: ◇ injected env (0) from .env // tip: ◈ encrypted .env [www.dotenvx.com]
2026-06-08 03:48:18: ◇ injected env (0) from .env // tip: ⌘ custom filepath { path: '/custom/path/.env' }
2026-06-08 03:48:24: ◇ injected env (0) from .env // tip: ⌘ suppress logs { quiet: true }
2026-06-08 03:48:31: ◇ injected env (0) from .env // tip: ⌘ override existing { override: true }
2026-06-08 03:48:37: ◇ injected env (0) from .env // tip: ◈ secrets for agents [www.dotenvx.com]
2026-06-08 03:48:44: ◇ injected env (0) from .env // tip: ◈ encrypted .env [www.dotenvx.com]
2026-06-08 03:48:50: ◇ injected env (0) from .env // tip: ⌘ override existing { override: true }
2026-06-08 03:48:57: ◇ injected env (0) from .env // tip: ◈ secrets for agents [www.dotenvx.com]
2026-06-08 03:49:03: ◇ injected env (0) from .env // tip: ⌘ override existing { override: true }
2026-06-08 03:49:10: ◇ injected env (0) from .env // tip: ◈ secrets for agents [www.dotenvx.com]
2026-06-08 03:49:16: ◇ injected env (0) from .env // tip: ◈ secrets for agents [www.dotenvx.com]
2026-06-08 03:49:23: ◇ injected env (0) from .env // tip: ◈ encrypted .env [www.dotenvx.com]
2026-06-08 03:49:29: ◇ injected env (0) from .env // tip: ⌁ auth for agents [www.vestauth.com]
2026-06-08 03:49:35: ◇ injected env (0) from .env // tip: ⌘ multiple files { path: ['.env.local', '.env'] }
2026-06-08 03:49:42: ◇ injected env (0) from .env // tip: ⌘ override existing { override: true }
2026-06-08 03:49:49: ◇ injected env (0) from .env // tip: ⌘ override existing { override: true }
2026-06-08 03:49:56: ◇ injected env (0) from .env // tip: ⌘ multiple files { path: ['.env.local', '.env'] }
2026-06-08 03:50:03: ◇ injected env (0) from .env // tip: ⌘ enable debugging { debug: true }
2026-06-08 03:50:10: ◇ injected env (0) from .env // tip: ⌘ custom filepath { path: '/custom/path/.env' }
2026-06-08 03:50:17: ◇ injected env (0) from .env // tip: ⌘ suppress logs { quiet: true }
2026-06-08 03:50:23: ◇ injected env (0) from .env // tip: ⌘ custom filepath { path: '/custom/path/.env' }
2026-06-08 03:50:30: ◇ injected env (0) from .env // tip: ⌘ enable debugging { debug: true }
2026-06-08 03:50:37: ◇ injected env (0) from .env // tip: ⌘ override existing { override: true }
2026-06-08 03:50:44: ◇ injected env (0) from .env // tip: ⌘ custom filepath { path: '/custom/path/.env' }
2026-06-08 03:50:50: ◇ injected env (0) from .env // tip: ◈ secrets for agents [www.dotenvx.com]
2026-06-08 03:50:57: ◇ injected env (0) from .env // tip: ◈ encrypted .env [www.dotenvx.com]
2026-06-08 03:51:04: ◇ injected env (0) from .env // tip: ◈ encrypted .env [www.dotenvx.com]
2026-06-08 03:51:11: ◇ injected env (0) from .env // tip: ⌁ auth for agents [www.vestauth.com]
2026-06-08 03:51:17: ◇ injected env (0) from .env // tip: ⌘ override existing { override: true }
2026-06-08 03:51:24: ◇ injected env (0) from .env // tip: ⌘ override existing { override: true }
2026-06-08 03:51:30: ◇ injected env (0) from .env // tip: ⌘ multiple files { path: ['.env.local', '.env'] }
2026-06-08 03:51:36: ◇ injected env (0) from .env // tip: ◈ encrypted .env [www.dotenvx.com]
2026-06-08 03:51:43: ◇ injected env (0) from .env // tip: ⌘ override existing { override: true }
2026-06-08 03:51:49: ◇ injected env (0) from .env // tip: ⌘ override existing { override: true }
2026-06-08 03:51:55: ◇ injected env (0) from .env // tip: ⌘ custom filepath { path: '/custom/path/.env' }
2026-06-08 03:52:02: ◇ injected env (0) from .env // tip: ⌘ multiple files { path: ['.env.local', '.env'] }
2026-06-08 03:52:08: ◇ injected env (0) from .env // tip: ⌁ auth for agents [www.vestauth.com]
2026-06-08 03:52:15: ◇ injected env (0) from .env // tip: ⌘ override existing { override: true }
2026-06-08 03:52:21: ◇ injected env (0) from .env // tip: ⌁ auth for agents [www.vestauth.com]
2026-06-08 03:52:27: ◇ injected env (0) from .env // tip: ◈ secrets for agents [www.dotenvx.com]
2026-06-08 03:52:34: ◇ injected env (0) from .env // tip: ⌘ multiple files { path: ['.env.local', '.env'] }
2026-06-08 03:52:40: ◇ injected env (0) from .env // tip: ⌘ suppress logs { quiet: true }
2026-06-08 03:52:46: ◇ injected env (0) from .env // tip: ⌘ suppress logs { quiet: true }
2026-06-08 03:52:53: ◇ injected env (0) from .env // tip: ◈ secrets for agents [www.dotenvx.com]
2026-06-08 03:52:59: ◇ injected env (0) from .env // tip: ⌘ custom filepath { path: '/custom/path/.env' }
2026-06-08 03:53:06: ◇ injected env (0) from .env // tip: ◈ secrets for agents [www.dotenvx.com]
2026-06-08 03:53:13: ◇ injected env (0) from .env // tip: ⌘ override existing { override: true }
2026-06-08 03:53:19: ◇ injected env (0) from .env // tip: ⌘ custom filepath { path: '/custom/path/.env' }
2026-06-08 03:53:25: ◇ injected env (0) from .env // tip: ◈ encrypted .env [www.dotenvx.com]
2026-06-08 03:53:31: ◇ injected env (0) from .env // tip: ⌘ custom filepath { path: '/custom/path/.env' }
2026-06-08 03:53:38: ◇ injected env (0) from .env // tip: ◈ encrypted .env [www.dotenvx.com]
2026-06-08 03:53:45: ◇ injected env (0) from .env // tip: ⌘ multiple files { path: ['.env.local', '.env'] }
2026-06-08 03:53:51: ◇ injected env (0) from .env // tip: ⌘ custom filepath { path: '/custom/path/.env' }
2026-06-08 03:53:57: ◇ injected env (0) from .env // tip: ⌘ override existing { override: true }
2026-06-08 03:54:04: ◇ injected env (0) from .env // tip: ⌘ custom filepath { path: '/custom/path/.env' }
2026-06-08 03:54:11: ◇ injected env (0) from .env // tip: ⌘ override existing { override: true }
2026-06-08 03:54:17: ◇ injected env (0) from .env // tip: ⌁ auth for agents [www.vestauth.com]
2026-06-08 03:54:23: ◇ injected env (0) from .env // tip: ⌘ enable debugging { debug: true }
2026-06-08 03:54:30: ◇ injected env (0) from .env // tip: ⌘ multiple files { path: ['.env.local', '.env'] }
2026-06-08 03:54:36: ◇ injected env (0) from .env // tip: ⌁ auth for agents [www.vestauth.com]
2026-06-08 03:54:43: ◇ injected env (0) from .env // tip: ◈ encrypted .env [www.dotenvx.com]
2026-06-08 03:54:50: ◇ injected env (0) from .env // tip: ⌘ custom filepath { path: '/custom/path/.env' }
2026-06-08 03:54:56: ◇ injected env (0) from .env // tip: ⌘ enable debugging { debug: true }
2026-06-08 03:55:03: ◇ injected env (0) from .env // tip: ⌘ enable debugging { debug: true }
2026-06-08 03:55:10: ◇ injected env (0) from .env // tip: ⌘ suppress logs { quiet: true }
2026-06-08 03:55:16: ◇ injected env (0) from .env // tip: ⌁ auth for agents [www.vestauth.com]
2026-06-08 03:55:22: ◇ injected env (0) from .env // tip: ◈ encrypted .env [www.dotenvx.com]
2026-06-08 03:55:29: ◇ injected env (0) from .env // tip: ⌘ enable debugging { debug: true }
2026-06-08 03:55:35: ◇ injected env (0) from .env // tip: ⌘ multiple files { path: ['.env.local', '.env'] }
2026-06-08 03:55:42: ◇ injected env (0) from .env // tip: ◈ secrets for agents [www.dotenvx.com]
2026-06-08 03:55:48: ◇ injected env (0) from .env // tip: ⌘ override existing { override: true }
2026-06-08 03:55:55: ◇ injected env (0) from .env // tip: ⌘ multiple files { path: ['.env.local', '.env'] }
2026-06-08 03:56:02: ◇ injected env (0) from .env // tip: ◈ encrypted .env [www.dotenvx.com]
2026-06-08 03:56:09: ◇ injected env (0) from .env // tip: ⌁ auth for agents [www.vestauth.com]
2026-06-08 03:56:15: ◇ injected env (0) from .env // tip: ⌘ suppress logs { quiet: true }
2026-06-08 03:56:21: ◇ injected env (0) from .env // tip: ⌘ suppress logs { quiet: true }
2026-06-08 03:56:28: ◇ injected env (0) from .env // tip: ⌘ enable debugging { debug: true }
2026-06-08 03:56:34: ◇ injected env (0) from .env // tip: ⌘ multiple files { path: ['.env.local', '.env'] }
2026-06-08 03:56:41: ◇ injected env (0) from .env // tip: ⌁ auth for agents [www.vestauth.com]
2026-06-08 03:56:47: ◇ injected env (0) from .env // tip: ⌘ custom filepath { path: '/custom/path/.env' }
2026-06-08 03:56:53: ◇ injected env (0) from .env // tip: ⌘ override existing { override: true }
2026-06-08 03:57:00: ◇ injected env (0) from .env // tip: ⌘ suppress logs { quiet: true }
2026-06-08 03:57:06: ◇ injected env (0) from .env // tip: ⌘ override existing { override: true }
2026-06-08 03:57:13: ◇ injected env (0) from .env // tip: ⌘ enable debugging { debug: true }
2026-06-08 03:57:19: ◇ injected env (0) from .env // tip: ⌘ custom filepath { path: '/custom/path/.env' }
2026-06-08 03:57:26: ◇ injected env (0) from .env // tip: ⌁ auth for agents [www.vestauth.com]
2026-06-08 03:57:32: ◇ injected env (0) from .env // tip: ⌘ custom filepath { path: '/custom/path/.env' }
2026-06-08 03:57:39: ◇ injected env (0) from .env // tip: ⌘ suppress logs { quiet: true }
2026-06-08 03:57:45: ◇ injected env (0) from .env // tip: ⌁ auth for agents [www.vestauth.com]
2026-06-08 03:57:51: ◇ injected env (0) from .env // tip: ⌘ suppress logs { quiet: true }
2026-06-08 03:57:58: ◇ injected env (0) from .env // tip: ⌁ auth for agents [www.vestauth.com]
2026-06-08 03:58:04: ◇ injected env (0) from .env // tip: ⌘ multiple files { path: ['.env.local', '.env'] }
2026-06-08 03:58:11: ◇ injected env (0) from .env // tip: ⌘ multiple files { path: ['.env.local', '.env'] }
2026-06-08 03:58:17: ◇ injected env (0) from .env // tip: ◈ secrets for agents [www.dotenvx.com]
2026-06-08 03:58:23: ◇ injected env (0) from .env // tip: ◈ secrets for agents [www.dotenvx.com]
2026-06-08 03:58:30: ◇ injected env (0) from .env // tip: ⌁ auth for agents [www.vestauth.com]
2026-06-08 03:58:36: ◇ injected env (0) from .env // tip: ⌘ override existing { override: true }
2026-06-08 03:58:43: ◇ injected env (0) from .env // tip: ⌘ custom filepath { path: '/custom/path/.env' }
2026-06-08 03:58:49: ◇ injected env (0) from .env // tip: ⌁ auth for agents [www.vestauth.com]
2026-06-08 03:58:56: ◇ injected env (0) from .env // tip: ⌁ auth for agents [www.vestauth.com]
2026-06-08 03:59:02: ◇ injected env (0) from .env // tip: ⌁ auth for agents [www.vestauth.com]
2026-06-08 03:59:09: ◇ injected env (0) from .env // tip: ◈ encrypted .env [www.dotenvx.com]
2026-06-08 03:59:16: ◇ injected env (0) from .env // tip: ◈ secrets for agents [www.dotenvx.com]
2026-06-08 03:59:22: ◇ injected env (0) from .env // tip: ⌘ enable debugging { debug: true }
2026-06-08 03:59:29: ◇ injected env (0) from .env // tip: ◈ encrypted .env [www.dotenvx.com]
2026-06-08 03:59:35: ◇ injected env (0) from .env // tip: ⌘ suppress logs { quiet: true }
2026-06-08 03:59:42: ◇ injected env (0) from .env // tip: ◈ secrets for agents [www.dotenvx.com]
2026-06-08 03:59:49: ◇ injected env (0) from .env // tip: ⌘ enable debugging { debug: true }
2026-06-08 03:59:55: ◇ injected env (0) from .env // tip: ⌘ multiple files { path: ['.env.local', '.env'] }
2026-06-08 04:00:02: ◇ injected env (0) from .env // tip: ⌁ auth for agents [www.vestauth.com]
2026-06-08 04:00:08: ◇ injected env (0) from .env // tip: ⌁ auth for agents [www.vestauth.com]
2026-06-08 04:00:14: ◇ injected env (0) from .env // tip: ⌘ enable debugging { debug: true }
2026-06-08 04:00:21: ◇ injected env (0) from .env // tip: ⌘ override existing { override: true }
2026-06-08 04:00:27: ◇ injected env (0) from .env // tip: ⌘ override existing { override: true }
2026-06-08 04:00:34: ◇ injected env (0) from .env // tip: ◈ encrypted .env [www.dotenvx.com]
2026-06-08 04:00:40: ◇ injected env (0) from .env // tip: ⌘ override existing { override: true }
2026-06-08 04:00:47: ◇ injected env (0) from .env // tip: ⌘ enable debugging { debug: true }
2026-06-08 04:00:53: ◇ injected env (0) from .env // tip: ⌘ enable debugging { debug: true }
2026-06-08 04:01:00: ◇ injected env (0) from .env // tip: ⌘ override existing { override: true }
2026-06-08 04:01:06: ◇ injected env (0) from .env // tip: ⌘ suppress logs { quiet: true }
2026-06-08 04:01:13: ◇ injected env (0) from .env // tip: ⌁ auth for agents [www.vestauth.com]
2026-06-08 04:01:19: ◇ injected env (0) from .env // tip: ◈ secrets for agents [www.dotenvx.com]
2026-06-08 04:01:26: ◇ injected env (0) from .env // tip: ◈ encrypted .env [www.dotenvx.com]
2026-06-08 04:01:32: ◇ injected env (0) from .env // tip: ⌘ suppress logs { quiet: true }
2026-06-08 04:01:39: ◇ injected env (0) from .env // tip: ⌘ multiple files { path: ['.env.local', '.env'] }
2026-06-08 04:01:45: ◇ injected env (0) from .env // tip: ◈ encrypted .env [www.dotenvx.com]
2026-06-08 04:01:52: ◇ injected env (0) from .env // tip: ⌘ suppress logs { quiet: true }
2026-06-08 04:01:58: ◇ injected env (0) from .env // tip: ⌘ override existing { override: true }
2026-06-08 04:02:05: ◇ injected env (0) from .env // tip: ⌘ override existing { override: true }
2026-06-08 04:02:12: ◇ injected env (0) from .env // tip: ⌘ custom filepath { path: '/custom/path/.env' }
2026-06-08 04:02:18: ◇ injected env (0) from .env // tip: ⌘ override existing { override: true }
2026-06-08 04:02:24: ◇ injected env (0) from .env // tip: ⌘ suppress logs { quiet: true }
2026-06-08 04:02:31: ◇ injected env (0) from .env // tip: ⌁ auth for agents [www.vestauth.com]
2026-06-08 04:02:37: ◇ injected env (0) from .env // tip: ⌁ auth for agents [www.vestauth.com]
2026-06-08 04:02:44: ◇ injected env (0) from .env // tip: ⌘ custom filepath { path: '/custom/path/.env' }
2026-06-08 04:02:50: ◇ injected env (0) from .env // tip: ⌘ enable debugging { debug: true }
2026-06-08 04:02:56: ◇ injected env (0) from .env // tip: ◈ secrets for agents [www.dotenvx.com]
2026-06-08 04:03:02: ◇ injected env (0) from .env // tip: ◈ encrypted .env [www.dotenvx.com]
2026-06-08 04:03:09: ◇ injected env (0) from .env // tip: ⌁ auth for agents [www.vestauth.com]
2026-06-08 04:03:16: ◇ injected env (0) from .env // tip: ⌁ auth for agents [www.vestauth.com]
2026-06-08 04:03:22: ◇ injected env (0) from .env // tip: ⌘ override existing { override: true }
2026-06-08 04:03:29: ◇ injected env (0) from .env // tip: ◈ encrypted .env [www.dotenvx.com]
2026-06-08 04:03:35: ◇ injected env (0) from .env // tip: ⌘ custom filepath { path: '/custom/path/.env' }
2026-06-08 04:03:42: ◇ injected env (0) from .env // tip: ⌘ enable debugging { debug: true }
2026-06-08 04:03:48: ◇ injected env (0) from .env // tip: ⌘ suppress logs { quiet: true }
2026-06-08 04:03:55: ◇ injected env (0) from .env // tip: ⌁ auth for agents [www.vestauth.com]
2026-06-08 04:04:02: ◇ injected env (0) from .env // tip: ⌘ custom filepath { path: '/custom/path/.env' }
2026-06-08 04:04:09: ◇ injected env (0) from .env // tip: ◈ encrypted .env [www.dotenvx.com]
2026-06-08 04:04:16: ◇ injected env (0) from .env // tip: ⌘ suppress logs { quiet: true }
2026-06-08 04:04:22: ◇ injected env (0) from .env // tip: ◈ secrets for agents [www.dotenvx.com]
2026-06-08 04:04:29: ◇ injected env (0) from .env // tip: ⌘ suppress logs { quiet: true }
2026-06-08 04:04:35: ◇ injected env (0) from .env // tip: ⌘ custom filepath { path: '/custom/path/.env' }
2026-06-08 04:04:42: ◇ injected env (0) from .env // tip: ◈ encrypted .env [www.dotenvx.com]
2026-06-08 04:04:48: ◇ injected env (0) from .env // tip: ⌘ override existing { override: true }
2026-06-08 04:04:55: ◇ injected env (0) from .env // tip: ⌁ auth for agents [www.vestauth.com]
2026-06-08 04:05:01: ◇ injected env (0) from .env // tip: ⌘ multiple files { path: ['.env.local', '.env'] }
2026-06-08 04:05:08: ◇ injected env (0) from .env // tip: ⌘ suppress logs { quiet: true }
2026-06-08 04:05:15: ◇ injected env (0) from .env // tip: ◈ secrets for agents [www.dotenvx.com]
2026-06-08 04:05:21: ◇ injected env (0) from .env // tip: ⌘ custom filepath { path: '/custom/path/.env' }
2026-06-08 04:05:28: ◇ injected env (0) from .env // tip: ⌘ custom filepath { path: '/custom/path/.env' }
2026-06-08 04:05:35: ◇ injected env (0) from .env // tip: ⌘ suppress logs { quiet: true }
2026-06-08 04:05:41: ◇ injected env (0) from .env // tip: ◈ secrets for agents [www.dotenvx.com]
2026-06-08 04:05:48: ◇ injected env (0) from .env // tip: ⌁ auth for agents [www.vestauth.com]
2026-06-08 04:05:54: ◇ injected env (0) from .env // tip: ⌘ override existing { override: true }
2026-06-08 04:06:01: ◇ injected env (0) from .env // tip: ⌘ multiple files { path: ['.env.local', '.env'] }
2026-06-08 04:06:08: ◇ injected env (0) from .env // tip: ◈ encrypted .env [www.dotenvx.com]
2026-06-08 04:06:14: ◇ injected env (0) from .env // tip: ◈ encrypted .env [www.dotenvx.com]
2026-06-08 04:06:21: ◇ injected env (0) from .env // tip: ⌘ suppress logs { quiet: true }
2026-06-08 04:06:27: ◇ injected env (0) from .env // tip: ⌁ auth for agents [www.vestauth.com]
2026-06-08 04:06:34: ◇ injected env (0) from .env // tip: ◈ secrets for agents [www.dotenvx.com]
2026-06-08 04:06:40: ◇ injected env (0) from .env // tip: ⌁ auth for agents [www.vestauth.com]
2026-06-08 04:06:47: ◇ injected env (0) from .env // tip: ⌘ custom filepath { path: '/custom/path/.env' }
2026-06-08 04:06:53: ◇ injected env (0) from .env // tip: ⌘ suppress logs { quiet: true }
2026-06-08 04:06:59: ◇ injected env (0) from .env // tip: ⌁ auth for agents [www.vestauth.com]
2026-06-08 04:07:05: ◇ injected env (0) from .env // tip: ⌘ multiple files { path: ['.env.local', '.env'] }
2026-06-08 04:07:12: ◇ injected env (0) from .env // tip: ◈ encrypted .env [www.dotenvx.com]
2026-06-08 04:07:19: ◇ injected env (0) from .env // tip: ⌘ custom filepath { path: '/custom/path/.env' }
2026-06-08 04:07:25: ◇ injected env (0) from .env // tip: ⌘ multiple files { path: ['.env.local', '.env'] }
2026-06-08 04:07:32: ◇ injected env (0) from .env // tip: ⌘ enable debugging { debug: true }
2026-06-08 04:07:38: ◇ injected env (0) from .env // tip: ⌘ override existing { override: true }
2026-06-08 04:07:45: ◇ injected env (0) from .env // tip: ⌘ override existing { override: true }
2026-06-08 04:07:51: ◇ injected env (0) from .env // tip: ◈ encrypted .env [www.dotenvx.com]
2026-06-08 04:07:57: ◇ injected env (0) from .env // tip: ⌁ auth for agents [www.vestauth.com]
2026-06-08 04:08:04: ◇ injected env (0) from .env // tip: ◈ secrets for agents [www.dotenvx.com]
2026-06-08 04:08:11: ◇ injected env (0) from .env // tip: ◈ encrypted .env [www.dotenvx.com]
2026-06-08 04:08:17: ◇ injected env (0) from .env // tip: ⌘ custom filepath { path: '/custom/path/.env' }
2026-06-08 04:08:24: ◇ injected env (0) from .env // tip: ◈ encrypted .env [www.dotenvx.com]
2026-06-08 04:08:30: ◇ injected env (0) from .env // tip: ⌘ multiple files { path: ['.env.local', '.env'] }
2026-06-08 04:08:36: ◇ injected env (0) from .env // tip: ⌁ auth for agents [www.vestauth.com]
2026-06-08 04:08:43: ◇ injected env (0) from .env // tip: ⌘ custom filepath { path: '/custom/path/.env' }
2026-06-08 04:08:49: ◇ injected env (0) from .env // tip: ⌘ multiple files { path: ['.env.local', '.env'] }
2026-06-08 04:08:56: ◇ injected env (0) from .env // tip: ⌘ multiple files { path: ['.env.local', '.env'] }
2026-06-08 04:09:02: ◇ injected env (0) from .env // tip: ⌘ multiple files { path: ['.env.local', '.env'] }
2026-06-08 04:09:09: ◇ injected env (0) from .env // tip: ⌘ enable debugging { debug: true }
2026-06-08 04:09:15: ◇ injected env (0) from .env // tip: ⌁ auth for agents [www.vestauth.com]
2026-06-08 04:09:21: ◇ injected env (0) from .env // tip: ◈ secrets for agents [www.dotenvx.com]
2026-06-08 04:09:28: ◇ injected env (0) from .env // tip: ⌘ enable debugging { debug: true }
2026-06-08 04:09:34: ◇ injected env (0) from .env // tip: ⌘ custom filepath { path: '/custom/path/.env' }
2026-06-08 04:09:41: ◇ injected env (0) from .env // tip: ⌘ suppress logs { quiet: true }
2026-06-08 04:09:47: ◇ injected env (0) from .env // tip: ⌘ suppress logs { quiet: true }
2026-06-08 04:09:54: ◇ injected env (0) from .env // tip: ⌘ suppress logs { quiet: true }
2026-06-08 04:10:00: ◇ injected env (0) from .env // tip: ⌘ multiple files { path: ['.env.local', '.env'] }
2026-06-08 04:10:07: ◇ injected env (0) from .env // tip: ⌘ custom filepath { path: '/custom/path/.env' }
2026-06-08 04:10:13: ◇ injected env (0) from .env // tip: ⌘ custom filepath { path: '/custom/path/.env' }
2026-06-08 04:10:19: ◇ injected env (0) from .env // tip: ⌘ override existing { override: true }
2026-06-08 04:10:26: ◇ injected env (0) from .env // tip: ◈ encrypted .env [www.dotenvx.com]
2026-06-08 04:10:32: ◇ injected env (0) from .env // tip: ⌘ override existing { override: true }
2026-06-08 04:10:39: ◇ injected env (0) from .env // tip: ◈ encrypted .env [www.dotenvx.com]
2026-06-08 04:10:46: ◇ injected env (0) from .env // tip: ⌘ multiple files { path: ['.env.local', '.env'] }
2026-06-08 04:10:52: ◇ injected env (0) from .env // tip: ⌁ auth for agents [www.vestauth.com]
2026-06-08 04:10:59: ◇ injected env (0) from .env // tip: ◈ secrets for agents [www.dotenvx.com]
2026-06-08 04:11:05: ◇ injected env (0) from .env // tip: ⌘ override existing { override: true }
2026-06-08 04:11:13: ◇ injected env (0) from .env // tip: ⌘ override existing { override: true }
2026-06-08 04:11:19: ◇ injected env (0) from .env // tip: ◈ encrypted .env [www.dotenvx.com]
2026-06-08 04:11:25: ◇ injected env (0) from .env // tip: ◈ encrypted .env [www.dotenvx.com]
2026-06-08 04:11:32: ◇ injected env (0) from .env // tip: ⌘ custom filepath { path: '/custom/path/.env' }
2026-06-08 04:11:38: ◇ injected env (0) from .env // tip: ⌘ enable debugging { debug: true }
2026-06-08 04:11:45: ◇ injected env (0) from .env // tip: ⌘ suppress logs { quiet: true }
2026-06-08 04:11:51: ◇ injected env (0) from .env // tip: ⌘ override existing { override: true }
2026-06-08 04:11:58: ◇ injected env (0) from .env // tip: ⌘ override existing { override: true }
2026-06-08 04:12:04: ◇ injected env (0) from .env // tip: ⌘ suppress logs { quiet: true }
2026-06-08 04:12:11: ◇ injected env (0) from .env // tip: ⌘ multiple files { path: ['.env.local', '.env'] }
2026-06-08 04:12:18: ◇ injected env (0) from .env // tip: ◈ secrets for agents [www.dotenvx.com]
2026-06-08 04:12:24: ◇ injected env (0) from .env // tip: ⌘ enable debugging { debug: true }
2026-06-08 04:12:30: ◇ injected env (0) from .env // tip: ⌘ multiple files { path: ['.env.local', '.env'] }
2026-06-08 04:12:37: ◇ injected env (0) from .env // tip: ⌘ enable debugging { debug: true }
2026-06-08 04:12:43: ◇ injected env (0) from .env // tip: ⌘ override existing { override: true }
2026-06-08 04:12:50: ◇ injected env (0) from .env // tip: ◈ encrypted .env [www.dotenvx.com]
2026-06-08 04:12:56: ◇ injected env (0) from .env // tip: ⌘ multiple files { path: ['.env.local', '.env'] }
2026-06-08 04:13:03: ◇ injected env (0) from .env // tip: ⌘ override existing { override: true }
2026-06-08 04:13:10: ◇ injected env (0) from .env // tip: ⌘ custom filepath { path: '/custom/path/.env' }
2026-06-08 04:13:16: ◇ injected env (0) from .env // tip: ⌘ custom filepath { path: '/custom/path/.env' }
2026-06-08 04:13:22: ◇ injected env (0) from .env // tip: ⌘ custom filepath { path: '/custom/path/.env' }
2026-06-08 04:13:28: ◇ injected env (0) from .env // tip: ⌁ auth for agents [www.vestauth.com]
2026-06-08 04:13:35: ◇ injected env (0) from .env // tip: ◈ encrypted .env [www.dotenvx.com]
2026-06-08 04:13:41: ◇ injected env (0) from .env // tip: ⌁ auth for agents [www.vestauth.com]
2026-06-08 04:13:48: ◇ injected env (0) from .env // tip: ◈ encrypted .env [www.dotenvx.com]
2026-06-08 04:13:54: ◇ injected env (0) from .env // tip: ⌘ suppress logs { quiet: true }
2026-06-08 04:14:00: ◇ injected env (0) from .env // tip: ⌘ suppress logs { quiet: true }
2026-06-08 04:14:07: ◇ injected env (0) from .env // tip: ◈ secrets for agents [www.dotenvx.com]
2026-06-08 04:14:13: ◇ injected env (0) from .env // tip: ⌘ suppress logs { quiet: true }
2026-06-08 04:14:20: ◇ injected env (0) from .env // tip: ◈ secrets for agents [www.dotenvx.com]
2026-06-08 04:14:26: ◇ injected env (0) from .env // tip: ⌘ multiple files { path: ['.env.local', '.env'] }
2026-06-08 04:14:33: ◇ injected env (0) from .env // tip: ⌘ multiple files { path: ['.env.local', '.env'] }
2026-06-08 04:14:39: ◇ injected env (0) from .env // tip: ⌘ multiple files { path: ['.env.local', '.env'] }
2026-06-08 04:14:46: ◇ injected env (0) from .env // tip: ⌘ enable debugging { debug: true }
2026-06-08 04:14:53: ◇ injected env (0) from .env // tip: ⌘ suppress logs { quiet: true }
2026-06-08 04:14:59: ◇ injected env (0) from .env // tip: ⌘ custom filepath { path: '/custom/path/.env' }
2026-06-08 04:15:06: ◇ injected env (0) from .env // tip: ⌘ override existing { override: true }
2026-06-08 04:15:13: ◇ injected env (0) from .env // tip: ⌘ custom filepath { path: '/custom/path/.env' }
2026-06-08 04:15:19: ◇ injected env (0) from .env // tip: ⌘ enable debugging { debug: true }
2026-06-08 04:15:25: ◇ injected env (0) from .env // tip: ⌁ auth for agents [www.vestauth.com]
2026-06-08 04:15:32: ◇ injected env (0) from .env // tip: ◈ secrets for agents [www.dotenvx.com]
2026-06-08 04:15:39: ◇ injected env (0) from .env // tip: ⌘ multiple files { path: ['.env.local', '.env'] }
2026-06-08 04:15:45: ◇ injected env (0) from .env // tip: ⌁ auth for agents [www.vestauth.com]
2026-06-08 04:15:51: ◇ injected env (0) from .env // tip: ⌘ override existing { override: true }
2026-06-08 04:15:58: ◇ injected env (0) from .env // tip: ⌘ override existing { override: true }
2026-06-08 04:16:04: ◇ injected env (0) from .env // tip: ⌁ auth for agents [www.vestauth.com]
2026-06-08 04:16:11: ◇ injected env (0) from .env // tip: ◈ secrets for agents [www.dotenvx.com]
2026-06-08 04:16:17: ◇ injected env (0) from .env // tip: ⌁ auth for agents [www.vestauth.com]
2026-06-08 04:16:23: ◇ injected env (0) from .env // tip: ⌁ auth for agents [www.vestauth.com]
2026-06-08 04:16:30: ◇ injected env (0) from .env // tip: ⌘ override existing { override: true }
2026-06-08 04:16:36: ◇ injected env (0) from .env // tip: ⌘ suppress logs { quiet: true }
2026-06-08 04:16:43: ◇ injected env (0) from .env // tip: ⌘ multiple files { path: ['.env.local', '.env'] }
2026-06-08 04:16:49: ◇ injected env (0) from .env // tip: ⌘ multiple files { path: ['.env.local', '.env'] }
2026-06-08 04:16:55: ◇ injected env (0) from .env // tip: ⌘ suppress logs { quiet: true }
2026-06-08 04:17:02: ◇ injected env (0) from .env // tip: ◈ encrypted .env [www.dotenvx.com]
2026-06-08 04:17:08: ◇ injected env (0) from .env // tip: ◈ encrypted .env [www.dotenvx.com]
2026-06-08 04:17:15: ◇ injected env (0) from .env // tip: ⌘ override existing { override: true }
2026-06-08 04:17:21: ◇ injected env (0) from .env // tip: ⌁ auth for agents [www.vestauth.com]
2026-06-08 04:17:27: ◇ injected env (0) from .env // tip: ◈ secrets for agents [www.dotenvx.com]
2026-06-08 04:17:34: ◇ injected env (0) from .env // tip: ⌘ custom filepath { path: '/custom/path/.env' }
2026-06-08 04:17:40: ◇ injected env (0) from .env // tip: ⌘ override existing { override: true }
2026-06-08 04:17:47: ◇ injected env (0) from .env // tip: ⌘ suppress logs { quiet: true }
2026-06-08 04:17:53: ◇ injected env (0) from .env // tip: ⌘ multiple files { path: ['.env.local', '.env'] }
2026-06-08 04:17:59: ◇ injected env (0) from .env // tip: ⌘ enable debugging { debug: true }
2026-06-08 04:18:05: ◇ injected env (0) from .env // tip: ⌘ custom filepath { path: '/custom/path/.env' }
2026-06-08 04:18:12: ◇ injected env (0) from .env // tip: ◈ encrypted .env [www.dotenvx.com]
2026-06-08 04:18:19: ◇ injected env (0) from .env // tip: ⌘ multiple files { path: ['.env.local', '.env'] }
2026-06-08 04:18:25: ◇ injected env (0) from .env // tip: ◈ encrypted .env [www.dotenvx.com]
2026-06-08 04:18:31: ◇ injected env (0) from .env // tip: ⌁ auth for agents [www.vestauth.com]
2026-06-08 04:18:38: ◇ injected env (0) from .env // tip: ⌘ custom filepath { path: '/custom/path/.env' }
2026-06-08 04:18:44: ◇ injected env (0) from .env // tip: ⌘ multiple files { path: ['.env.local', '.env'] }
2026-06-08 04:18:50: ◇ injected env (0) from .env // tip: ◈ encrypted .env [www.dotenvx.com]
2026-06-08 04:18:57: ◇ injected env (0) from .env // tip: ⌘ override existing { override: true }
2026-06-08 04:19:03: ◇ injected env (0) from .env // tip: ⌘ custom filepath { path: '/custom/path/.env' }
2026-06-08 04:19:10: ◇ injected env (0) from .env // tip: ⌘ override existing { override: true }
2026-06-08 04:19:16: ◇ injected env (0) from .env // tip: ⌘ enable debugging { debug: true }
2026-06-08 04:19:22: ◇ injected env (0) from .env // tip: ◈ encrypted .env [www.dotenvx.com]
2026-06-08 04:19:29: ◇ injected env (0) from .env // tip: ⌘ custom filepath { path: '/custom/path/.env' }
2026-06-08 04:19:35: ◇ injected env (0) from .env // tip: ⌘ custom filepath { path: '/custom/path/.env' }
2026-06-08 04:19:42: ◇ injected env (0) from .env // tip: ⌘ custom filepath { path: '/custom/path/.env' }
2026-06-08 04:19:48: ◇ injected env (0) from .env // tip: ⌘ custom filepath { path: '/custom/path/.env' }
2026-06-08 04:19:55: ◇ injected env (0) from .env // tip: ⌁ auth for agents [www.vestauth.com]
2026-06-08 04:20:01: ◇ injected env (0) from .env // tip: ◈ encrypted .env [www.dotenvx.com]
2026-06-08 04:20:08: ◇ injected env (0) from .env // tip: ⌘ custom filepath { path: '/custom/path/.env' }
2026-06-08 04:20:15: ◇ injected env (0) from .env // tip: ⌘ suppress logs { quiet: true }
2026-06-08 04:20:21: ◇ injected env (0) from .env // tip: ⌁ auth for agents [www.vestauth.com]
2026-06-08 04:20:27: ◇ injected env (0) from .env // tip: ⌘ override existing { override: true }
2026-06-08 04:20:34: ◇ injected env (0) from .env // tip: ◈ encrypted .env [www.dotenvx.com]
2026-06-08 04:20:41: ◇ injected env (0) from .env // tip: ⌘ custom filepath { path: '/custom/path/.env' }
2026-06-08 04:20:47: ◇ injected env (0) from .env // tip: ⌘ suppress logs { quiet: true }
2026-06-08 04:20:53: ◇ injected env (0) from .env // tip: ◈ secrets for agents [www.dotenvx.com]
2026-06-08 04:21:00: ◇ injected env (0) from .env // tip: ⌁ auth for agents [www.vestauth.com]
2026-06-08 04:21:06: ◇ injected env (0) from .env // tip: ⌘ multiple files { path: ['.env.local', '.env'] }
2026-06-08 04:21:13: ◇ injected env (0) from .env // tip: ⌘ override existing { override: true }
2026-06-08 04:21:20: ◇ injected env (0) from .env // tip: ⌘ suppress logs { quiet: true }
2026-06-08 04:21:28: ◇ injected env (0) from .env // tip: ⌘ multiple files { path: ['.env.local', '.env'] }
2026-06-08 04:21:34: ◇ injected env (0) from .env // tip: ⌘ suppress logs { quiet: true }
2026-06-08 04:21:41: ◇ injected env (0) from .env // tip: ⌘ multiple files { path: ['.env.local', '.env'] }
2026-06-08 04:21:48: ◇ injected env (0) from .env // tip: ◈ secrets for agents [www.dotenvx.com]
2026-06-08 04:21:56: ◇ injected env (0) from .env // tip: ⌘ enable debugging { debug: true }
2026-06-08 04:22:03: ◇ injected env (0) from .env // tip: ⌘ override existing { override: true }
2026-06-08 04:22:11: ◇ injected env (0) from .env // tip: ⌘ override existing { override: true }
2026-06-08 04:22:19: ◇ injected env (0) from .env // tip: ⌘ multiple files { path: ['.env.local', '.env'] }
2026-06-08 04:22:27: ◇ injected env (0) from .env // tip: ⌘ multiple files { path: ['.env.local', '.env'] }
2026-06-08 04:22:34: ◇ injected env (0) from .env // tip: ⌘ suppress logs { quiet: true }
2026-06-08 04:22:43: ◇ injected env (0) from .env // tip: ⌘ multiple files { path: ['.env.local', '.env'] }
2026-06-08 04:22:50: ◇ injected env (0) from .env // tip: ⌘ custom filepath { path: '/custom/path/.env' }
2026-06-08 04:22:59: ◇ injected env (0) from .env // tip: ⌘ suppress logs { quiet: true }
