2026-06-08 02:05:47: ◇ injected env (0) from .env // tip: ⌁ auth for agents [www.vestauth.com]
2026-06-08 02:05:51: ◇ injected env (0) from .env // tip: ⌘ custom filepath { path: '/custom/path/.env' }
2026-06-08 02:05:54: ◇ injected env (0) from .env // tip: ⌘ enable debugging { debug: true }
2026-06-08 02:05:58: ◇ injected env (0) from .env // tip: ⌘ multiple files { path: ['.env.local', '.env'] }
2026-06-08 02:06:05: ◇ injected env (0) from .env // tip: ⌘ suppress logs { quiet: true }
2026-06-08 02:06:11: ◇ injected env (0) from .env // tip: ⌘ multiple files { path: ['.env.local', '.env'] }
2026-06-08 02:06:17: ◇ injected env (0) from .env // tip: ⌘ suppress logs { quiet: true }
2026-06-08 02:06:22: ◇ injected env (0) from .env // tip: ⌁ auth for agents [www.vestauth.com]
2026-06-08 02:06:28: ◇ injected env (0) from .env // tip: ◈ encrypted .env [www.dotenvx.com]
2026-06-08 02:06:34: ◇ injected env (0) from .env // tip: ⌘ multiple files { path: ['.env.local', '.env'] }
2026-06-08 02:06:39: ◇ injected env (0) from .env // tip: ⌘ custom filepath { path: '/custom/path/.env' }
2026-06-08 02:06:45: ◇ injected env (0) from .env // tip: ⌁ auth for agents [www.vestauth.com]
2026-06-08 02:06:51: ◇ injected env (0) from .env // tip: ⌘ override existing { override: true }
2026-06-08 02:06:57: ◇ injected env (0) from .env // tip: ⌁ auth for agents [www.vestauth.com]
2026-06-08 02:07:03: ◇ injected env (0) from .env // tip: ⌘ multiple files { path: ['.env.local', '.env'] }
2026-06-08 02:07:09: ◇ injected env (0) from .env // tip: ⌘ enable debugging { debug: true }
2026-06-08 02:07:15: ◇ injected env (0) from .env // tip: ⌘ multiple files { path: ['.env.local', '.env'] }
2026-06-08 02:07:21: ◇ injected env (0) from .env // tip: ⌁ auth for agents [www.vestauth.com]
2026-06-08 02:07:26: ◇ injected env (0) from .env // tip: ⌘ suppress logs { quiet: true }
2026-06-08 02:07:31: ◇ injected env (0) from .env // tip: ⌘ override existing { override: true }
2026-06-08 02:07:36: ◇ injected env (0) from .env // tip: ⌘ multiple files { path: ['.env.local', '.env'] }
2026-06-08 02:07:42: ◇ injected env (0) from .env // tip: ⌁ auth for agents [www.vestauth.com]
2026-06-08 02:07:47: ◇ injected env (0) from .env // tip: ⌘ custom filepath { path: '/custom/path/.env' }
2026-06-08 02:07:52: ◇ injected env (0) from .env // tip: ◈ encrypted .env [www.dotenvx.com]
2026-06-08 02:07:57: ◇ injected env (0) from .env // tip: ⌘ override existing { override: true }
2026-06-08 02:08:03: ◇ injected env (0) from .env // tip: ⌘ multiple files { path: ['.env.local', '.env'] }
2026-06-08 02:08:08: ◇ injected env (0) from .env // tip: ◈ secrets for agents [www.dotenvx.com]
2026-06-08 02:08:14: ◇ injected env (0) from .env // tip: ⌘ enable debugging { debug: true }
2026-06-08 02:08:21: ◇ injected env (0) from .env // tip: ⌘ custom filepath { path: '/custom/path/.env' }
2026-06-08 02:08:27: ◇ injected env (0) from .env // tip: ⌘ enable debugging { debug: true }
2026-06-08 02:08:34: ◇ injected env (0) from .env // tip: ◈ encrypted .env [www.dotenvx.com]
2026-06-08 02:08:40: ◇ injected env (0) from .env // tip: ⌘ multiple files { path: ['.env.local', '.env'] }
2026-06-08 02:08:46: ◇ injected env (0) from .env // tip: ⌘ suppress logs { quiet: true }
2026-06-08 02:08:52: ◇ injected env (0) from .env // tip: ◈ encrypted .env [www.dotenvx.com]
2026-06-08 02:08:58: ◇ injected env (0) from .env // tip: ⌘ suppress logs { quiet: true }
2026-06-08 02:09:03: ◇ injected env (0) from .env // tip: ⌁ auth for agents [www.vestauth.com]
2026-06-08 02:09:11: ◇ injected env (0) from .env // tip: ⌘ override existing { override: true }
2026-06-08 02:09:18: ◇ injected env (0) from .env // tip: ⌘ suppress logs { quiet: true }
2026-06-08 02:09:25: ◇ injected env (0) from .env // tip: ⌘ suppress logs { quiet: true }
2026-06-08 02:09:32: ◇ injected env (0) from .env // tip: ⌁ auth for agents [www.vestauth.com]
2026-06-08 02:09:39: ◇ injected env (0) from .env // tip: ⌘ override existing { override: true }
2026-06-08 02:09:44: ◇ injected env (0) from .env // tip: ⌘ custom filepath { path: '/custom/path/.env' }
2026-06-08 02:09:50: ◇ injected env (0) from .env // tip: ⌘ enable debugging { debug: true }
2026-06-08 02:09:56: ◇ injected env (0) from .env // tip: ⌁ auth for agents [www.vestauth.com]
2026-06-08 02:10:01: ◇ injected env (0) from .env // tip: ◈ encrypted .env [www.dotenvx.com]
2026-06-08 02:10:07: ◇ injected env (0) from .env // tip: ⌘ enable debugging { debug: true }
2026-06-08 02:10:13: ◇ injected env (0) from .env // tip: ⌘ override existing { override: true }
2026-06-08 02:10:18: ◇ injected env (0) from .env // tip: ◈ secrets for agents [www.dotenvx.com]
2026-06-08 02:10:24: ◇ injected env (0) from .env // tip: ⌘ custom filepath { path: '/custom/path/.env' }
2026-06-08 02:10:29: ◇ injected env (0) from .env // tip: ⌘ multiple files { path: ['.env.local', '.env'] }
2026-06-08 02:10:35: ◇ injected env (0) from .env // tip: ◈ encrypted .env [www.dotenvx.com]
2026-06-08 02:10:41: ◇ injected env (0) from .env // tip: ⌘ override existing { override: true }
2026-06-08 02:10:46: ◇ injected env (0) from .env // tip: ⌘ enable debugging { debug: true }
2026-06-08 02:10:51: ◇ injected env (0) from .env // tip: ⌘ custom filepath { path: '/custom/path/.env' }
2026-06-08 02:10:57: ◇ injected env (0) from .env // tip: ⌘ multiple files { path: ['.env.local', '.env'] }
2026-06-08 02:11:02: ◇ injected env (0) from .env // tip: ⌁ auth for agents [www.vestauth.com]
2026-06-08 02:11:08: ◇ injected env (0) from .env // tip: ⌘ suppress logs { quiet: true }
2026-06-08 02:11:13: ◇ injected env (0) from .env // tip: ⌘ custom filepath { path: '/custom/path/.env' }
2026-06-08 02:11:19: ◇ injected env (0) from .env // tip: ◈ encrypted .env [www.dotenvx.com]
2026-06-08 02:11:25: ◇ injected env (0) from .env // tip: ⌘ suppress logs { quiet: true }
2026-06-08 02:11:30: ◇ injected env (0) from .env // tip: ◈ secrets for agents [www.dotenvx.com]
2026-06-08 02:11:36: ◇ injected env (0) from .env // tip: ⌘ override existing { override: true }
2026-06-08 02:11:42: ◇ injected env (0) from .env // tip: ⌘ override existing { override: true }
2026-06-08 02:11:48: ◇ injected env (0) from .env // tip: ◈ secrets for agents [www.dotenvx.com]
2026-06-08 02:11:54: ◇ injected env (0) from .env // tip: ⌘ custom filepath { path: '/custom/path/.env' }
2026-06-08 02:12:01: ◇ injected env (0) from .env // tip: ⌘ multiple files { path: ['.env.local', '.env'] }
2026-06-08 02:12:07: ◇ injected env (0) from .env // tip: ⌘ custom filepath { path: '/custom/path/.env' }
2026-06-08 02:12:13: ◇ injected env (0) from .env // tip: ◈ encrypted .env [www.dotenvx.com]
2026-06-08 02:12:19: ◇ injected env (0) from .env // tip: ⌘ suppress logs { quiet: true }
2026-06-08 02:12:25: ◇ injected env (0) from .env // tip: ⌘ suppress logs { quiet: true }
2026-06-08 02:12:31: ◇ injected env (0) from .env // tip: ⌘ custom filepath { path: '/custom/path/.env' }
2026-06-08 02:12:36: ◇ injected env (0) from .env // tip: ⌘ enable debugging { debug: true }
2026-06-08 02:12:41: ◇ injected env (0) from .env // tip: ◈ encrypted .env [www.dotenvx.com]
2026-06-08 02:12:47: ◇ injected env (0) from .env // tip: ⌁ auth for agents [www.vestauth.com]
2026-06-08 02:12:53: ◇ injected env (0) from .env // tip: ◈ encrypted .env [www.dotenvx.com]
2026-06-08 02:12:59: ◇ injected env (0) from .env // tip: ⌁ auth for agents [www.vestauth.com]
2026-06-08 02:13:06: ◇ injected env (0) from .env // tip: ⌘ suppress logs { quiet: true }
2026-06-08 02:13:13: ◇ injected env (0) from .env // tip: ⌘ override existing { override: true }
2026-06-08 02:13:19: ◇ injected env (0) from .env // tip: ⌘ suppress logs { quiet: true }
2026-06-08 02:13:26: ◇ injected env (0) from .env // tip: ⌘ enable debugging { debug: true }
2026-06-08 02:13:32: ◇ injected env (0) from .env // tip: ⌘ override existing { override: true }
2026-06-08 02:13:39: ◇ injected env (0) from .env // tip: ⌘ multiple files { path: ['.env.local', '.env'] }
2026-06-08 02:13:46: ◇ injected env (0) from .env // tip: ◈ encrypted .env [www.dotenvx.com]
2026-06-08 02:13:52: ◇ injected env (0) from .env // tip: ⌘ enable debugging { debug: true }
2026-06-08 02:13:59: ◇ injected env (0) from .env // tip: ⌘ multiple files { path: ['.env.local', '.env'] }
2026-06-08 02:14:05: ◇ injected env (0) from .env // tip: ⌘ enable debugging { debug: true }
2026-06-08 02:14:12: ◇ injected env (0) from .env // tip: ◈ encrypted .env [www.dotenvx.com]
2026-06-08 02:14:19: ◇ injected env (0) from .env // tip: ⌘ multiple files { path: ['.env.local', '.env'] }
2026-06-08 02:14:25: ◇ injected env (0) from .env // tip: ⌘ custom filepath { path: '/custom/path/.env' }
2026-06-08 02:14:32: ◇ injected env (0) from .env // tip: ⌘ enable debugging { debug: true }
2026-06-08 02:14:38: ◇ injected env (0) from .env // tip: ⌘ custom filepath { path: '/custom/path/.env' }
2026-06-08 02:14:45: ◇ injected env (0) from .env // tip: ⌘ custom filepath { path: '/custom/path/.env' }
2026-06-08 02:14:51: ◇ injected env (0) from .env // tip: ⌘ multiple files { path: ['.env.local', '.env'] }
2026-06-08 02:14:58: ◇ injected env (0) from .env // tip: ⌘ suppress logs { quiet: true }
2026-06-08 02:15:04: ◇ injected env (0) from .env // tip: ⌘ custom filepath { path: '/custom/path/.env' }
2026-06-08 02:15:11: ◇ injected env (0) from .env // tip: ⌁ auth for agents [www.vestauth.com]
2026-06-08 02:15:18: ◇ injected env (0) from .env // tip: ◈ encrypted .env [www.dotenvx.com]
2026-06-08 02:15:24: ◇ injected env (0) from .env // tip: ⌘ override existing { override: true }
2026-06-08 02:15:31: ◇ injected env (0) from .env // tip: ◈ secrets for agents [www.dotenvx.com]
2026-06-08 02:15:38: ◇ injected env (0) from .env // tip: ⌘ multiple files { path: ['.env.local', '.env'] }
2026-06-08 02:15:45: ◇ injected env (0) from .env // tip: ⌘ enable debugging { debug: true }
2026-06-08 02:15:52: ◇ injected env (0) from .env // tip: ⌘ custom filepath { path: '/custom/path/.env' }
2026-06-08 02:15:58: ◇ injected env (0) from .env // tip: ◈ encrypted .env [www.dotenvx.com]
2026-06-08 02:16:05: ◇ injected env (0) from .env // tip: ⌘ suppress logs { quiet: true }
2026-06-08 02:16:12: ◇ injected env (0) from .env // tip: ⌘ custom filepath { path: '/custom/path/.env' }
2026-06-08 02:16:18: ◇ injected env (0) from .env // tip: ⌘ override existing { override: true }
2026-06-08 02:16:25: ◇ injected env (0) from .env // tip: ◈ secrets for agents [www.dotenvx.com]
2026-06-08 02:16:31: ◇ injected env (0) from .env // tip: ⌘ enable debugging { debug: true }
2026-06-08 02:16:38: ◇ injected env (0) from .env // tip: ⌘ custom filepath { path: '/custom/path/.env' }
2026-06-08 02:16:44: ◇ injected env (0) from .env // tip: ⌘ custom filepath { path: '/custom/path/.env' }
2026-06-08 02:16:51: ◇ injected env (0) from .env // tip: ⌘ enable debugging { debug: true }
2026-06-08 02:16:57: ◇ injected env (0) from .env // tip: ◈ secrets for agents [www.dotenvx.com]
2026-06-08 02:17:04: ◇ injected env (0) from .env // tip: ⌘ custom filepath { path: '/custom/path/.env' }
2026-06-08 02:17:11: ◇ injected env (0) from .env // tip: ⌘ custom filepath { path: '/custom/path/.env' }
2026-06-08 02:17:17: ◇ injected env (0) from .env // tip: ◈ secrets for agents [www.dotenvx.com]
2026-06-08 02:17:24: ◇ injected env (0) from .env // tip: ⌘ override existing { override: true }
2026-06-08 02:17:30: ◇ injected env (0) from .env // tip: ⌘ multiple files { path: ['.env.local', '.env'] }
2026-06-08 02:17:37: ◇ injected env (0) from .env // tip: ⌘ enable debugging { debug: true }
2026-06-08 02:17:44: ◇ injected env (0) from .env // tip: ⌘ override existing { override: true }
2026-06-08 02:17:50: ◇ injected env (0) from .env // tip: ⌘ enable debugging { debug: true }
2026-06-08 02:17:56: ◇ injected env (0) from .env // tip: ⌘ enable debugging { debug: true }
2026-06-08 02:18:03: ◇ injected env (0) from .env // tip: ⌘ multiple files { path: ['.env.local', '.env'] }
2026-06-08 02:18:10: ◇ injected env (0) from .env // tip: ◈ encrypted .env [www.dotenvx.com]
2026-06-08 02:18:16: ◇ injected env (0) from .env // tip: ◈ encrypted .env [www.dotenvx.com]
2026-06-08 02:18:22: ◇ injected env (0) from .env // tip: ⌘ enable debugging { debug: true }
2026-06-08 02:18:28: ◇ injected env (0) from .env // tip: ⌘ override existing { override: true }
2026-06-08 02:18:36: ◇ injected env (0) from .env // tip: ⌘ enable debugging { debug: true }
2026-06-08 02:18:42: ◇ injected env (0) from .env // tip: ⌘ suppress logs { quiet: true }
2026-06-08 02:18:48: ◇ injected env (0) from .env // tip: ⌘ custom filepath { path: '/custom/path/.env' }
2026-06-08 02:18:53: ◇ injected env (0) from .env // tip: ⌘ custom filepath { path: '/custom/path/.env' }
2026-06-08 02:18:59: ◇ injected env (0) from .env // tip: ◈ secrets for agents [www.dotenvx.com]
2026-06-08 02:19:04: ◇ injected env (0) from .env // tip: ◈ secrets for agents [www.dotenvx.com]
2026-06-08 02:19:10: ◇ injected env (0) from .env // tip: ⌘ multiple files { path: ['.env.local', '.env'] }
2026-06-08 02:19:15: ◇ injected env (0) from .env // tip: ◈ secrets for agents [www.dotenvx.com]
2026-06-08 02:19:20: ◇ injected env (0) from .env // tip: ◈ secrets for agents [www.dotenvx.com]
2026-06-08 02:19:26: ◇ injected env (0) from .env // tip: ◈ secrets for agents [www.dotenvx.com]
2026-06-08 02:19:33: ◇ injected env (0) from .env // tip: ◈ secrets for agents [www.dotenvx.com]
2026-06-08 02:19:40: ◇ injected env (0) from .env // tip: ⌘ suppress logs { quiet: true }
2026-06-08 02:19:46: ◇ injected env (0) from .env // tip: ⌘ override existing { override: true }
2026-06-08 02:19:53: ◇ injected env (0) from .env // tip: ⌘ override existing { override: true }
2026-06-08 02:20:00: ◇ injected env (0) from .env // tip: ◈ encrypted .env [www.dotenvx.com]
2026-06-08 02:20:06: ◇ injected env (0) from .env // tip: ⌘ override existing { override: true }
2026-06-08 02:20:13: ◇ injected env (0) from .env // tip: ◈ secrets for agents [www.dotenvx.com]
2026-06-08 02:20:20: ◇ injected env (0) from .env // tip: ⌁ auth for agents [www.vestauth.com]
2026-06-08 02:20:27: ◇ injected env (0) from .env // tip: ⌘ suppress logs { quiet: true }
2026-06-08 02:20:34: ◇ injected env (0) from .env // tip: ⌘ multiple files { path: ['.env.local', '.env'] }
2026-06-08 02:20:41: ◇ injected env (0) from .env // tip: ⌘ multiple files { path: ['.env.local', '.env'] }
2026-06-08 02:20:48: ◇ injected env (0) from .env // tip: ⌁ auth for agents [www.vestauth.com]
2026-06-08 02:20:55: ◇ injected env (0) from .env // tip: ⌁ auth for agents [www.vestauth.com]
2026-06-08 02:21:02: ◇ injected env (0) from .env // tip: ⌘ suppress logs { quiet: true }
2026-06-08 02:21:09: ◇ injected env (0) from .env // tip: ⌘ override existing { override: true }
2026-06-08 02:21:16: ◇ injected env (0) from .env // tip: ⌘ multiple files { path: ['.env.local', '.env'] }
2026-06-08 02:21:23: ◇ injected env (0) from .env // tip: ⌘ override existing { override: true }
2026-06-08 02:21:30: ◇ injected env (0) from .env // tip: ⌘ override existing { override: true }
2026-06-08 02:21:37: ◇ injected env (0) from .env // tip: ⌘ enable debugging { debug: true }
2026-06-08 02:21:43: ◇ injected env (0) from .env // tip: ⌘ custom filepath { path: '/custom/path/.env' }
2026-06-08 02:21:51: ◇ injected env (0) from .env // tip: ⌘ multiple files { path: ['.env.local', '.env'] }
2026-06-08 02:21:57: ◇ injected env (0) from .env // tip: ⌘ suppress logs { quiet: true }
2026-06-08 02:22:04: ◇ injected env (0) from .env // tip: ⌁ auth for agents [www.vestauth.com]
2026-06-08 02:22:11: ◇ injected env (0) from .env // tip: ⌘ override existing { override: true }
2026-06-08 02:22:18: ◇ injected env (0) from .env // tip: ⌘ multiple files { path: ['.env.local', '.env'] }
2026-06-08 02:22:25: ◇ injected env (0) from .env // tip: ⌘ multiple files { path: ['.env.local', '.env'] }
2026-06-08 02:22:32: ◇ injected env (0) from .env // tip: ⌘ multiple files { path: ['.env.local', '.env'] }
2026-06-08 02:22:39: ◇ injected env (0) from .env // tip: ⌘ custom filepath { path: '/custom/path/.env' }
2026-06-08 02:22:46: ◇ injected env (0) from .env // tip: ⌘ override existing { override: true }
2026-06-08 02:22:53: ◇ injected env (0) from .env // tip: ⌘ override existing { override: true }
2026-06-08 02:22:59: ◇ injected env (0) from .env // tip: ⌘ multiple files { path: ['.env.local', '.env'] }
2026-06-08 02:23:07: ◇ injected env (0) from .env // tip: ⌘ suppress logs { quiet: true }
2026-06-08 02:23:14: ◇ injected env (0) from .env // tip: ⌘ enable debugging { debug: true }
2026-06-08 02:23:20: ◇ injected env (0) from .env // tip: ◈ secrets for agents [www.dotenvx.com]
2026-06-08 02:23:27: ◇ injected env (0) from .env // tip: ⌁ auth for agents [www.vestauth.com]
2026-06-08 02:23:34: ◇ injected env (0) from .env // tip: ⌘ suppress logs { quiet: true }
2026-06-08 02:23:42: ◇ injected env (0) from .env // tip: ◈ secrets for agents [www.dotenvx.com]
2026-06-08 02:23:48: ◇ injected env (0) from .env // tip: ⌘ enable debugging { debug: true }
2026-06-08 02:23:55: ◇ injected env (0) from .env // tip: ⌘ suppress logs { quiet: true }
2026-06-08 02:24:02: ◇ injected env (0) from .env // tip: ⌘ multiple files { path: ['.env.local', '.env'] }
2026-06-08 02:24:09: ◇ injected env (0) from .env // tip: ⌘ multiple files { path: ['.env.local', '.env'] }
2026-06-08 02:24:16: ◇ injected env (0) from .env // tip: ⌘ enable debugging { debug: true }
2026-06-08 02:24:23: ◇ injected env (0) from .env // tip: ⌘ multiple files { path: ['.env.local', '.env'] }
2026-06-08 02:24:30: ◇ injected env (0) from .env // tip: ⌘ suppress logs { quiet: true }
2026-06-08 02:24:37: ◇ injected env (0) from .env // tip: ⌘ override existing { override: true }
2026-06-08 02:24:44: ◇ injected env (0) from .env // tip: ⌁ auth for agents [www.vestauth.com]
2026-06-08 02:24:51: ◇ injected env (0) from .env // tip: ⌁ auth for agents [www.vestauth.com]
2026-06-08 02:24:57: ◇ injected env (0) from .env // tip: ⌁ auth for agents [www.vestauth.com]
2026-06-08 02:25:05: ◇ injected env (0) from .env // tip: ⌘ multiple files { path: ['.env.local', '.env'] }
2026-06-08 02:25:11: ◇ injected env (0) from .env // tip: ⌘ override existing { override: true }
2026-06-08 02:25:18: ◇ injected env (0) from .env // tip: ⌘ multiple files { path: ['.env.local', '.env'] }
2026-06-08 02:25:25: ◇ injected env (0) from .env // tip: ⌘ custom filepath { path: '/custom/path/.env' }
2026-06-08 02:25:32: ◇ injected env (0) from .env // tip: ◈ encrypted .env [www.dotenvx.com]
2026-06-08 02:25:39: ◇ injected env (0) from .env // tip: ◈ secrets for agents [www.dotenvx.com]
2026-06-08 02:25:46: ◇ injected env (0) from .env // tip: ◈ secrets for agents [www.dotenvx.com]
2026-06-08 02:25:53: ◇ injected env (0) from .env // tip: ⌁ auth for agents [www.vestauth.com]
2026-06-08 02:26:00: ◇ injected env (0) from .env // tip: ◈ encrypted .env [www.dotenvx.com]
2026-06-08 02:26:08: ◇ injected env (0) from .env // tip: ⌘ multiple files { path: ['.env.local', '.env'] }
2026-06-08 02:26:15: ◇ injected env (0) from .env // tip: ⌘ enable debugging { debug: true }
2026-06-08 02:26:22: ◇ injected env (0) from .env // tip: ⌘ suppress logs { quiet: true }
2026-06-08 02:26:29: ◇ injected env (0) from .env // tip: ◈ encrypted .env [www.dotenvx.com]
2026-06-08 02:26:36: ◇ injected env (0) from .env // tip: ⌘ override existing { override: true }
2026-06-08 02:26:44: ◇ injected env (0) from .env // tip: ⌘ multiple files { path: ['.env.local', '.env'] }
2026-06-08 02:26:50: ◇ injected env (0) from .env // tip: ⌘ override existing { override: true }
2026-06-08 02:26:58: ◇ injected env (0) from .env // tip: ◈ secrets for agents [www.dotenvx.com]
2026-06-08 02:27:05: ◇ injected env (0) from .env // tip: ⌁ auth for agents [www.vestauth.com]
2026-06-08 02:27:12: ◇ injected env (0) from .env // tip: ⌘ enable debugging { debug: true }
2026-06-08 02:27:19: ◇ injected env (0) from .env // tip: ⌘ override existing { override: true }
2026-06-08 02:27:25: ◇ injected env (0) from .env // tip: ◈ secrets for agents [www.dotenvx.com]
2026-06-08 02:27:32: ◇ injected env (0) from .env // tip: ⌁ auth for agents [www.vestauth.com]
2026-06-08 02:27:40: ◇ injected env (0) from .env // tip: ◈ encrypted .env [www.dotenvx.com]
2026-06-08 02:27:46: ◇ injected env (0) from .env // tip: ⌘ suppress logs { quiet: true }
2026-06-08 02:27:53: ◇ injected env (0) from .env // tip: ◈ encrypted .env [www.dotenvx.com]
2026-06-08 02:28:00: ◇ injected env (0) from .env // tip: ◈ secrets for agents [www.dotenvx.com]
2026-06-08 02:28:08: ◇ injected env (0) from .env // tip: ⌘ custom filepath { path: '/custom/path/.env' }
2026-06-08 02:28:14: ◇ injected env (0) from .env // tip: ⌘ override existing { override: true }
2026-06-08 02:28:21: ◇ injected env (0) from .env // tip: ◈ secrets for agents [www.dotenvx.com]
2026-06-08 02:28:28: ◇ injected env (0) from .env // tip: ⌘ enable debugging { debug: true }
2026-06-08 02:28:35: ◇ injected env (0) from .env // tip: ⌁ auth for agents [www.vestauth.com]
2026-06-08 02:28:42: ◇ injected env (0) from .env // tip: ⌘ multiple files { path: ['.env.local', '.env'] }
2026-06-08 02:28:49: ◇ injected env (0) from .env // tip: ⌘ enable debugging { debug: true }
2026-06-08 02:28:56: ◇ injected env (0) from .env // tip: ⌘ override existing { override: true }
2026-06-08 02:29:03: ◇ injected env (0) from .env // tip: ⌘ override existing { override: true }
2026-06-08 02:29:11: ◇ injected env (0) from .env // tip: ◈ secrets for agents [www.dotenvx.com]
2026-06-08 02:29:17: ◇ injected env (0) from .env // tip: ⌘ override existing { override: true }
2026-06-08 02:29:24: ◇ injected env (0) from .env // tip: ⌁ auth for agents [www.vestauth.com]
2026-06-08 02:29:30: ◇ injected env (0) from .env // tip: ⌘ enable debugging { debug: true }
2026-06-08 02:29:38: ◇ injected env (0) from .env // tip: ◈ encrypted .env [www.dotenvx.com]
2026-06-08 02:29:45: ◇ injected env (0) from .env // tip: ⌁ auth for agents [www.vestauth.com]
2026-06-08 02:29:51: ◇ injected env (0) from .env // tip: ⌘ multiple files { path: ['.env.local', '.env'] }
2026-06-08 02:29:58: ◇ injected env (0) from .env // tip: ⌘ suppress logs { quiet: true }
2026-06-08 02:30:05: ◇ injected env (0) from .env // tip: ◈ secrets for agents [www.dotenvx.com]
2026-06-08 02:30:12: ◇ injected env (0) from .env // tip: ◈ encrypted .env [www.dotenvx.com]
2026-06-08 02:30:19: ◇ injected env (0) from .env // tip: ⌘ custom filepath { path: '/custom/path/.env' }
2026-06-08 02:30:25: ◇ injected env (0) from .env // tip: ⌁ auth for agents [www.vestauth.com]
2026-06-08 02:30:32: ◇ injected env (0) from .env // tip: ⌘ custom filepath { path: '/custom/path/.env' }
2026-06-08 02:30:39: ◇ injected env (0) from .env // tip: ⌘ custom filepath { path: '/custom/path/.env' }
2026-06-08 02:30:46: ◇ injected env (0) from .env // tip: ⌘ suppress logs { quiet: true }
2026-06-08 02:30:52: ◇ injected env (0) from .env // tip: ◈ secrets for agents [www.dotenvx.com]
2026-06-08 02:30:59: ◇ injected env (0) from .env // tip: ◈ encrypted .env [www.dotenvx.com]
2026-06-08 02:31:06: ◇ injected env (0) from .env // tip: ⌘ enable debugging { debug: true }
2026-06-08 02:31:12: ◇ injected env (0) from .env // tip: ⌘ multiple files { path: ['.env.local', '.env'] }
2026-06-08 02:31:19: ◇ injected env (0) from .env // tip: ⌘ enable debugging { debug: true }
2026-06-08 02:31:25: ◇ injected env (0) from .env // tip: ◈ secrets for agents [www.dotenvx.com]
2026-06-08 02:31:33: ◇ injected env (0) from .env // tip: ◈ secrets for agents [www.dotenvx.com]
2026-06-08 02:31:42: ◇ injected env (0) from .env // tip: ⌘ override existing { override: true }
2026-06-08 02:31:49: ◇ injected env (0) from .env // tip: ⌘ multiple files { path: ['.env.local', '.env'] }
2026-06-08 02:31:55: ◇ injected env (0) from .env // tip: ⌘ override existing { override: true }
2026-06-08 02:32:03: ◇ injected env (0) from .env // tip: ⌘ custom filepath { path: '/custom/path/.env' }
2026-06-08 02:32:10: ◇ injected env (0) from .env // tip: ⌘ multiple files { path: ['.env.local', '.env'] }
2026-06-08 02:32:12: ◇ injected env (0) from .env // tip: ⌘ multiple files { path: ['.env.local', '.env'] }
2026-06-08 02:32:15: ◇ injected env (0) from .env // tip: ◈ encrypted .env [www.dotenvx.com]
2026-06-08 02:32:22: ◇ injected env (0) from .env // tip: ⌁ auth for agents [www.vestauth.com]
2026-06-08 02:32:26: ◇ injected env (0) from .env // tip: ⌘ custom filepath { path: '/custom/path/.env' }
2026-06-08 02:32:33: ◇ injected env (0) from .env // tip: ⌘ enable debugging { debug: true }
2026-06-08 02:32:42: ◇ injected env (0) from .env // tip: ⌘ override existing { override: true }
2026-06-08 02:32:50: ◇ injected env (0) from .env // tip: ⌘ enable debugging { debug: true }
2026-06-08 02:33:00: ◇ injected env (0) from .env // tip: ⌘ multiple files { path: ['.env.local', '.env'] }
2026-06-08 02:33:07: ◇ injected env (0) from .env // tip: ⌘ suppress logs { quiet: true }
2026-06-08 02:33:13: ◇ injected env (0) from .env // tip: ⌘ custom filepath { path: '/custom/path/.env' }
2026-06-08 02:33:18: ◇ injected env (0) from .env // tip: ⌘ suppress logs { quiet: true }
2026-06-08 02:33:20: ◇ injected env (0) from .env // tip: ◈ encrypted .env [www.dotenvx.com]
2026-06-08 02:33:23: ◇ injected env (0) from .env // tip: ◈ encrypted .env [www.dotenvx.com]
2026-06-08 02:33:31: ◇ injected env (0) from .env // tip: ⌘ enable debugging { debug: true }
2026-06-08 02:33:38: ◇ injected env (0) from .env // tip: ⌘ enable debugging { debug: true }
2026-06-08 02:33:42: ◇ injected env (0) from .env // tip: ⌁ auth for agents [www.vestauth.com]
2026-06-08 02:33:49: ◇ injected env (0) from .env // tip: ⌘ suppress logs { quiet: true }
2026-06-08 02:33:57: ◇ injected env (0) from .env // tip: ⌘ enable debugging { debug: true }
2026-06-08 02:34:04: ◇ injected env (0) from .env // tip: ◈ secrets for agents [www.dotenvx.com]
2026-06-08 02:34:12: ◇ injected env (0) from .env // tip: ⌘ override existing { override: true }
2026-06-08 02:34:19: ◇ injected env (0) from .env // tip: ⌁ auth for agents [www.vestauth.com]
2026-06-08 02:34:26: ◇ injected env (0) from .env // tip: ⌁ auth for agents [www.vestauth.com]
2026-06-08 02:34:34: ◇ injected env (0) from .env // tip: ⌘ custom filepath { path: '/custom/path/.env' }
2026-06-08 02:34:44: ◇ injected env (0) from .env // tip: ◈ secrets for agents [www.dotenvx.com]
2026-06-08 02:34:52: ◇ injected env (0) from .env // tip: ⌘ override existing { override: true }
2026-06-08 02:35:00: ◇ injected env (0) from .env // tip: ⌘ custom filepath { path: '/custom/path/.env' }
2026-06-08 02:35:09: ◇ injected env (0) from .env // tip: ◈ secrets for agents [www.dotenvx.com]
2026-06-08 02:35:16: ◇ injected env (0) from .env // tip: ⌘ override existing { override: true }
2026-06-08 02:35:24: ◇ injected env (0) from .env // tip: ⌘ override existing { override: true }
2026-06-08 02:35:31: ◇ injected env (0) from .env // tip: ⌘ custom filepath { path: '/custom/path/.env' }
2026-06-08 02:35:40: ◇ injected env (0) from .env // tip: ◈ secrets for agents [www.dotenvx.com]
2026-06-08 02:35:48: ◇ injected env (0) from .env // tip: ⌁ auth for agents [www.vestauth.com]
2026-06-08 02:35:59: ◇ injected env (0) from .env // tip: ◈ encrypted .env [www.dotenvx.com]
2026-06-08 02:36:10: ◇ injected env (0) from .env // tip: ⌘ override existing { override: true }
2026-06-08 02:36:21: ◇ injected env (0) from .env // tip: ⌘ override existing { override: true }
2026-06-08 02:36:30: ◇ injected env (0) from .env // tip: ⌘ override existing { override: true }
2026-06-08 02:36:38: ◇ injected env (0) from .env // tip: ⌘ multiple files { path: ['.env.local', '.env'] }
2026-06-08 02:36:46: ◇ injected env (0) from .env // tip: ⌁ auth for agents [www.vestauth.com]
2026-06-08 02:36:54: ◇ injected env (0) from .env // tip: ⌘ custom filepath { path: '/custom/path/.env' }
2026-06-08 02:37:03: ◇ injected env (0) from .env // tip: ⌘ override existing { override: true }
2026-06-08 02:37:12: ◇ injected env (0) from .env // tip: ⌘ custom filepath { path: '/custom/path/.env' }
2026-06-08 02:37:20: ◇ injected env (0) from .env // tip: ⌘ multiple files { path: ['.env.local', '.env'] }
2026-06-08 02:37:35: ◇ injected env (0) from .env // tip: ⌘ enable debugging { debug: true }
2026-06-08 02:37:50: ◇ injected env (0) from .env // tip: ⌘ enable debugging { debug: true }
2026-06-08 02:38:06: ◇ injected env (0) from .env // tip: ⌘ override existing { override: true }
2026-06-08 02:38:17: ◇ injected env (0) from .env // tip: ◈ secrets for agents [www.dotenvx.com]
2026-06-08 02:38:25: ◇ injected env (0) from .env // tip: ⌁ auth for agents [www.vestauth.com]
2026-06-08 02:38:34: ◇ injected env (0) from .env // tip: ⌘ custom filepath { path: '/custom/path/.env' }
2026-06-08 02:38:43: ◇ injected env (0) from .env // tip: ◈ encrypted .env [www.dotenvx.com]
2026-06-08 02:38:51: ◇ injected env (0) from .env // tip: ⌘ override existing { override: true }
2026-06-08 02:39:00: ◇ injected env (0) from .env // tip: ⌘ override existing { override: true }
2026-06-08 02:39:07: ◇ injected env (0) from .env // tip: ⌘ enable debugging { debug: true }
2026-06-08 02:39:16: ◇ injected env (0) from .env // tip: ⌘ multiple files { path: ['.env.local', '.env'] }
2026-06-08 02:39:23: ◇ injected env (0) from .env // tip: ⌘ override existing { override: true }
2026-06-08 02:39:30: ◇ injected env (0) from .env // tip: ◈ encrypted .env [www.dotenvx.com]
2026-06-08 02:39:38: ◇ injected env (0) from .env // tip: ⌘ override existing { override: true }
2026-06-08 02:39:45: ◇ injected env (0) from .env // tip: ⌘ custom filepath { path: '/custom/path/.env' }
2026-06-08 02:39:51: ◇ injected env (0) from .env // tip: ◈ encrypted .env [www.dotenvx.com]
2026-06-08 02:39:53: ◇ injected env (0) from .env // tip: ⌘ override existing { override: true }
2026-06-08 02:39:59: ◇ injected env (0) from .env // tip: ⌘ custom filepath { path: '/custom/path/.env' }
2026-06-08 02:40:02: ◇ injected env (0) from .env // tip: ◈ secrets for agents [www.dotenvx.com]
2026-06-08 02:40:11: ◇ injected env (0) from .env // tip: ⌘ suppress logs { quiet: true }
2026-06-08 02:40:19: ◇ injected env (0) from .env // tip: ⌘ override existing { override: true }
2026-06-08 02:40:25: ◇ injected env (0) from .env // tip: ⌘ custom filepath { path: '/custom/path/.env' }
2026-06-08 02:40:32: ◇ injected env (0) from .env // tip: ⌁ auth for agents [www.vestauth.com]
2026-06-08 02:40:37: ◇ injected env (0) from .env // tip: ⌘ enable debugging { debug: true }
2026-06-08 02:40:39: ◇ injected env (0) from .env // tip: ⌘ custom filepath { path: '/custom/path/.env' }
2026-06-08 02:40:44: ◇ injected env (0) from .env // tip: ◈ secrets for agents [www.dotenvx.com]
2026-06-08 02:40:48: ◇ injected env (0) from .env // tip: ⌘ override existing { override: true }
2026-06-08 02:40:53: ◇ injected env (0) from .env // tip: ◈ encrypted .env [www.dotenvx.com]
2026-06-08 02:40:56: ◇ injected env (0) from .env // tip: ◈ secrets for agents [www.dotenvx.com]
2026-06-08 02:41:03: ◇ injected env (0) from .env // tip: ⌁ auth for agents [www.vestauth.com]
2026-06-08 02:41:10: ◇ injected env (0) from .env // tip: ◈ secrets for agents [www.dotenvx.com]
2026-06-08 02:41:14: ◇ injected env (0) from .env // tip: ⌘ suppress logs { quiet: true }
2026-06-08 02:41:20: ◇ injected env (0) from .env // tip: ⌘ enable debugging { debug: true }
2026-06-08 02:41:28: ◇ injected env (0) from .env // tip: ◈ encrypted .env [www.dotenvx.com]
2026-06-08 02:41:35: ◇ injected env (0) from .env // tip: ⌘ override existing { override: true }
2026-06-08 02:41:44: ◇ injected env (0) from .env // tip: ⌘ enable debugging { debug: true }
2026-06-08 02:41:52: ◇ injected env (0) from .env // tip: ⌘ override existing { override: true }
2026-06-08 02:41:59: ◇ injected env (0) from .env // tip: ⌘ custom filepath { path: '/custom/path/.env' }
2026-06-08 02:42:06: ◇ injected env (0) from .env // tip: ◈ encrypted .env [www.dotenvx.com]
2026-06-08 02:42:14: ◇ injected env (0) from .env // tip: ⌘ suppress logs { quiet: true }
2026-06-08 02:42:23: ◇ injected env (0) from .env // tip: ⌘ custom filepath { path: '/custom/path/.env' }
2026-06-08 02:42:31: ◇ injected env (0) from .env // tip: ◈ secrets for agents [www.dotenvx.com]
2026-06-08 02:42:35: ◇ injected env (0) from .env // tip: ⌁ auth for agents [www.vestauth.com]
2026-06-08 02:42:38: ◇ injected env (0) from .env // tip: ◈ encrypted .env [www.dotenvx.com]
2026-06-08 02:42:41: ◇ injected env (0) from .env // tip: ⌘ multiple files { path: ['.env.local', '.env'] }
2026-06-08 02:42:48: ◇ injected env (0) from .env // tip: ◈ secrets for agents [www.dotenvx.com]
2026-06-08 02:42:55: ◇ injected env (0) from .env // tip: ◈ secrets for agents [www.dotenvx.com]
2026-06-08 02:43:03: ◇ injected env (0) from .env // tip: ⌘ override existing { override: true }
2026-06-08 02:43:11: ◇ injected env (0) from .env // tip: ⌘ custom filepath { path: '/custom/path/.env' }
2026-06-08 02:43:19: ◇ injected env (0) from .env // tip: ⌘ custom filepath { path: '/custom/path/.env' }
2026-06-08 02:43:27: ◇ injected env (0) from .env // tip: ⌘ override existing { override: true }
2026-06-08 02:43:39: ◇ injected env (0) from .env // tip: ⌁ auth for agents [www.vestauth.com]
2026-06-08 02:43:47: ◇ injected env (0) from .env // tip: ⌘ override existing { override: true }
2026-06-08 02:43:54: ◇ injected env (0) from .env // tip: ◈ encrypted .env [www.dotenvx.com]
2026-06-08 02:43:58: ◇ injected env (0) from .env // tip: ⌘ suppress logs { quiet: true }
2026-06-08 02:44:06: ◇ injected env (0) from .env // tip: ⌘ suppress logs { quiet: true }
2026-06-08 02:44:13: ◇ injected env (0) from .env // tip: ⌁ auth for agents [www.vestauth.com]
2026-06-08 02:44:16: ◇ injected env (0) from .env // tip: ⌘ multiple files { path: ['.env.local', '.env'] }
2026-06-08 02:44:25: ◇ injected env (0) from .env // tip: ⌘ suppress logs { quiet: true }
2026-06-08 02:44:32: ◇ injected env (0) from .env // tip: ⌁ auth for agents [www.vestauth.com]
2026-06-08 02:44:45: ◇ injected env (0) from .env // tip: ⌘ multiple files { path: ['.env.local', '.env'] }
2026-06-08 02:44:55: ◇ injected env (0) from .env // tip: ⌘ enable debugging { debug: true }
2026-06-08 02:45:02: ◇ injected env (0) from .env // tip: ⌘ override existing { override: true }
2026-06-08 02:45:10: ◇ injected env (0) from .env // tip: ⌁ auth for agents [www.vestauth.com]
2026-06-08 02:45:16: ◇ injected env (0) from .env // tip: ⌘ custom filepath { path: '/custom/path/.env' }
2026-06-08 02:45:20: ◇ injected env (0) from .env // tip: ⌘ multiple files { path: ['.env.local', '.env'] }
2026-06-08 02:45:29: ◇ injected env (0) from .env // tip: ⌘ suppress logs { quiet: true }
2026-06-08 02:45:36: ◇ injected env (0) from .env // tip: ⌁ auth for agents [www.vestauth.com]
2026-06-08 02:45:44: ◇ injected env (0) from .env // tip: ◈ secrets for agents [www.dotenvx.com]
2026-06-08 02:45:52: ◇ injected env (0) from .env // tip: ◈ encrypted .env [www.dotenvx.com]
2026-06-08 02:46:00: ◇ injected env (0) from .env // tip: ⌘ custom filepath { path: '/custom/path/.env' }
2026-06-08 02:46:08: ◇ injected env (0) from .env // tip: ⌁ auth for agents [www.vestauth.com]
2026-06-08 02:46:16: ◇ injected env (0) from .env // tip: ◈ secrets for agents [www.dotenvx.com]
2026-06-08 02:46:23: ◇ injected env (0) from .env // tip: ⌘ override existing { override: true }
2026-06-08 02:46:31: ◇ injected env (0) from .env // tip: ⌘ enable debugging { debug: true }
2026-06-08 02:46:38: ◇ injected env (0) from .env // tip: ⌘ override existing { override: true }
2026-06-08 02:46:44: ◇ injected env (0) from .env // tip: ⌘ multiple files { path: ['.env.local', '.env'] }
2026-06-08 02:46:49: ◇ injected env (0) from .env // tip: ◈ encrypted .env [www.dotenvx.com]
2026-06-08 02:46:52: ◇ injected env (0) from .env // tip: ⌘ multiple files { path: ['.env.local', '.env'] }
2026-06-08 02:46:57: ◇ injected env (0) from .env // tip: ⌘ enable debugging { debug: true }
2026-06-08 02:47:00: ◇ injected env (0) from .env // tip: ◈ encrypted .env [www.dotenvx.com]
2026-06-08 02:47:07: ◇ injected env (0) from .env // tip: ⌁ auth for agents [www.vestauth.com]
2026-06-08 02:47:11: ◇ injected env (0) from .env // tip: ⌘ enable debugging { debug: true }
2026-06-08 02:47:14: ◇ injected env (0) from .env // tip: ⌘ override existing { override: true }
2026-06-08 02:47:16: ◇ injected env (0) from .env // tip: ⌘ override existing { override: true }
2026-06-08 02:47:21: ◇ injected env (0) from .env // tip: ◈ secrets for agents [www.dotenvx.com]
2026-06-08 02:47:24: ◇ injected env (0) from .env // tip: ⌘ custom filepath { path: '/custom/path/.env' }
2026-06-08 02:47:31: ◇ injected env (0) from .env // tip: ⌘ override existing { override: true }
2026-06-08 02:47:38: ◇ injected env (0) from .env // tip: ⌘ suppress logs { quiet: true }
2026-06-08 02:47:42: ◇ injected env (0) from .env // tip: ⌘ suppress logs { quiet: true }
2026-06-08 02:47:48: ◇ injected env (0) from .env // tip: ⌁ auth for agents [www.vestauth.com]
2026-06-08 02:47:56: ◇ injected env (0) from .env // tip: ⌘ suppress logs { quiet: true }
2026-06-08 02:48:03: ◇ injected env (0) from .env // tip: ⌘ override existing { override: true }
2026-06-08 02:48:11: ◇ injected env (0) from .env // tip: ⌘ multiple files { path: ['.env.local', '.env'] }
2026-06-08 02:48:17: ◇ injected env (0) from .env // tip: ⌘ enable debugging { debug: true }
2026-06-08 02:48:22: ◇ injected env (0) from .env // tip: ⌘ suppress logs { quiet: true }
2026-06-08 02:48:25: ◇ injected env (0) from .env // tip: ⌘ override existing { override: true }
2026-06-08 02:48:29: ◇ injected env (0) from .env // tip: ⌘ custom filepath { path: '/custom/path/.env' }
2026-06-08 02:48:34: ◇ injected env (0) from .env // tip: ⌁ auth for agents [www.vestauth.com]
2026-06-08 02:48:41: ◇ injected env (0) from .env // tip: ⌁ auth for agents [www.vestauth.com]
2026-06-08 02:48:45: ◇ injected env (0) from .env // tip: ⌘ suppress logs { quiet: true }
2026-06-08 02:48:48: ◇ injected env (0) from .env // tip: ⌘ enable debugging { debug: true }
2026-06-08 02:48:53: ◇ injected env (0) from .env // tip: ⌘ custom filepath { path: '/custom/path/.env' }
2026-06-08 02:48:56: ◇ injected env (0) from .env // tip: ⌘ suppress logs { quiet: true }
2026-06-08 02:49:01: ◇ injected env (0) from .env // tip: ⌘ enable debugging { debug: true }
2026-06-08 02:49:03: ◇ injected env (0) from .env // tip: ⌘ custom filepath { path: '/custom/path/.env' }
2026-06-08 02:49:06: ◇ injected env (0) from .env // tip: ◈ encrypted .env [www.dotenvx.com]
2026-06-08 02:49:13: ◇ injected env (0) from .env // tip: ⌘ enable debugging { debug: true }
2026-06-08 02:49:19: ◇ injected env (0) from .env // tip: ⌘ multiple files { path: ['.env.local', '.env'] }
2026-06-08 02:49:22: ◇ injected env (0) from .env // tip: ◈ encrypted .env [www.dotenvx.com]
2026-06-08 02:49:28: ◇ injected env (0) from .env // tip: ⌁ auth for agents [www.vestauth.com]
2026-06-08 02:49:34: ◇ injected env (0) from .env // tip: ⌁ auth for agents [www.vestauth.com]
2026-06-08 02:49:38: ◇ injected env (0) from .env // tip: ⌘ override existing { override: true }
2026-06-08 02:49:44: ◇ injected env (0) from .env // tip: ⌘ override existing { override: true }
2026-06-08 02:49:53: ◇ injected env (0) from .env // tip: ◈ encrypted .env [www.dotenvx.com]
2026-06-08 02:50:01: ◇ injected env (0) from .env // tip: ◈ secrets for agents [www.dotenvx.com]
2026-06-08 02:50:11: ◇ injected env (0) from .env // tip: ⌘ enable debugging { debug: true }
2026-06-08 02:50:21: ◇ injected env (0) from .env // tip: ⌘ override existing { override: true }
2026-06-08 02:50:31: ◇ injected env (0) from .env // tip: ⌘ suppress logs { quiet: true }
2026-06-08 02:50:41: ◇ injected env (0) from .env // tip: ⌘ multiple files { path: ['.env.local', '.env'] }
2026-06-08 02:50:51: ◇ injected env (0) from .env // tip: ◈ secrets for agents [www.dotenvx.com]
2026-06-08 02:51:05: ◇ injected env (0) from .env // tip: ⌘ suppress logs { quiet: true }
2026-06-08 02:51:21: ◇ injected env (0) from .env // tip: ⌘ multiple files { path: ['.env.local', '.env'] }
2026-06-08 02:51:38: ◇ injected env (0) from .env // tip: ◈ encrypted .env [www.dotenvx.com]
2026-06-08 02:51:46: ◇ injected env (0) from .env // tip: ⌘ custom filepath { path: '/custom/path/.env' }
2026-06-08 02:51:52: ◇ injected env (0) from .env // tip: ◈ encrypted .env [www.dotenvx.com]
2026-06-08 02:52:00: ◇ injected env (0) from .env // tip: ⌁ auth for agents [www.vestauth.com]
2026-06-08 02:52:12: ◇ injected env (0) from .env // tip: ⌘ enable debugging { debug: true }
2026-06-08 02:52:25: ◇ injected env (0) from .env // tip: ◈ encrypted .env [www.dotenvx.com]
2026-06-08 02:52:41: ◇ injected env (0) from .env // tip: ⌁ auth for agents [www.vestauth.com]
2026-06-08 02:52:55: ◇ injected env (0) from .env // tip: ◈ secrets for agents [www.dotenvx.com]
2026-06-08 02:53:05: ◇ injected env (0) from .env // tip: ⌘ enable debugging { debug: true }
2026-06-08 02:53:14: ◇ injected env (0) from .env // tip: ◈ encrypted .env [www.dotenvx.com]
2026-06-08 02:53:23: ◇ injected env (0) from .env // tip: ⌘ suppress logs { quiet: true }
2026-06-08 02:53:29: ◇ injected env (0) from .env // tip: ⌘ suppress logs { quiet: true }
2026-06-08 02:53:32: ◇ injected env (0) from .env // tip: ⌘ enable debugging { debug: true }
2026-06-08 02:53:41: ◇ injected env (0) from .env // tip: ⌘ custom filepath { path: '/custom/path/.env' }
2026-06-08 02:53:46: ◇ injected env (0) from .env // tip: ⌘ suppress logs { quiet: true }
2026-06-08 02:53:51: ◇ injected env (0) from .env // tip: ◈ secrets for agents [www.dotenvx.com]
2026-06-08 02:53:57: ◇ injected env (0) from .env // tip: ⌘ multiple files { path: ['.env.local', '.env'] }
2026-06-08 02:54:00: ◇ injected env (0) from .env // tip: ⌘ custom filepath { path: '/custom/path/.env' }
2026-06-08 02:54:08: ◇ injected env (0) from .env // tip: ⌘ suppress logs { quiet: true }
2026-06-08 02:54:17: ◇ injected env (0) from .env // tip: ◈ secrets for agents [www.dotenvx.com]
2026-06-08 02:54:20: ◇ injected env (0) from .env // tip: ⌘ multiple files { path: ['.env.local', '.env'] }
2026-06-08 02:54:25: ◇ injected env (0) from .env // tip: ⌘ enable debugging { debug: true }
2026-06-08 02:54:34: ◇ injected env (0) from .env // tip: ⌁ auth for agents [www.vestauth.com]
2026-06-08 02:54:45: ◇ injected env (0) from .env // tip: ◈ encrypted .env [www.dotenvx.com]
2026-06-08 02:54:54: ◇ injected env (0) from .env // tip: ⌘ override existing { override: true }
2026-06-08 02:55:05: ◇ injected env (0) from .env // tip: ⌁ auth for agents [www.vestauth.com]
2026-06-08 02:55:14: ◇ injected env (0) from .env // tip: ⌘ suppress logs { quiet: true }
2026-06-08 02:55:22: ◇ injected env (0) from .env // tip: ⌘ override existing { override: true }
2026-06-08 02:55:32: ◇ injected env (0) from .env // tip: ⌘ suppress logs { quiet: true }
2026-06-08 02:55:41: ◇ injected env (0) from .env // tip: ⌘ multiple files { path: ['.env.local', '.env'] }
2026-06-08 02:55:50: ◇ injected env (0) from .env // tip: ⌘ enable debugging { debug: true }
2026-06-08 02:55:58: ◇ injected env (0) from .env // tip: ⌘ override existing { override: true }
2026-06-08 02:56:02: ◇ injected env (0) from .env // tip: ⌘ override existing { override: true }
2026-06-08 02:56:10: ◇ injected env (0) from .env // tip: ⌘ multiple files { path: ['.env.local', '.env'] }
2026-06-08 02:56:14: ◇ injected env (0) from .env // tip: ⌘ override existing { override: true }
2026-06-08 02:56:21: ◇ injected env (0) from .env // tip: ⌘ enable debugging { debug: true }
2026-06-08 02:56:30: ◇ injected env (0) from .env // tip: ⌘ enable debugging { debug: true }
2026-06-08 02:56:39: ◇ injected env (0) from .env // tip: ◈ secrets for agents [www.dotenvx.com]
2026-06-08 02:56:44: ◇ injected env (0) from .env // tip: ⌘ enable debugging { debug: true }
2026-06-08 02:56:55: ◇ injected env (0) from .env // tip: ⌘ override existing { override: true }
2026-06-08 02:57:05: ◇ injected env (0) from .env // tip: ◈ encrypted .env [www.dotenvx.com]
2026-06-08 02:57:15: ◇ injected env (0) from .env // tip: ⌘ custom filepath { path: '/custom/path/.env' }
2026-06-08 02:57:23: ◇ injected env (0) from .env // tip: ⌘ multiple files { path: ['.env.local', '.env'] }
2026-06-08 02:57:28: ◇ injected env (0) from .env // tip: ◈ encrypted .env [www.dotenvx.com]
2026-06-08 02:57:37: ◇ injected env (0) from .env // tip: ⌘ multiple files { path: ['.env.local', '.env'] }
2026-06-08 02:57:45: ◇ injected env (0) from .env // tip: ⌘ suppress logs { quiet: true }
2026-06-08 02:57:53: ◇ injected env (0) from .env // tip: ⌘ custom filepath { path: '/custom/path/.env' }
2026-06-08 02:58:00: ◇ injected env (0) from .env // tip: ⌘ enable debugging { debug: true }
2026-06-08 02:58:07: ◇ injected env (0) from .env // tip: ⌘ enable debugging { debug: true }
2026-06-08 02:58:16: ◇ injected env (0) from .env // tip: ⌁ auth for agents [www.vestauth.com]
2026-06-08 02:58:24: ◇ injected env (0) from .env // tip: ⌘ custom filepath { path: '/custom/path/.env' }
2026-06-08 02:58:32: ◇ injected env (0) from .env // tip: ⌘ override existing { override: true }
2026-06-08 02:58:39: ◇ injected env (0) from .env // tip: ◈ encrypted .env [www.dotenvx.com]
2026-06-08 02:58:46: ◇ injected env (0) from .env // tip: ⌘ suppress logs { quiet: true }
2026-06-08 02:58:54: ◇ injected env (0) from .env // tip: ⌘ custom filepath { path: '/custom/path/.env' }
2026-06-08 02:59:01: ◇ injected env (0) from .env // tip: ⌘ suppress logs { quiet: true }
2026-06-08 02:59:08: ◇ injected env (0) from .env // tip: ◈ encrypted .env [www.dotenvx.com]
2026-06-08 02:59:14: ◇ injected env (0) from .env // tip: ⌁ auth for agents [www.vestauth.com]
2026-06-08 02:59:22: ◇ injected env (0) from .env // tip: ⌘ override existing { override: true }
2026-06-08 02:59:30: ◇ injected env (0) from .env // tip: ⌘ override existing { override: true }
2026-06-08 02:59:36: ◇ injected env (0) from .env // tip: ⌘ override existing { override: true }
2026-06-08 02:59:44: ◇ injected env (0) from .env // tip: ◈ encrypted .env [www.dotenvx.com]
2026-06-08 02:59:51: ◇ injected env (0) from .env // tip: ◈ secrets for agents [www.dotenvx.com]
2026-06-08 02:59:58: ◇ injected env (0) from .env // tip: ⌘ custom filepath { path: '/custom/path/.env' }
2026-06-08 03:00:07: ◇ injected env (0) from .env // tip: ◈ secrets for agents [www.dotenvx.com]
2026-06-08 03:00:13: ◇ injected env (0) from .env // tip: ◈ encrypted .env [www.dotenvx.com]
2026-06-08 03:00:21: ◇ injected env (0) from .env // tip: ◈ secrets for agents [www.dotenvx.com]
2026-06-08 03:00:28: ◇ injected env (0) from .env // tip: ◈ encrypted .env [www.dotenvx.com]
2026-06-08 03:00:35: ◇ injected env (0) from .env // tip: ⌘ custom filepath { path: '/custom/path/.env' }
2026-06-08 03:00:42: ◇ injected env (0) from .env // tip: ⌁ auth for agents [www.vestauth.com]
2026-06-08 03:00:49: ◇ injected env (0) from .env // tip: ⌘ suppress logs { quiet: true }
2026-06-08 03:00:57: ◇ injected env (0) from .env // tip: ⌘ multiple files { path: ['.env.local', '.env'] }
2026-06-08 03:01:06: ◇ injected env (0) from .env // tip: ⌁ auth for agents [www.vestauth.com]
2026-06-08 03:01:16: ◇ injected env (0) from .env // tip: ⌁ auth for agents [www.vestauth.com]
2026-06-08 03:01:25: ◇ injected env (0) from .env // tip: ⌘ custom filepath { path: '/custom/path/.env' }
2026-06-08 03:01:33: ◇ injected env (0) from .env // tip: ◈ secrets for agents [www.dotenvx.com]
2026-06-08 03:01:42: ◇ injected env (0) from .env // tip: ⌘ custom filepath { path: '/custom/path/.env' }
2026-06-08 03:01:50: ◇ injected env (0) from .env // tip: ⌁ auth for agents [www.vestauth.com]
2026-06-08 03:02:01: ◇ injected env (0) from .env // tip: ⌘ suppress logs { quiet: true }
2026-06-08 03:02:10: ◇ injected env (0) from .env // tip: ⌘ enable debugging { debug: true }
2026-06-08 03:02:21: ◇ injected env (0) from .env // tip: ◈ secrets for agents [www.dotenvx.com]
2026-06-08 03:02:31: ◇ injected env (0) from .env // tip: ⌘ override existing { override: true }
2026-06-08 03:02:42: ◇ injected env (0) from .env // tip: ⌘ multiple files { path: ['.env.local', '.env'] }
2026-06-08 03:02:51: ◇ injected env (0) from .env // tip: ⌘ enable debugging { debug: true }
2026-06-08 03:03:01: ◇ injected env (0) from .env // tip: ⌘ custom filepath { path: '/custom/path/.env' }
2026-06-08 03:03:09: ◇ injected env (0) from .env // tip: ⌘ override existing { override: true }
2026-06-08 03:03:17: ◇ injected env (0) from .env // tip: ⌘ multiple files { path: ['.env.local', '.env'] }
2026-06-08 03:03:24: ◇ injected env (0) from .env // tip: ⌘ override existing { override: true }
2026-06-08 03:03:28: ◇ injected env (0) from .env // tip: ⌘ custom filepath { path: '/custom/path/.env' }
2026-06-08 03:03:36: ◇ injected env (0) from .env // tip: ⌘ custom filepath { path: '/custom/path/.env' }
2026-06-08 03:03:46: ◇ injected env (0) from .env // tip: ⌘ custom filepath { path: '/custom/path/.env' }
2026-06-08 03:03:52: ◇ injected env (0) from .env // tip: ⌘ override existing { override: true }
2026-06-08 03:04:00: ◇ injected env (0) from .env // tip: ⌘ enable debugging { debug: true }
2026-06-08 03:04:10: ◇ injected env (0) from .env // tip: ⌘ override existing { override: true }
2026-06-08 03:04:18: ◇ injected env (0) from .env // tip: ◈ secrets for agents [www.dotenvx.com]
2026-06-08 03:04:26: ◇ injected env (0) from .env // tip: ⌘ enable debugging { debug: true }
2026-06-08 03:04:34: ◇ injected env (0) from .env // tip: ◈ secrets for agents [www.dotenvx.com]
2026-06-08 03:04:43: ◇ injected env (0) from .env // tip: ◈ secrets for agents [www.dotenvx.com]
2026-06-08 03:04:51: ◇ injected env (0) from .env // tip: ⌘ multiple files { path: ['.env.local', '.env'] }
2026-06-08 03:05:01: ◇ injected env (0) from .env // tip: ⌘ suppress logs { quiet: true }
2026-06-08 03:05:12: ◇ injected env (0) from .env // tip: ⌘ enable debugging { debug: true }
2026-06-08 03:05:22: ◇ injected env (0) from .env // tip: ⌘ override existing { override: true }
2026-06-08 03:05:34: ◇ injected env (0) from .env // tip: ⌘ multiple files { path: ['.env.local', '.env'] }
2026-06-08 03:05:45: ◇ injected env (0) from .env // tip: ⌘ enable debugging { debug: true }
2026-06-08 03:05:55: ◇ injected env (0) from .env // tip: ⌘ suppress logs { quiet: true }
2026-06-08 03:06:05: ◇ injected env (0) from .env // tip: ⌘ custom filepath { path: '/custom/path/.env' }
2026-06-08 03:06:15: ◇ injected env (0) from .env // tip: ⌘ custom filepath { path: '/custom/path/.env' }
2026-06-08 03:06:24: ◇ injected env (0) from .env // tip: ⌁ auth for agents [www.vestauth.com]
2026-06-08 03:06:34: ◇ injected env (0) from .env // tip: ◈ secrets for agents [www.dotenvx.com]
2026-06-08 03:06:46: ◇ injected env (0) from .env // tip: ⌘ enable debugging { debug: true }
2026-06-08 03:06:55: ◇ injected env (0) from .env // tip: ⌁ auth for agents [www.vestauth.com]
2026-06-08 03:07:05: ◇ injected env (0) from .env // tip: ⌘ multiple files { path: ['.env.local', '.env'] }
2026-06-08 03:07:13: ◇ injected env (0) from .env // tip: ⌁ auth for agents [www.vestauth.com]
2026-06-08 03:07:20: ◇ injected env (0) from .env // tip: ⌘ enable debugging { debug: true }
2026-06-08 03:07:27: ◇ injected env (0) from .env // tip: ⌘ override existing { override: true }
2026-06-08 03:07:36: ◇ injected env (0) from .env // tip: ◈ secrets for agents [www.dotenvx.com]
2026-06-08 03:07:43: ◇ injected env (0) from .env // tip: ◈ encrypted .env [www.dotenvx.com]
2026-06-08 03:07:50: ◇ injected env (0) from .env // tip: ◈ secrets for agents [www.dotenvx.com]
2026-06-08 03:07:56: ◇ injected env (0) from .env // tip: ◈ secrets for agents [www.dotenvx.com]
2026-06-08 03:07:59: ◇ injected env (0) from .env // tip: ◈ encrypted .env [www.dotenvx.com]
2026-06-08 03:08:06: ◇ injected env (0) from .env // tip: ⌘ suppress logs { quiet: true }
2026-06-08 03:08:14: ◇ injected env (0) from .env // tip: ⌘ multiple files { path: ['.env.local', '.env'] }
2026-06-08 03:08:21: ◇ injected env (0) from .env // tip: ◈ secrets for agents [www.dotenvx.com]
2026-06-08 03:08:30: ◇ injected env (0) from .env // tip: ◈ secrets for agents [www.dotenvx.com]
2026-06-08 03:08:38: ◇ injected env (0) from .env // tip: ⌘ enable debugging { debug: true }
2026-06-08 03:08:45: ◇ injected env (0) from .env // tip: ⌘ custom filepath { path: '/custom/path/.env' }
2026-06-08 03:08:52: ◇ injected env (0) from .env // tip: ⌘ custom filepath { path: '/custom/path/.env' }
2026-06-08 03:09:00: ◇ injected env (0) from .env // tip: ⌘ custom filepath { path: '/custom/path/.env' }
2026-06-08 03:09:07: ◇ injected env (0) from .env // tip: ⌁ auth for agents [www.vestauth.com]
2026-06-08 03:09:14: ◇ injected env (0) from .env // tip: ⌘ custom filepath { path: '/custom/path/.env' }
2026-06-08 03:09:23: ◇ injected env (0) from .env // tip: ⌁ auth for agents [www.vestauth.com]
2026-06-08 03:09:32: ◇ injected env (0) from .env // tip: ⌘ suppress logs { quiet: true }
2026-06-08 03:09:39: ◇ injected env (0) from .env // tip: ◈ encrypted .env [www.dotenvx.com]
2026-06-08 03:09:46: ◇ injected env (0) from .env // tip: ⌘ custom filepath { path: '/custom/path/.env' }
2026-06-08 03:09:52: ◇ injected env (0) from .env // tip: ⌁ auth for agents [www.vestauth.com]
2026-06-08 03:09:58: ◇ injected env (0) from .env // tip: ⌘ custom filepath { path: '/custom/path/.env' }
2026-06-08 03:10:07: ◇ injected env (0) from .env // tip: ⌘ multiple files { path: ['.env.local', '.env'] }
2026-06-08 03:10:10: ◇ injected env (0) from .env // tip: ◈ secrets for agents [www.dotenvx.com]
2026-06-08 03:10:16: ◇ injected env (0) from .env // tip: ⌘ override existing { override: true }
2026-06-08 03:10:21: ◇ injected env (0) from .env // tip: ⌘ override existing { override: true }
2026-06-08 03:10:25: ◇ injected env (0) from .env // tip: ⌘ multiple files { path: ['.env.local', '.env'] }
2026-06-08 03:10:31: ◇ injected env (0) from .env // tip: ⌁ auth for agents [www.vestauth.com]
2026-06-08 03:10:39: ◇ injected env (0) from .env // tip: ⌘ custom filepath { path: '/custom/path/.env' }
2026-06-08 03:10:44: ◇ injected env (0) from .env // tip: ⌘ multiple files { path: ['.env.local', '.env'] }
2026-06-08 03:10:50: ◇ injected env (0) from .env // tip: ⌘ custom filepath { path: '/custom/path/.env' }
2026-06-08 03:10:56: ◇ injected env (0) from .env // tip: ◈ encrypted .env [www.dotenvx.com]
2026-06-08 03:11:03: ◇ injected env (0) from .env // tip: ⌁ auth for agents [www.vestauth.com]
2026-06-08 03:11:10: ◇ injected env (0) from .env // tip: ⌘ custom filepath { path: '/custom/path/.env' }
2026-06-08 03:11:16: ◇ injected env (0) from .env // tip: ⌘ override existing { override: true }
2026-06-08 03:11:23: ◇ injected env (0) from .env // tip: ◈ secrets for agents [www.dotenvx.com]
2026-06-08 03:11:31: ◇ injected env (0) from .env // tip: ⌁ auth for agents [www.vestauth.com]
2026-06-08 03:11:39: ◇ injected env (0) from .env // tip: ⌘ suppress logs { quiet: true }
2026-06-08 03:11:46: ◇ injected env (0) from .env // tip: ⌘ multiple files { path: ['.env.local', '.env'] }
2026-06-08 03:11:53: ◇ injected env (0) from .env // tip: ⌁ auth for agents [www.vestauth.com]
2026-06-08 03:12:00: ◇ injected env (0) from .env // tip: ⌘ override existing { override: true }
2026-06-08 03:12:07: ◇ injected env (0) from .env // tip: ◈ encrypted .env [www.dotenvx.com]
2026-06-08 03:12:13: ◇ injected env (0) from .env // tip: ⌁ auth for agents [www.vestauth.com]
2026-06-08 03:12:19: ◇ injected env (0) from .env // tip: ◈ secrets for agents [www.dotenvx.com]
2026-06-08 03:12:25: ◇ injected env (0) from .env // tip: ◈ secrets for agents [www.dotenvx.com]
2026-06-08 03:12:30: ◇ injected env (0) from .env // tip: ⌁ auth for agents [www.vestauth.com]
2026-06-08 03:12:36: ◇ injected env (0) from .env // tip: ⌘ custom filepath { path: '/custom/path/.env' }
2026-06-08 03:12:41: ◇ injected env (0) from .env // tip: ⌘ enable debugging { debug: true }
2026-06-08 03:12:47: ◇ injected env (0) from .env // tip: ⌘ multiple files { path: ['.env.local', '.env'] }
2026-06-08 03:12:53: ◇ injected env (0) from .env // tip: ⌘ enable debugging { debug: true }
2026-06-08 03:12:58: ◇ injected env (0) from .env // tip: ⌘ override existing { override: true }
2026-06-08 03:13:04: ◇ injected env (0) from .env // tip: ⌘ override existing { override: true }
2026-06-08 03:13:10: ◇ injected env (0) from .env // tip: ◈ encrypted .env [www.dotenvx.com]
2026-06-08 03:13:16: ◇ injected env (0) from .env // tip: ⌘ multiple files { path: ['.env.local', '.env'] }
2026-06-08 03:13:21: ◇ injected env (0) from .env // tip: ◈ encrypted .env [www.dotenvx.com]
2026-06-08 03:13:26: ◇ injected env (0) from .env // tip: ⌁ auth for agents [www.vestauth.com]
2026-06-08 03:13:32: ◇ injected env (0) from .env // tip: ⌘ enable debugging { debug: true }
2026-06-08 03:13:40: ◇ injected env (0) from .env // tip: ◈ secrets for agents [www.dotenvx.com]
2026-06-08 03:13:47: ◇ injected env (0) from .env // tip: ⌘ override existing { override: true }
2026-06-08 03:13:55: ◇ injected env (0) from .env // tip: ◈ secrets for agents [www.dotenvx.com]
2026-06-08 03:14:02: ◇ injected env (0) from .env // tip: ⌘ suppress logs { quiet: true }
2026-06-08 03:14:08: ◇ injected env (0) from .env // tip: ◈ encrypted .env [www.dotenvx.com]
2026-06-08 03:14:15: ◇ injected env (0) from .env // tip: ⌘ enable debugging { debug: true }
2026-06-08 03:14:22: ◇ injected env (0) from .env // tip: ⌘ custom filepath { path: '/custom/path/.env' }
2026-06-08 03:14:29: ◇ injected env (0) from .env // tip: ⌘ multiple files { path: ['.env.local', '.env'] }
2026-06-08 03:14:37: ◇ injected env (0) from .env // tip: ◈ encrypted .env [www.dotenvx.com]
2026-06-08 03:14:44: ◇ injected env (0) from .env // tip: ⌘ custom filepath { path: '/custom/path/.env' }
2026-06-08 03:14:50: ◇ injected env (0) from .env // tip: ⌘ enable debugging { debug: true }
2026-06-08 03:14:57: ◇ injected env (0) from .env // tip: ⌘ custom filepath { path: '/custom/path/.env' }
2026-06-08 03:15:05: ◇ injected env (0) from .env // tip: ⌘ multiple files { path: ['.env.local', '.env'] }
2026-06-08 03:15:11: ◇ injected env (0) from .env // tip: ⌘ suppress logs { quiet: true }
2026-06-08 03:15:18: ◇ injected env (0) from .env // tip: ⌁ auth for agents [www.vestauth.com]
2026-06-08 03:15:24: ◇ injected env (0) from .env // tip: ⌘ custom filepath { path: '/custom/path/.env' }
2026-06-08 03:15:30: ◇ injected env (0) from .env // tip: ⌘ override existing { override: true }
2026-06-08 03:15:37: ◇ injected env (0) from .env // tip: ⌘ suppress logs { quiet: true }
2026-06-08 03:15:43: ◇ injected env (0) from .env // tip: ⌘ multiple files { path: ['.env.local', '.env'] }
2026-06-08 03:15:49: ◇ injected env (0) from .env // tip: ⌘ suppress logs { quiet: true }
2026-06-08 03:15:56: ◇ injected env (0) from .env // tip: ⌘ override existing { override: true }
2026-06-08 03:16:04: ◇ injected env (0) from .env // tip: ⌘ enable debugging { debug: true }
2026-06-08 03:16:11: ◇ injected env (0) from .env // tip: ⌘ override existing { override: true }
2026-06-08 03:16:18: ◇ injected env (0) from .env // tip: ⌘ suppress logs { quiet: true }
2026-06-08 03:16:24: ◇ injected env (0) from .env // tip: ⌘ custom filepath { path: '/custom/path/.env' }
2026-06-08 03:16:31: ◇ injected env (0) from .env // tip: ⌘ multiple files { path: ['.env.local', '.env'] }
2026-06-08 03:16:38: ◇ injected env (0) from .env // tip: ⌁ auth for agents [www.vestauth.com]
2026-06-08 03:16:45: ◇ injected env (0) from .env // tip: ⌁ auth for agents [www.vestauth.com]
2026-06-08 03:16:52: ◇ injected env (0) from .env // tip: ⌘ override existing { override: true }
2026-06-08 03:16:58: ◇ injected env (0) from .env // tip: ⌘ override existing { override: true }
2026-06-08 03:17:05: ◇ injected env (0) from .env // tip: ⌘ suppress logs { quiet: true }
2026-06-08 03:17:12: ◇ injected env (0) from .env // tip: ⌘ suppress logs { quiet: true }
2026-06-08 03:17:19: ◇ injected env (0) from .env // tip: ◈ secrets for agents [www.dotenvx.com]
2026-06-08 03:17:26: ◇ injected env (0) from .env // tip: ⌘ enable debugging { debug: true }
2026-06-08 03:17:33: ◇ injected env (0) from .env // tip: ⌘ multiple files { path: ['.env.local', '.env'] }
2026-06-08 03:17:40: ◇ injected env (0) from .env // tip: ⌘ override existing { override: true }
2026-06-08 03:17:46: ◇ injected env (0) from .env // tip: ⌁ auth for agents [www.vestauth.com]
2026-06-08 03:17:53: ◇ injected env (0) from .env // tip: ⌘ multiple files { path: ['.env.local', '.env'] }
2026-06-08 03:17:59: ◇ injected env (0) from .env // tip: ⌁ auth for agents [www.vestauth.com]
2026-06-08 03:18:06: ◇ injected env (0) from .env // tip: ◈ secrets for agents [www.dotenvx.com]
2026-06-08 03:18:13: ◇ injected env (0) from .env // tip: ⌘ multiple files { path: ['.env.local', '.env'] }
2026-06-08 03:18:19: ◇ injected env (0) from .env // tip: ◈ encrypted .env [www.dotenvx.com]
2026-06-08 03:18:25: ◇ injected env (0) from .env // tip: ⌘ override existing { override: true }
2026-06-08 03:18:32: ◇ injected env (0) from .env // tip: ⌘ custom filepath { path: '/custom/path/.env' }
2026-06-08 03:18:38: ◇ injected env (0) from .env // tip: ⌘ enable debugging { debug: true }
2026-06-08 03:18:45: ◇ injected env (0) from .env // tip: ◈ secrets for agents [www.dotenvx.com]
2026-06-08 03:18:52: ◇ injected env (0) from .env // tip: ⌘ multiple files { path: ['.env.local', '.env'] }
2026-06-08 03:18:59: ◇ injected env (0) from .env // tip: ⌘ multiple files { path: ['.env.local', '.env'] }
2026-06-08 03:19:06: ◇ injected env (0) from .env // tip: ⌘ enable debugging { debug: true }
2026-06-08 03:19:13: ◇ injected env (0) from .env // tip: ⌘ suppress logs { quiet: true }
2026-06-08 03:19:20: ◇ injected env (0) from .env // tip: ⌘ suppress logs { quiet: true }
2026-06-08 03:19:27: ◇ injected env (0) from .env // tip: ⌘ multiple files { path: ['.env.local', '.env'] }
2026-06-08 03:19:33: ◇ injected env (0) from .env // tip: ⌘ multiple files { path: ['.env.local', '.env'] }
2026-06-08 03:19:40: ◇ injected env (0) from .env // tip: ⌘ override existing { override: true }
2026-06-08 03:19:46: ◇ injected env (0) from .env // tip: ◈ encrypted .env [www.dotenvx.com]
2026-06-08 03:19:53: ◇ injected env (0) from .env // tip: ⌘ suppress logs { quiet: true }
2026-06-08 03:19:59: ◇ injected env (0) from .env // tip: ◈ encrypted .env [www.dotenvx.com]
2026-06-08 03:20:06: ◇ injected env (0) from .env // tip: ◈ encrypted .env [www.dotenvx.com]
2026-06-08 03:20:13: ◇ injected env (0) from .env // tip: ⌘ enable debugging { debug: true }
2026-06-08 03:20:20: ◇ injected env (0) from .env // tip: ◈ secrets for agents [www.dotenvx.com]
2026-06-08 03:20:27: ◇ injected env (0) from .env // tip: ◈ encrypted .env [www.dotenvx.com]
2026-06-08 03:20:33: ◇ injected env (0) from .env // tip: ⌘ multiple files { path: ['.env.local', '.env'] }
2026-06-08 03:20:41: ◇ injected env (0) from .env // tip: ⌘ multiple files { path: ['.env.local', '.env'] }
2026-06-08 03:20:47: ◇ injected env (0) from .env // tip: ⌘ custom filepath { path: '/custom/path/.env' }
2026-06-08 03:20:54: ◇ injected env (0) from .env // tip: ◈ secrets for agents [www.dotenvx.com]
2026-06-08 03:21:00: ◇ injected env (0) from .env // tip: ⌘ enable debugging { debug: true }
2026-06-08 03:21:07: ◇ injected env (0) from .env // tip: ⌘ multiple files { path: ['.env.local', '.env'] }
2026-06-08 03:21:13: ◇ injected env (0) from .env // tip: ⌘ enable debugging { debug: true }
2026-06-08 03:21:19: ◇ injected env (0) from .env // tip: ⌘ suppress logs { quiet: true }
2026-06-08 03:21:26: ◇ injected env (0) from .env // tip: ◈ secrets for agents [www.dotenvx.com]
2026-06-08 03:21:33: ◇ injected env (0) from .env // tip: ◈ secrets for agents [www.dotenvx.com]
2026-06-08 03:21:40: ◇ injected env (0) from .env // tip: ⌘ override existing { override: true }
2026-06-08 03:21:47: ◇ injected env (0) from .env // tip: ⌘ multiple files { path: ['.env.local', '.env'] }
2026-06-08 03:21:53: ◇ injected env (0) from .env // tip: ◈ encrypted .env [www.dotenvx.com]
2026-06-08 03:22:00: ◇ injected env (0) from .env // tip: ◈ encrypted .env [www.dotenvx.com]
2026-06-08 03:22:07: ◇ injected env (0) from .env // tip: ⌘ custom filepath { path: '/custom/path/.env' }
2026-06-08 03:22:13: ◇ injected env (0) from .env // tip: ⌘ custom filepath { path: '/custom/path/.env' }
2026-06-08 03:22:20: ◇ injected env (0) from .env // tip: ⌘ override existing { override: true }
2026-06-08 03:22:26: ◇ injected env (0) from .env // tip: ◈ encrypted .env [www.dotenvx.com]
2026-06-08 03:22:33: ◇ injected env (0) from .env // tip: ⌘ enable debugging { debug: true }
2026-06-08 03:22:40: ◇ injected env (0) from .env // tip: ◈ secrets for agents [www.dotenvx.com]
2026-06-08 03:22:46: ◇ injected env (0) from .env // tip: ⌘ override existing { override: true }
2026-06-08 03:22:53: ◇ injected env (0) from .env // tip: ⌘ multiple files { path: ['.env.local', '.env'] }
2026-06-08 03:22:59: ◇ injected env (0) from .env // tip: ⌘ custom filepath { path: '/custom/path/.env' }
2026-06-08 03:23:06: ◇ injected env (0) from .env // tip: ⌘ override existing { override: true }
2026-06-08 03:23:12: ◇ injected env (0) from .env // tip: ⌘ custom filepath { path: '/custom/path/.env' }
2026-06-08 03:23:18: ◇ injected env (0) from .env // tip: ⌘ suppress logs { quiet: true }
2026-06-08 03:23:24: ◇ injected env (0) from .env // tip: ⌘ custom filepath { path: '/custom/path/.env' }
2026-06-08 03:23:30: ◇ injected env (0) from .env // tip: ⌘ multiple files { path: ['.env.local', '.env'] }
2026-06-08 03:23:36: ◇ injected env (0) from .env // tip: ⌘ enable debugging { debug: true }
2026-06-08 03:23:42: ◇ injected env (0) from .env // tip: ⌘ enable debugging { debug: true }
2026-06-08 03:23:48: ◇ injected env (0) from .env // tip: ◈ secrets for agents [www.dotenvx.com]
2026-06-08 03:23:55: ◇ injected env (0) from .env // tip: ◈ secrets for agents [www.dotenvx.com]
2026-06-08 03:24:03: ◇ injected env (0) from .env // tip: ⌘ custom filepath { path: '/custom/path/.env' }
2026-06-08 03:24:08: ◇ injected env (0) from .env // tip: ◈ encrypted .env [www.dotenvx.com]
2026-06-08 03:24:14: ◇ injected env (0) from .env // tip: ◈ secrets for agents [www.dotenvx.com]
2026-06-08 03:24:22: ◇ injected env (0) from .env // tip: ⌘ override existing { override: true }
2026-06-08 03:24:29: ◇ injected env (0) from .env // tip: ⌘ multiple files { path: ['.env.local', '.env'] }
2026-06-08 03:24:33: ◇ injected env (0) from .env // tip: ⌘ multiple files { path: ['.env.local', '.env'] }
2026-06-08 03:24:40: ◇ injected env (0) from .env // tip: ◈ secrets for agents [www.dotenvx.com]
2026-06-08 03:24:48: ◇ injected env (0) from .env // tip: ◈ encrypted .env [www.dotenvx.com]
2026-06-08 03:24:58: ◇ injected env (0) from .env // tip: ⌘ override existing { override: true }
2026-06-08 03:25:11: ◇ injected env (0) from .env // tip: ⌁ auth for agents [www.vestauth.com]
2026-06-08 03:25:21: ◇ injected env (0) from .env // tip: ⌘ multiple files { path: ['.env.local', '.env'] }
2026-06-08 03:25:30: ◇ injected env (0) from .env // tip: ◈ secrets for agents [www.dotenvx.com]
2026-06-08 03:25:41: ◇ injected env (0) from .env // tip: ⌁ auth for agents [www.vestauth.com]
2026-06-08 03:25:52: ◇ injected env (0) from .env // tip: ◈ encrypted .env [www.dotenvx.com]
2026-06-08 03:26:01: ◇ injected env (0) from .env // tip: ⌘ custom filepath { path: '/custom/path/.env' }
2026-06-08 03:26:10: ◇ injected env (0) from .env // tip: ⌘ custom filepath { path: '/custom/path/.env' }
2026-06-08 03:26:17: ◇ injected env (0) from .env // tip: ⌘ suppress logs { quiet: true }
2026-06-08 03:26:26: ◇ injected env (0) from .env // tip: ◈ encrypted .env [www.dotenvx.com]
2026-06-08 03:26:35: ◇ injected env (0) from .env // tip: ◈ secrets for agents [www.dotenvx.com]
2026-06-08 03:26:44: ◇ injected env (0) from .env // tip: ⌘ enable debugging { debug: true }
2026-06-08 03:26:54: ◇ injected env (0) from .env // tip: ⌘ enable debugging { debug: true }
2026-06-08 03:27:02: ◇ injected env (0) from .env // tip: ⌘ multiple files { path: ['.env.local', '.env'] }
2026-06-08 03:27:10: ◇ injected env (0) from .env // tip: ◈ encrypted .env [www.dotenvx.com]
2026-06-08 03:27:17: ◇ injected env (0) from .env // tip: ⌘ custom filepath { path: '/custom/path/.env' }
2026-06-08 03:27:22: ◇ injected env (0) from .env // tip: ⌘ override existing { override: true }
2026-06-08 03:27:27: ◇ injected env (0) from .env // tip: ⌁ auth for agents [www.vestauth.com]
2026-06-08 03:27:34: ◇ injected env (0) from .env // tip: ⌘ override existing { override: true }
2026-06-08 03:27:38: ◇ injected env (0) from .env // tip: ◈ encrypted .env [www.dotenvx.com]
2026-06-08 03:27:47: ◇ injected env (0) from .env // tip: ⌘ custom filepath { path: '/custom/path/.env' }
2026-06-08 03:27:55: ◇ injected env (0) from .env // tip: ⌘ override existing { override: true }
2026-06-08 03:28:05: ◇ injected env (0) from .env // tip: ◈ encrypted .env [www.dotenvx.com]
2026-06-08 03:28:15: ◇ injected env (0) from .env // tip: ⌘ enable debugging { debug: true }
2026-06-08 03:28:25: ◇ injected env (0) from .env // tip: ⌘ custom filepath { path: '/custom/path/.env' }
2026-06-08 03:28:37: ◇ injected env (0) from .env // tip: ⌘ multiple files { path: ['.env.local', '.env'] }
2026-06-08 03:28:48: ◇ injected env (0) from .env // tip: ⌘ enable debugging { debug: true }
2026-06-08 03:28:59: ◇ injected env (0) from .env // tip: ⌘ suppress logs { quiet: true }
2026-06-08 03:29:09: ◇ injected env (0) from .env // tip: ⌘ suppress logs { quiet: true }
2026-06-08 03:29:20: ◇ injected env (0) from .env // tip: ◈ secrets for agents [www.dotenvx.com]
2026-06-08 03:29:28: ◇ injected env (0) from .env // tip: ⌘ suppress logs { quiet: true }
2026-06-08 03:29:40: ◇ injected env (0) from .env // tip: ◈ encrypted .env [www.dotenvx.com]
2026-06-08 03:29:53: ◇ injected env (0) from .env // tip: ◈ secrets for agents [www.dotenvx.com]
2026-06-08 03:30:04: ◇ injected env (0) from .env // tip: ⌘ custom filepath { path: '/custom/path/.env' }
2026-06-08 03:30:14: ◇ injected env (0) from .env // tip: ◈ secrets for agents [www.dotenvx.com]
2026-06-08 03:30:23: ◇ injected env (0) from .env // tip: ◈ encrypted .env [www.dotenvx.com]
2026-06-08 03:30:33: ◇ injected env (0) from .env // tip: ⌘ enable debugging { debug: true }
2026-06-08 03:30:44: ◇ injected env (0) from .env // tip: ◈ secrets for agents [www.dotenvx.com]
2026-06-08 03:30:56: ◇ injected env (0) from .env // tip: ⌘ enable debugging { debug: true }
2026-06-08 03:31:08: ◇ injected env (0) from .env // tip: ⌁ auth for agents [www.vestauth.com]
2026-06-08 03:31:20: ◇ injected env (0) from .env // tip: ⌘ enable debugging { debug: true }
2026-06-08 03:31:30: ◇ injected env (0) from .env // tip: ⌁ auth for agents [www.vestauth.com]
2026-06-08 03:31:38: ◇ injected env (0) from .env // tip: ⌁ auth for agents [www.vestauth.com]
2026-06-08 03:31:50: ◇ injected env (0) from .env // tip: ◈ secrets for agents [www.dotenvx.com]
2026-06-08 03:32:00: ◇ injected env (0) from .env // tip: ⌘ enable debugging { debug: true }
2026-06-08 03:32:09: ◇ injected env (0) from .env // tip: ⌘ custom filepath { path: '/custom/path/.env' }
2026-06-08 03:32:19: ◇ injected env (0) from .env // tip: ⌁ auth for agents [www.vestauth.com]
2026-06-08 03:32:27: ◇ injected env (0) from .env // tip: ⌘ suppress logs { quiet: true }
2026-06-08 03:32:35: ◇ injected env (0) from .env // tip: ⌘ multiple files { path: ['.env.local', '.env'] }
2026-06-08 03:32:43: ◇ injected env (0) from .env // tip: ⌘ custom filepath { path: '/custom/path/.env' }
2026-06-08 03:32:50: ◇ injected env (0) from .env // tip: ⌁ auth for agents [www.vestauth.com]
2026-06-08 03:32:58: ◇ injected env (0) from .env // tip: ◈ encrypted .env [www.dotenvx.com]
2026-06-08 03:33:05: ◇ injected env (0) from .env // tip: ⌘ multiple files { path: ['.env.local', '.env'] }
2026-06-08 03:33:12: ◇ injected env (0) from .env // tip: ⌁ auth for agents [www.vestauth.com]
2026-06-08 03:33:21: ◇ injected env (0) from .env // tip: ⌘ enable debugging { debug: true }
2026-06-08 03:33:27: ◇ injected env (0) from .env // tip: ⌘ enable debugging { debug: true }
2026-06-08 03:33:34: ◇ injected env (0) from .env // tip: ⌘ suppress logs { quiet: true }
2026-06-08 03:33:42: ◇ injected env (0) from .env // tip: ⌘ multiple files { path: ['.env.local', '.env'] }
2026-06-08 03:33:47: ◇ injected env (0) from .env // tip: ⌘ custom filepath { path: '/custom/path/.env' }
2026-06-08 03:33:52: ◇ injected env (0) from .env // tip: ⌁ auth for agents [www.vestauth.com]
2026-06-08 03:33:58: ◇ injected env (0) from .env // tip: ◈ secrets for agents [www.dotenvx.com]
2026-06-08 03:34:06: ◇ injected env (0) from .env // tip: ◈ secrets for agents [www.dotenvx.com]
2026-06-08 03:34:15: ◇ injected env (0) from .env // tip: ⌘ enable debugging { debug: true }
2026-06-08 03:34:21: ◇ injected env (0) from .env // tip: ⌘ enable debugging { debug: true }
2026-06-08 03:34:30: ◇ injected env (0) from .env // tip: ⌘ override existing { override: true }
2026-06-08 03:34:39: ◇ injected env (0) from .env // tip: ⌘ enable debugging { debug: true }
2026-06-08 03:34:46: ◇ injected env (0) from .env // tip: ⌁ auth for agents [www.vestauth.com]
2026-06-08 03:34:54: ◇ injected env (0) from .env // tip: ⌘ multiple files { path: ['.env.local', '.env'] }
2026-06-08 03:35:01: ◇ injected env (0) from .env // tip: ⌘ override existing { override: true }
2026-06-08 03:35:10: ◇ injected env (0) from .env // tip: ⌘ multiple files { path: ['.env.local', '.env'] }
2026-06-08 03:35:18: ◇ injected env (0) from .env // tip: ⌘ multiple files { path: ['.env.local', '.env'] }
2026-06-08 03:35:25: ◇ injected env (0) from .env // tip: ◈ secrets for agents [www.dotenvx.com]
2026-06-08 03:35:33: ◇ injected env (0) from .env // tip: ⌘ custom filepath { path: '/custom/path/.env' }
2026-06-08 03:35:41: ◇ injected env (0) from .env // tip: ⌘ custom filepath { path: '/custom/path/.env' }
2026-06-08 03:35:50: ◇ injected env (0) from .env // tip: ◈ encrypted .env [www.dotenvx.com]
2026-06-08 03:35:58: ◇ injected env (0) from .env // tip: ⌘ suppress logs { quiet: true }
2026-06-08 03:36:04: ◇ injected env (0) from .env // tip: ⌘ suppress logs { quiet: true }
2026-06-08 03:36:12: ◇ injected env (0) from .env // tip: ⌁ auth for agents [www.vestauth.com]
2026-06-08 03:36:16: ◇ injected env (0) from .env // tip: ⌁ auth for agents [www.vestauth.com]
2026-06-08 03:36:21: ◇ injected env (0) from .env // tip: ⌘ enable debugging { debug: true }
2026-06-08 03:36:29: ◇ injected env (0) from .env // tip: ◈ encrypted .env [www.dotenvx.com]
2026-06-08 03:36:36: ◇ injected env (0) from .env // tip: ◈ secrets for agents [www.dotenvx.com]
2026-06-08 03:36:43: ◇ injected env (0) from .env // tip: ⌘ enable debugging { debug: true }
2026-06-08 03:36:48: ◇ injected env (0) from .env // tip: ⌁ auth for agents [www.vestauth.com]
2026-06-08 03:36:53: ◇ injected env (0) from .env // tip: ⌘ enable debugging { debug: true }
2026-06-08 03:37:00: ◇ injected env (0) from .env // tip: ⌘ enable debugging { debug: true }
2026-06-08 03:37:07: ◇ injected env (0) from .env // tip: ⌘ enable debugging { debug: true }
2026-06-08 03:37:13: ◇ injected env (0) from .env // tip: ◈ secrets for agents [www.dotenvx.com]
2026-06-08 03:37:18: ◇ injected env (0) from .env // tip: ⌘ multiple files { path: ['.env.local', '.env'] }
2026-06-08 03:37:24: ◇ injected env (0) from .env // tip: ◈ encrypted .env [www.dotenvx.com]
2026-06-08 03:37:32: ◇ injected env (0) from .env // tip: ◈ secrets for agents [www.dotenvx.com]
2026-06-08 03:37:38: ◇ injected env (0) from .env // tip: ⌘ suppress logs { quiet: true }
2026-06-08 03:37:43: ◇ injected env (0) from .env // tip: ◈ secrets for agents [www.dotenvx.com]
2026-06-08 03:37:49: ◇ injected env (0) from .env // tip: ⌘ suppress logs { quiet: true }
2026-06-08 03:37:56: ◇ injected env (0) from .env // tip: ◈ secrets for agents [www.dotenvx.com]
2026-06-08 03:38:04: ◇ injected env (0) from .env // tip: ⌁ auth for agents [www.vestauth.com]
2026-06-08 03:38:12: ◇ injected env (0) from .env // tip: ⌘ suppress logs { quiet: true }
2026-06-08 03:38:20: ◇ injected env (0) from .env // tip: ◈ encrypted .env [www.dotenvx.com]
2026-06-08 03:38:26: ◇ injected env (0) from .env // tip: ⌘ suppress logs { quiet: true }
2026-06-08 03:38:33: ◇ injected env (0) from .env // tip: ⌘ custom filepath { path: '/custom/path/.env' }
2026-06-08 03:38:38: ◇ injected env (0) from .env // tip: ⌘ custom filepath { path: '/custom/path/.env' }
2026-06-08 03:38:44: ◇ injected env (0) from .env // tip: ⌘ override existing { override: true }
2026-06-08 03:38:51: ◇ injected env (0) from .env // tip: ⌘ enable debugging { debug: true }
2026-06-08 03:38:59: ◇ injected env (0) from .env // tip: ⌘ override existing { override: true }
2026-06-08 03:39:06: ◇ injected env (0) from .env // tip: ⌘ multiple files { path: ['.env.local', '.env'] }
2026-06-08 03:39:14: ◇ injected env (0) from .env // tip: ⌘ enable debugging { debug: true }
2026-06-08 03:39:21: ◇ injected env (0) from .env // tip: ⌘ enable debugging { debug: true }
2026-06-08 03:39:28: ◇ injected env (0) from .env // tip: ⌘ suppress logs { quiet: true }
2026-06-08 03:39:36: ◇ injected env (0) from .env // tip: ⌘ multiple files { path: ['.env.local', '.env'] }
2026-06-08 03:39:44: ◇ injected env (0) from .env // tip: ⌘ multiple files { path: ['.env.local', '.env'] }
2026-06-08 03:39:53: ◇ injected env (0) from .env // tip: ⌘ custom filepath { path: '/custom/path/.env' }
2026-06-08 03:40:03: ◇ injected env (0) from .env // tip: ⌘ override existing { override: true }
2026-06-08 03:40:13: ◇ injected env (0) from .env // tip: ⌘ override existing { override: true }
2026-06-08 03:40:22: ◇ injected env (0) from .env // tip: ⌘ suppress logs { quiet: true }
2026-06-08 03:40:32: ◇ injected env (0) from .env // tip: ⌘ override existing { override: true }
2026-06-08 03:40:40: ◇ injected env (0) from .env // tip: ◈ secrets for agents [www.dotenvx.com]
2026-06-08 03:40:48: ◇ injected env (0) from .env // tip: ◈ secrets for agents [www.dotenvx.com]
2026-06-08 03:40:56: ◇ injected env (0) from .env // tip: ⌘ override existing { override: true }
2026-06-08 03:41:05: ◇ injected env (0) from .env // tip: ⌘ suppress logs { quiet: true }
2026-06-08 03:41:13: ◇ injected env (0) from .env // tip: ◈ encrypted .env [www.dotenvx.com]
2026-06-08 03:41:22: ◇ injected env (0) from .env // tip: ⌘ custom filepath { path: '/custom/path/.env' }
2026-06-08 03:41:29: ◇ injected env (0) from .env // tip: ⌘ custom filepath { path: '/custom/path/.env' }
2026-06-08 03:41:37: ◇ injected env (0) from .env // tip: ◈ secrets for agents [www.dotenvx.com]
2026-06-08 03:41:46: ◇ injected env (0) from .env // tip: ⌁ auth for agents [www.vestauth.com]
2026-06-08 03:41:53: ◇ injected env (0) from .env // tip: ⌘ custom filepath { path: '/custom/path/.env' }
2026-06-08 03:42:01: ◇ injected env (0) from .env // tip: ⌁ auth for agents [www.vestauth.com]
2026-06-08 03:42:09: ◇ injected env (0) from .env // tip: ⌘ suppress logs { quiet: true }
2026-06-08 03:42:16: ◇ injected env (0) from .env // tip: ⌘ enable debugging { debug: true }
2026-06-08 03:42:22: ◇ injected env (0) from .env // tip: ◈ secrets for agents [www.dotenvx.com]
2026-06-08 03:42:29: ◇ injected env (0) from .env // tip: ◈ secrets for agents [www.dotenvx.com]
2026-06-08 03:42:35: ◇ injected env (0) from .env // tip: ⌘ suppress logs { quiet: true }
2026-06-08 03:42:42: ◇ injected env (0) from .env // tip: ⌘ multiple files { path: ['.env.local', '.env'] }
2026-06-08 03:42:49: ◇ injected env (0) from .env // tip: ⌘ multiple files { path: ['.env.local', '.env'] }
2026-06-08 03:42:55: ◇ injected env (0) from .env // tip: ◈ secrets for agents [www.dotenvx.com]
2026-06-08 03:43:02: ◇ injected env (0) from .env // tip: ⌘ suppress logs { quiet: true }
2026-06-08 03:43:09: ◇ injected env (0) from .env // tip: ⌁ auth for agents [www.vestauth.com]
2026-06-08 03:43:15: ◇ injected env (0) from .env // tip: ⌁ auth for agents [www.vestauth.com]
2026-06-08 03:43:22: ◇ injected env (0) from .env // tip: ◈ encrypted .env [www.dotenvx.com]
2026-06-08 03:43:28: ◇ injected env (0) from .env // tip: ⌁ auth for agents [www.vestauth.com]
2026-06-08 03:43:35: ◇ injected env (0) from .env // tip: ◈ secrets for agents [www.dotenvx.com]
2026-06-08 03:43:42: ◇ injected env (0) from .env // tip: ⌘ custom filepath { path: '/custom/path/.env' }
2026-06-08 03:43:48: ◇ injected env (0) from .env // tip: ⌘ custom filepath { path: '/custom/path/.env' }
2026-06-08 03:43:55: ◇ injected env (0) from .env // tip: ◈ encrypted .env [www.dotenvx.com]
2026-06-08 03:44:01: ◇ injected env (0) from .env // tip: ⌘ suppress logs { quiet: true }
2026-06-08 03:44:08: ◇ injected env (0) from .env // tip: ⌘ enable debugging { debug: true }
2026-06-08 03:44:14: ◇ injected env (0) from .env // tip: ⌘ enable debugging { debug: true }
2026-06-08 03:44:21: ◇ injected env (0) from .env // tip: ⌘ enable debugging { debug: true }
2026-06-08 03:44:27: ◇ injected env (0) from .env // tip: ⌘ suppress logs { quiet: true }
2026-06-08 03:44:34: ◇ injected env (0) from .env // tip: ⌘ multiple files { path: ['.env.local', '.env'] }
2026-06-08 03:44:41: ◇ injected env (0) from .env // tip: ◈ encrypted .env [www.dotenvx.com]
2026-06-08 03:44:48: ◇ injected env (0) from .env // tip: ◈ encrypted .env [www.dotenvx.com]
2026-06-08 03:44:55: ◇ injected env (0) from .env // tip: ◈ encrypted .env [www.dotenvx.com]
2026-06-08 03:45:01: ◇ injected env (0) from .env // tip: ⌘ enable debugging { debug: true }
2026-06-08 03:45:08: ◇ injected env (0) from .env // tip: ⌁ auth for agents [www.vestauth.com]
2026-06-08 03:45:14: ◇ injected env (0) from .env // tip: ⌘ override existing { override: true }
2026-06-08 03:45:21: ◇ injected env (0) from .env // tip: ⌁ auth for agents [www.vestauth.com]
2026-06-08 03:45:27: ◇ injected env (0) from .env // tip: ⌘ custom filepath { path: '/custom/path/.env' }
2026-06-08 03:45:34: ◇ injected env (0) from .env // tip: ◈ encrypted .env [www.dotenvx.com]
2026-06-08 03:45:41: ◇ injected env (0) from .env // tip: ⌁ auth for agents [www.vestauth.com]
2026-06-08 03:45:48: ◇ injected env (0) from .env // tip: ◈ encrypted .env [www.dotenvx.com]
2026-06-08 03:45:55: ◇ injected env (0) from .env // tip: ◈ secrets for agents [www.dotenvx.com]
2026-06-08 03:46:01: ◇ injected env (0) from .env // tip: ◈ encrypted .env [www.dotenvx.com]
2026-06-08 03:46:08: ◇ injected env (0) from .env // tip: ⌘ override existing { override: true }
2026-06-08 03:46:15: ◇ injected env (0) from .env // tip: ⌘ multiple files { path: ['.env.local', '.env'] }
2026-06-08 03:46:23: ◇ injected env (0) from .env // tip: ⌘ suppress logs { quiet: true }
2026-06-08 03:46:29: ◇ injected env (0) from .env // tip: ⌘ custom filepath { path: '/custom/path/.env' }
2026-06-08 03:46:36: ◇ injected env (0) from .env // tip: ⌘ multiple files { path: ['.env.local', '.env'] }
2026-06-08 03:46:43: ◇ injected env (0) from .env // tip: ⌘ suppress logs { quiet: true }
2026-06-08 03:46:49: ◇ injected env (0) from .env // tip: ◈ encrypted .env [www.dotenvx.com]
2026-06-08 03:46:56: ◇ injected env (0) from .env // tip: ◈ secrets for agents [www.dotenvx.com]
2026-06-08 03:47:02: ◇ injected env (0) from .env // tip: ◈ secrets for agents [www.dotenvx.com]
2026-06-08 03:47:09: ◇ injected env (0) from .env // tip: ⌁ auth for agents [www.vestauth.com]
2026-06-08 03:47:15: ◇ injected env (0) from .env // tip: ◈ encrypted .env [www.dotenvx.com]
2026-06-08 03:47:22: ◇ injected env (0) from .env // tip: ⌘ override existing { override: true }
2026-06-08 03:47:28: ◇ injected env (0) from .env // tip: ⌘ enable debugging { debug: true }
2026-06-08 03:47:35: ◇ injected env (0) from .env // tip: ◈ encrypted .env [www.dotenvx.com]
2026-06-08 03:47:41: ◇ injected env (0) from .env // tip: ⌘ override existing { override: true }
2026-06-08 03:47:48: ◇ injected env (0) from .env // tip: ◈ encrypted .env [www.dotenvx.com]
2026-06-08 03:47:54: ◇ injected env (0) from .env // tip: ⌘ override existing { override: true }
2026-06-08 03:48:00: ◇ injected env (0) from .env // tip: ⌘ custom filepath { path: '/custom/path/.env' }
2026-06-08 03:48:07: ◇ injected env (0) from .env // tip: ⌁ auth for agents [www.vestauth.com]
2026-06-08 03:48:14: ◇ injected env (0) from .env // tip: ⌘ override existing { override: true }
2026-06-08 03:48:21: ◇ injected env (0) from .env // tip: ⌘ override existing { override: true }
2026-06-08 03:48:27: ◇ injected env (0) from .env // tip: ⌘ multiple files { path: ['.env.local', '.env'] }
2026-06-08 03:48:34: ◇ injected env (0) from .env // tip: ◈ secrets for agents [www.dotenvx.com]
2026-06-08 03:48:41: ◇ injected env (0) from .env // tip: ⌘ override existing { override: true }
2026-06-08 03:48:47: ◇ injected env (0) from .env // tip: ◈ encrypted .env [www.dotenvx.com]
2026-06-08 03:48:53: ◇ injected env (0) from .env // tip: ◈ encrypted .env [www.dotenvx.com]
2026-06-08 03:48:59: ◇ injected env (0) from .env // tip: ⌘ suppress logs { quiet: true }
2026-06-08 03:49:06: ◇ injected env (0) from .env // tip: ⌘ multiple files { path: ['.env.local', '.env'] }
2026-06-08 03:49:13: ◇ injected env (0) from .env // tip: ⌘ override existing { override: true }
2026-06-08 03:49:19: ◇ injected env (0) from .env // tip: ⌘ custom filepath { path: '/custom/path/.env' }
2026-06-08 03:49:25: ◇ injected env (0) from .env // tip: ⌁ auth for agents [www.vestauth.com]
2026-06-08 03:49:32: ◇ injected env (0) from .env // tip: ⌘ override existing { override: true }
2026-06-08 03:49:38: ◇ injected env (0) from .env // tip: ⌘ suppress logs { quiet: true }
2026-06-08 03:49:45: ◇ injected env (0) from .env // tip: ⌘ enable debugging { debug: true }
2026-06-08 03:49:52: ◇ injected env (0) from .env // tip: ◈ encrypted .env [www.dotenvx.com]
2026-06-08 03:49:58: ◇ injected env (0) from .env // tip: ⌘ multiple files { path: ['.env.local', '.env'] }
2026-06-08 03:50:05: ◇ injected env (0) from .env // tip: ⌘ multiple files { path: ['.env.local', '.env'] }
2026-06-08 03:50:12: ◇ injected env (0) from .env // tip: ◈ encrypted .env [www.dotenvx.com]
2026-06-08 03:50:19: ◇ injected env (0) from .env // tip: ◈ encrypted .env [www.dotenvx.com]
2026-06-08 03:50:26: ◇ injected env (0) from .env // tip: ⌁ auth for agents [www.vestauth.com]
2026-06-08 03:50:33: ◇ injected env (0) from .env // tip: ⌘ enable debugging { debug: true }
2026-06-08 03:50:40: ◇ injected env (0) from .env // tip: ◈ encrypted .env [www.dotenvx.com]
2026-06-08 03:50:46: ◇ injected env (0) from .env // tip: ⌁ auth for agents [www.vestauth.com]
2026-06-08 03:50:53: ◇ injected env (0) from .env // tip: ⌘ enable debugging { debug: true }
2026-06-08 03:51:00: ◇ injected env (0) from .env // tip: ◈ encrypted .env [www.dotenvx.com]
2026-06-08 03:51:06: ◇ injected env (0) from .env // tip: ⌘ override existing { override: true }
2026-06-08 03:51:13: ◇ injected env (0) from .env // tip: ⌘ enable debugging { debug: true }
2026-06-08 03:51:20: ◇ injected env (0) from .env // tip: ⌁ auth for agents [www.vestauth.com]
2026-06-08 03:51:26: ◇ injected env (0) from .env // tip: ◈ secrets for agents [www.dotenvx.com]
2026-06-08 03:51:33: ◇ injected env (0) from .env // tip: ⌁ auth for agents [www.vestauth.com]
2026-06-08 03:51:39: ◇ injected env (0) from .env // tip: ⌁ auth for agents [www.vestauth.com]
2026-06-08 03:51:46: ◇ injected env (0) from .env // tip: ⌘ multiple files { path: ['.env.local', '.env'] }
2026-06-08 03:51:52: ◇ injected env (0) from .env // tip: ⌘ custom filepath { path: '/custom/path/.env' }
2026-06-08 03:51:58: ◇ injected env (0) from .env // tip: ◈ encrypted .env [www.dotenvx.com]
2026-06-08 03:52:04: ◇ injected env (0) from .env // tip: ⌁ auth for agents [www.vestauth.com]
2026-06-08 03:52:11: ◇ injected env (0) from .env // tip: ⌘ multiple files { path: ['.env.local', '.env'] }
2026-06-08 03:52:18: ◇ injected env (0) from .env // tip: ⌘ override existing { override: true }
2026-06-08 03:52:24: ◇ injected env (0) from .env // tip: ⌘ custom filepath { path: '/custom/path/.env' }
2026-06-08 03:52:30: ◇ injected env (0) from .env // tip: ⌘ custom filepath { path: '/custom/path/.env' }
2026-06-08 03:52:36: ◇ injected env (0) from .env // tip: ◈ secrets for agents [www.dotenvx.com]
2026-06-08 03:52:43: ◇ injected env (0) from .env // tip: ⌁ auth for agents [www.vestauth.com]
2026-06-08 03:52:49: ◇ injected env (0) from .env // tip: ⌁ auth for agents [www.vestauth.com]
2026-06-08 03:52:56: ◇ injected env (0) from .env // tip: ⌘ multiple files { path: ['.env.local', '.env'] }
2026-06-08 03:53:03: ◇ injected env (0) from .env // tip: ⌘ override existing { override: true }
2026-06-08 03:53:10: ◇ injected env (0) from .env // tip: ⌘ enable debugging { debug: true }
2026-06-08 03:53:16: ◇ injected env (0) from .env // tip: ◈ encrypted .env [www.dotenvx.com]
2026-06-08 03:53:22: ◇ injected env (0) from .env // tip: ⌘ custom filepath { path: '/custom/path/.env' }
2026-06-08 03:53:29: ◇ injected env (0) from .env // tip: ◈ encrypted .env [www.dotenvx.com]
2026-06-08 03:53:35: ◇ injected env (0) from .env // tip: ⌘ multiple files { path: ['.env.local', '.env'] }
2026-06-08 03:53:42: ◇ injected env (0) from .env // tip: ⌘ suppress logs { quiet: true }
2026-06-08 03:53:48: ◇ injected env (0) from .env // tip: ⌁ auth for agents [www.vestauth.com]
2026-06-08 03:53:55: ◇ injected env (0) from .env // tip: ◈ secrets for agents [www.dotenvx.com]
2026-06-08 03:54:01: ◇ injected env (0) from .env // tip: ⌘ multiple files { path: ['.env.local', '.env'] }
2026-06-08 03:54:08: ◇ injected env (0) from .env // tip: ⌘ custom filepath { path: '/custom/path/.env' }
2026-06-08 03:54:14: ◇ injected env (0) from .env // tip: ⌘ suppress logs { quiet: true }
2026-06-08 03:54:20: ◇ injected env (0) from .env // tip: ⌘ enable debugging { debug: true }
2026-06-08 03:54:27: ◇ injected env (0) from .env // tip: ◈ secrets for agents [www.dotenvx.com]
2026-06-08 03:54:33: ◇ injected env (0) from .env // tip: ◈ secrets for agents [www.dotenvx.com]
2026-06-08 03:54:40: ◇ injected env (0) from .env // tip: ⌘ suppress logs { quiet: true }
2026-06-08 03:54:47: ◇ injected env (0) from .env // tip: ◈ secrets for agents [www.dotenvx.com]
2026-06-08 03:54:53: ◇ injected env (0) from .env // tip: ⌘ suppress logs { quiet: true }
2026-06-08 03:55:00: ◇ injected env (0) from .env // tip: ◈ encrypted .env [www.dotenvx.com]
2026-06-08 03:55:06: ◇ injected env (0) from .env // tip: ⌘ multiple files { path: ['.env.local', '.env'] }
2026-06-08 03:55:13: ◇ injected env (0) from .env // tip: ⌘ override existing { override: true }
2026-06-08 03:55:19: ◇ injected env (0) from .env // tip: ⌘ suppress logs { quiet: true }
2026-06-08 03:55:25: ◇ injected env (0) from .env // tip: ⌁ auth for agents [www.vestauth.com]
2026-06-08 03:55:32: ◇ injected env (0) from .env // tip: ⌘ suppress logs { quiet: true }
2026-06-08 03:55:39: ◇ injected env (0) from .env // tip: ⌘ enable debugging { debug: true }
2026-06-08 03:55:45: ◇ injected env (0) from .env // tip: ⌘ multiple files { path: ['.env.local', '.env'] }
2026-06-08 03:55:52: ◇ injected env (0) from .env // tip: ◈ secrets for agents [www.dotenvx.com]
2026-06-08 03:55:58: ◇ injected env (0) from .env // tip: ⌁ auth for agents [www.vestauth.com]
2026-06-08 03:56:05: ◇ injected env (0) from .env // tip: ⌘ enable debugging { debug: true }
2026-06-08 03:56:12: ◇ injected env (0) from .env // tip: ⌘ enable debugging { debug: true }
2026-06-08 03:56:18: ◇ injected env (0) from .env // tip: ⌘ multiple files { path: ['.env.local', '.env'] }
2026-06-08 03:56:24: ◇ injected env (0) from .env // tip: ⌘ override existing { override: true }
2026-06-08 03:56:31: ◇ injected env (0) from .env // tip: ⌘ custom filepath { path: '/custom/path/.env' }
2026-06-08 03:56:38: ◇ injected env (0) from .env // tip: ◈ secrets for agents [www.dotenvx.com]
2026-06-08 03:56:44: ◇ injected env (0) from .env // tip: ⌘ suppress logs { quiet: true }
2026-06-08 03:56:51: ◇ injected env (0) from .env // tip: ⌘ override existing { override: true }
2026-06-08 03:56:57: ◇ injected env (0) from .env // tip: ◈ encrypted .env [www.dotenvx.com]
2026-06-08 03:57:04: ◇ injected env (0) from .env // tip: ⌘ override existing { override: true }
2026-06-08 03:57:11: ◇ injected env (0) from .env // tip: ◈ encrypted .env [www.dotenvx.com]
2026-06-08 03:57:17: ◇ injected env (0) from .env // tip: ⌁ auth for agents [www.vestauth.com]
2026-06-08 03:57:24: ◇ injected env (0) from .env // tip: ◈ encrypted .env [www.dotenvx.com]
2026-06-08 03:57:30: ◇ injected env (0) from .env // tip: ⌘ multiple files { path: ['.env.local', '.env'] }
2026-06-08 03:57:37: ◇ injected env (0) from .env // tip: ⌁ auth for agents [www.vestauth.com]
2026-06-08 03:57:43: ◇ injected env (0) from .env // tip: ⌁ auth for agents [www.vestauth.com]
2026-06-08 03:57:50: ◇ injected env (0) from .env // tip: ⌁ auth for agents [www.vestauth.com]
2026-06-08 03:57:56: ◇ injected env (0) from .env // tip: ◈ encrypted .env [www.dotenvx.com]
2026-06-08 03:58:03: ◇ injected env (0) from .env // tip: ⌘ custom filepath { path: '/custom/path/.env' }
2026-06-08 03:58:09: ◇ injected env (0) from .env // tip: ⌘ multiple files { path: ['.env.local', '.env'] }
2026-06-08 03:58:16: ◇ injected env (0) from .env // tip: ⌘ override existing { override: true }
2026-06-08 03:58:22: ◇ injected env (0) from .env // tip: ⌘ custom filepath { path: '/custom/path/.env' }
2026-06-08 03:58:29: ◇ injected env (0) from .env // tip: ⌘ enable debugging { debug: true }
2026-06-08 03:58:35: ◇ injected env (0) from .env // tip: ⌘ custom filepath { path: '/custom/path/.env' }
2026-06-08 03:58:42: ◇ injected env (0) from .env // tip: ⌘ override existing { override: true }
2026-06-08 03:58:48: ◇ injected env (0) from .env // tip: ◈ secrets for agents [www.dotenvx.com]
2026-06-08 03:58:54: ◇ injected env (0) from .env // tip: ⌘ override existing { override: true }
2026-06-08 03:59:01: ◇ injected env (0) from .env // tip: ⌘ enable debugging { debug: true }
2026-06-08 03:59:07: ◇ injected env (0) from .env // tip: ⌘ custom filepath { path: '/custom/path/.env' }
2026-06-08 03:59:14: ◇ injected env (0) from .env // tip: ⌘ multiple files { path: ['.env.local', '.env'] }
2026-06-08 03:59:20: ◇ injected env (0) from .env // tip: ⌘ enable debugging { debug: true }
2026-06-08 03:59:27: ◇ injected env (0) from .env // tip: ◈ encrypted .env [www.dotenvx.com]
2026-06-08 03:59:33: ◇ injected env (0) from .env // tip: ⌘ suppress logs { quiet: true }
2026-06-08 03:59:40: ◇ injected env (0) from .env // tip: ⌁ auth for agents [www.vestauth.com]
2026-06-08 03:59:47: ◇ injected env (0) from .env // tip: ⌘ override existing { override: true }
2026-06-08 03:59:53: ◇ injected env (0) from .env // tip: ⌘ override existing { override: true }
2026-06-08 03:59:59: ◇ injected env (0) from .env // tip: ⌘ suppress logs { quiet: true }
2026-06-08 04:00:06: ◇ injected env (0) from .env // tip: ⌘ override existing { override: true }
2026-06-08 04:00:12: ◇ injected env (0) from .env // tip: ⌘ custom filepath { path: '/custom/path/.env' }
2026-06-08 04:00:19: ◇ injected env (0) from .env // tip: ⌘ enable debugging { debug: true }
2026-06-08 04:00:25: ◇ injected env (0) from .env // tip: ⌘ suppress logs { quiet: true }
2026-06-08 04:00:31: ◇ injected env (0) from .env // tip: ⌘ suppress logs { quiet: true }
2026-06-08 04:00:38: ◇ injected env (0) from .env // tip: ⌘ override existing { override: true }
2026-06-08 04:00:44: ◇ injected env (0) from .env // tip: ⌘ suppress logs { quiet: true }
2026-06-08 04:00:51: ◇ injected env (0) from .env // tip: ⌘ multiple files { path: ['.env.local', '.env'] }
2026-06-08 04:00:57: ◇ injected env (0) from .env // tip: ⌘ multiple files { path: ['.env.local', '.env'] }
2026-06-08 04:01:04: ◇ injected env (0) from .env // tip: ⌘ multiple files { path: ['.env.local', '.env'] }
2026-06-08 04:01:11: ◇ injected env (0) from .env // tip: ⌘ suppress logs { quiet: true }
2026-06-08 04:01:17: ◇ injected env (0) from .env // tip: ⌘ multiple files { path: ['.env.local', '.env'] }
2026-06-08 04:01:23: ◇ injected env (0) from .env // tip: ⌘ override existing { override: true }
2026-06-08 04:01:30: ◇ injected env (0) from .env // tip: ⌘ override existing { override: true }
2026-06-08 04:01:36: ◇ injected env (0) from .env // tip: ⌁ auth for agents [www.vestauth.com]
2026-06-08 04:01:43: ◇ injected env (0) from .env // tip: ◈ encrypted .env [www.dotenvx.com]
2026-06-08 04:01:49: ◇ injected env (0) from .env // tip: ⌁ auth for agents [www.vestauth.com]
2026-06-08 04:01:55: ◇ injected env (0) from .env // tip: ⌘ enable debugging { debug: true }
2026-06-08 04:02:02: ◇ injected env (0) from .env // tip: ⌘ suppress logs { quiet: true }
2026-06-08 04:02:08: ◇ injected env (0) from .env // tip: ⌘ multiple files { path: ['.env.local', '.env'] }
2026-06-08 04:02:15: ◇ injected env (0) from .env // tip: ⌘ enable debugging { debug: true }
2026-06-08 04:02:21: ◇ injected env (0) from .env // tip: ◈ encrypted .env [www.dotenvx.com]
2026-06-08 04:02:28: ◇ injected env (0) from .env // tip: ⌁ auth for agents [www.vestauth.com]
2026-06-08 04:02:34: ◇ injected env (0) from .env // tip: ⌁ auth for agents [www.vestauth.com]
2026-06-08 04:02:41: ◇ injected env (0) from .env // tip: ⌁ auth for agents [www.vestauth.com]
2026-06-08 04:02:47: ◇ injected env (0) from .env // tip: ⌘ suppress logs { quiet: true }
2026-06-08 04:02:53: ◇ injected env (0) from .env // tip: ⌘ override existing { override: true }
2026-06-08 04:02:59: ◇ injected env (0) from .env // tip: ⌘ multiple files { path: ['.env.local', '.env'] }
2026-06-08 04:03:06: ◇ injected env (0) from .env // tip: ⌘ enable debugging { debug: true }
2026-06-08 04:03:12: ◇ injected env (0) from .env // tip: ⌘ enable debugging { debug: true }
2026-06-08 04:03:19: ◇ injected env (0) from .env // tip: ◈ secrets for agents [www.dotenvx.com]
2026-06-08 04:03:25: ◇ injected env (0) from .env // tip: ⌁ auth for agents [www.vestauth.com]
2026-06-08 04:03:31: ◇ injected env (0) from .env // tip: ⌘ multiple files { path: ['.env.local', '.env'] }
2026-06-08 04:03:38: ◇ injected env (0) from .env // tip: ⌘ suppress logs { quiet: true }
2026-06-08 04:03:44: ◇ injected env (0) from .env // tip: ⌘ suppress logs { quiet: true }
2026-06-08 04:03:51: ◇ injected env (0) from .env // tip: ⌘ override existing { override: true }
2026-06-08 04:03:57: ◇ injected env (0) from .env // tip: ⌁ auth for agents [www.vestauth.com]
2026-06-08 04:04:04: ◇ injected env (0) from .env // tip: ⌘ override existing { override: true }
2026-06-08 04:04:11: ◇ injected env (0) from .env // tip: ◈ secrets for agents [www.dotenvx.com]
2026-06-08 04:04:17: ◇ injected env (0) from .env // tip: ◈ encrypted .env [www.dotenvx.com]
2026-06-08 04:04:24: ◇ injected env (0) from .env // tip: ⌘ enable debugging { debug: true }
2026-06-08 04:04:30: ◇ injected env (0) from .env // tip: ⌘ suppress logs { quiet: true }
2026-06-08 04:04:37: ◇ injected env (0) from .env // tip: ⌘ multiple files { path: ['.env.local', '.env'] }
2026-06-08 04:04:44: ◇ injected env (0) from .env // tip: ◈ encrypted .env [www.dotenvx.com]
2026-06-08 04:04:50: ◇ injected env (0) from .env // tip: ⌁ auth for agents [www.vestauth.com]
2026-06-08 04:04:57: ◇ injected env (0) from .env // tip: ◈ encrypted .env [www.dotenvx.com]
2026-06-08 04:05:03: ◇ injected env (0) from .env // tip: ⌘ enable debugging { debug: true }
2026-06-08 04:05:11: ◇ injected env (0) from .env // tip: ⌘ suppress logs { quiet: true }
2026-06-08 04:05:18: ◇ injected env (0) from .env // tip: ⌁ auth for agents [www.vestauth.com]
2026-06-08 04:05:24: ◇ injected env (0) from .env // tip: ⌘ enable debugging { debug: true }
2026-06-08 04:05:30: ◇ injected env (0) from .env // tip: ⌁ auth for agents [www.vestauth.com]
2026-06-08 04:05:37: ◇ injected env (0) from .env // tip: ⌘ enable debugging { debug: true }
2026-06-08 04:05:43: ◇ injected env (0) from .env // tip: ◈ secrets for agents [www.dotenvx.com]
2026-06-08 04:05:50: ◇ injected env (0) from .env // tip: ⌘ override existing { override: true }
2026-06-08 04:05:56: ◇ injected env (0) from .env // tip: ⌘ custom filepath { path: '/custom/path/.env' }
2026-06-08 04:06:02: ◇ injected env (0) from .env // tip: ⌘ override existing { override: true }
2026-06-08 04:06:09: ◇ injected env (0) from .env // tip: ⌘ suppress logs { quiet: true }
2026-06-08 04:06:15: ◇ injected env (0) from .env // tip: ⌘ multiple files { path: ['.env.local', '.env'] }
2026-06-08 04:06:21: ◇ injected env (0) from .env // tip: ◈ secrets for agents [www.dotenvx.com]
2026-06-08 04:06:28: ◇ injected env (0) from .env // tip: ⌘ multiple files { path: ['.env.local', '.env'] }
2026-06-08 04:06:34: ◇ injected env (0) from .env // tip: ⌘ multiple files { path: ['.env.local', '.env'] }
2026-06-08 04:06:41: ◇ injected env (0) from .env // tip: ◈ secrets for agents [www.dotenvx.com]
2026-06-08 04:06:47: ◇ injected env (0) from .env // tip: ⌁ auth for agents [www.vestauth.com]
2026-06-08 04:06:53: ◇ injected env (0) from .env // tip: ⌁ auth for agents [www.vestauth.com]
2026-06-08 04:07:00: ◇ injected env (0) from .env // tip: ⌘ multiple files { path: ['.env.local', '.env'] }
2026-06-08 04:07:06: ◇ injected env (0) from .env // tip: ◈ encrypted .env [www.dotenvx.com]
2026-06-08 04:07:13: ◇ injected env (0) from .env // tip: ⌘ custom filepath { path: '/custom/path/.env' }
2026-06-08 04:07:19: ◇ injected env (0) from .env // tip: ◈ secrets for agents [www.dotenvx.com]
2026-06-08 04:07:25: ◇ injected env (0) from .env // tip: ⌁ auth for agents [www.vestauth.com]
2026-06-08 04:07:32: ◇ injected env (0) from .env // tip: ◈ encrypted .env [www.dotenvx.com]
2026-06-08 04:07:38: ◇ injected env (0) from .env // tip: ⌘ custom filepath { path: '/custom/path/.env' }
2026-06-08 04:07:45: ◇ injected env (0) from .env // tip: ⌘ custom filepath { path: '/custom/path/.env' }
2026-06-08 04:07:51: ◇ injected env (0) from .env // tip: ⌘ custom filepath { path: '/custom/path/.env' }
2026-06-08 04:07:58: ◇ injected env (0) from .env // tip: ⌁ auth for agents [www.vestauth.com]
2026-06-08 04:08:05: ◇ injected env (0) from .env // tip: ⌘ enable debugging { debug: true }
2026-06-08 04:08:11: ◇ injected env (0) from .env // tip: ⌘ enable debugging { debug: true }
2026-06-08 04:08:18: ◇ injected env (0) from .env // tip: ◈ secrets for agents [www.dotenvx.com]
2026-06-08 04:08:24: ◇ injected env (0) from .env // tip: ⌁ auth for agents [www.vestauth.com]
2026-06-08 04:08:30: ◇ injected env (0) from .env // tip: ⌁ auth for agents [www.vestauth.com]
2026-06-08 04:08:37: ◇ injected env (0) from .env // tip: ◈ encrypted .env [www.dotenvx.com]
2026-06-08 04:08:43: ◇ injected env (0) from .env // tip: ⌘ suppress logs { quiet: true }
2026-06-08 04:08:50: ◇ injected env (0) from .env // tip: ⌁ auth for agents [www.vestauth.com]
2026-06-08 04:08:56: ◇ injected env (0) from .env // tip: ⌘ override existing { override: true }
2026-06-08 04:09:03: ◇ injected env (0) from .env // tip: ⌘ custom filepath { path: '/custom/path/.env' }
2026-06-08 04:09:10: ◇ injected env (0) from .env // tip: ⌘ multiple files { path: ['.env.local', '.env'] }
2026-06-08 04:09:16: ◇ injected env (0) from .env // tip: ⌁ auth for agents [www.vestauth.com]
2026-06-08 04:09:22: ◇ injected env (0) from .env // tip: ⌘ custom filepath { path: '/custom/path/.env' }
2026-06-08 04:09:29: ◇ injected env (0) from .env // tip: ⌘ suppress logs { quiet: true }
2026-06-08 04:09:35: ◇ injected env (0) from .env // tip: ⌘ enable debugging { debug: true }
2026-06-08 04:09:42: ◇ injected env (0) from .env // tip: ⌁ auth for agents [www.vestauth.com]
2026-06-08 04:09:48: ◇ injected env (0) from .env // tip: ⌘ multiple files { path: ['.env.local', '.env'] }
2026-06-08 04:09:55: ◇ injected env (0) from .env // tip: ◈ secrets for agents [www.dotenvx.com]
2026-06-08 04:10:02: ◇ injected env (0) from .env // tip: ◈ encrypted .env [www.dotenvx.com]
2026-06-08 04:10:08: ◇ injected env (0) from .env // tip: ⌘ suppress logs { quiet: true }
2026-06-08 04:10:14: ◇ injected env (0) from .env // tip: ⌘ custom filepath { path: '/custom/path/.env' }
2026-06-08 04:10:21: ◇ injected env (0) from .env // tip: ⌁ auth for agents [www.vestauth.com]
2026-06-08 04:10:27: ◇ injected env (0) from .env // tip: ◈ encrypted .env [www.dotenvx.com]
2026-06-08 04:10:34: ◇ injected env (0) from .env // tip: ⌁ auth for agents [www.vestauth.com]
2026-06-08 04:10:41: ◇ injected env (0) from .env // tip: ⌘ custom filepath { path: '/custom/path/.env' }
2026-06-08 04:10:47: ◇ injected env (0) from .env // tip: ⌘ multiple files { path: ['.env.local', '.env'] }
2026-06-08 04:10:53: ◇ injected env (0) from .env // tip: ⌘ suppress logs { quiet: true }
2026-06-08 04:11:00: ◇ injected env (0) from .env // tip: ⌘ override existing { override: true }
2026-06-08 04:11:07: ◇ injected env (0) from .env // tip: ◈ encrypted .env [www.dotenvx.com]
2026-06-08 04:11:13: ◇ injected env (0) from .env // tip: ⌘ override existing { override: true }
2026-06-08 04:11:20: ◇ injected env (0) from .env // tip: ⌘ override existing { override: true }
2026-06-08 04:11:26: ◇ injected env (0) from .env // tip: ⌘ multiple files { path: ['.env.local', '.env'] }
2026-06-08 04:11:32: ◇ injected env (0) from .env // tip: ◈ encrypted .env [www.dotenvx.com]
2026-06-08 04:11:39: ◇ injected env (0) from .env // tip: ◈ encrypted .env [www.dotenvx.com]
2026-06-08 04:11:45: ◇ injected env (0) from .env // tip: ⌘ enable debugging { debug: true }
2026-06-08 04:11:52: ◇ injected env (0) from .env // tip: ⌘ custom filepath { path: '/custom/path/.env' }
2026-06-08 04:11:58: ◇ injected env (0) from .env // tip: ◈ encrypted .env [www.dotenvx.com]
2026-06-08 04:12:04: ◇ injected env (0) from .env // tip: ◈ encrypted .env [www.dotenvx.com]
2026-06-08 04:12:11: ◇ injected env (0) from .env // tip: ⌁ auth for agents [www.vestauth.com]
2026-06-08 04:12:17: ◇ injected env (0) from .env // tip: ◈ secrets for agents [www.dotenvx.com]
2026-06-08 04:12:23: ◇ injected env (0) from .env // tip: ⌘ enable debugging { debug: true }
2026-06-08 04:12:29: ◇ injected env (0) from .env // tip: ⌁ auth for agents [www.vestauth.com]
2026-06-08 04:12:36: ◇ injected env (0) from .env // tip: ⌘ enable debugging { debug: true }
2026-06-08 04:12:43: ◇ injected env (0) from .env // tip: ⌘ override existing { override: true }
2026-06-08 04:12:49: ◇ injected env (0) from .env // tip: ◈ encrypted .env [www.dotenvx.com]
2026-06-08 04:12:55: ◇ injected env (0) from .env // tip: ◈ secrets for agents [www.dotenvx.com]
2026-06-08 04:13:02: ◇ injected env (0) from .env // tip: ⌘ multiple files { path: ['.env.local', '.env'] }
2026-06-08 04:13:08: ◇ injected env (0) from .env // tip: ◈ secrets for agents [www.dotenvx.com]
2026-06-08 04:13:15: ◇ injected env (0) from .env // tip: ⌘ suppress logs { quiet: true }
2026-06-08 04:13:21: ◇ injected env (0) from .env // tip: ◈ encrypted .env [www.dotenvx.com]
2026-06-08 04:13:27: ◇ injected env (0) from .env // tip: ⌘ multiple files { path: ['.env.local', '.env'] }
2026-06-08 04:13:33: ◇ injected env (0) from .env // tip: ◈ encrypted .env [www.dotenvx.com]
2026-06-08 04:13:40: ◇ injected env (0) from .env // tip: ◈ secrets for agents [www.dotenvx.com]
2026-06-08 04:13:47: ◇ injected env (0) from .env // tip: ⌘ multiple files { path: ['.env.local', '.env'] }
2026-06-08 04:13:53: ◇ injected env (0) from .env // tip: ⌁ auth for agents [www.vestauth.com]
2026-06-08 04:13:59: ◇ injected env (0) from .env // tip: ◈ secrets for agents [www.dotenvx.com]
2026-06-08 04:14:06: ◇ injected env (0) from .env // tip: ⌘ enable debugging { debug: true }
2026-06-08 04:14:12: ◇ injected env (0) from .env // tip: ⌘ multiple files { path: ['.env.local', '.env'] }
2026-06-08 04:14:19: ◇ injected env (0) from .env // tip: ◈ encrypted .env [www.dotenvx.com]
2026-06-08 04:14:25: ◇ injected env (0) from .env // tip: ◈ encrypted .env [www.dotenvx.com]
2026-06-08 04:14:32: ◇ injected env (0) from .env // tip: ⌘ enable debugging { debug: true }
2026-06-08 04:14:39: ◇ injected env (0) from .env // tip: ◈ secrets for agents [www.dotenvx.com]
2026-06-08 04:14:45: ◇ injected env (0) from .env // tip: ◈ secrets for agents [www.dotenvx.com]
2026-06-08 04:14:52: ◇ injected env (0) from .env // tip: ◈ encrypted .env [www.dotenvx.com]
2026-06-08 04:14:58: ◇ injected env (0) from .env // tip: ⌁ auth for agents [www.vestauth.com]
2026-06-08 04:15:04: ◇ injected env (0) from .env // tip: ⌘ multiple files { path: ['.env.local', '.env'] }
2026-06-08 04:15:11: ◇ injected env (0) from .env // tip: ⌘ enable debugging { debug: true }
2026-06-08 04:15:18: ◇ injected env (0) from .env // tip: ⌘ override existing { override: true }
2026-06-08 04:15:24: ◇ injected env (0) from .env // tip: ⌘ suppress logs { quiet: true }
2026-06-08 04:15:31: ◇ injected env (0) from .env // tip: ⌘ enable debugging { debug: true }
2026-06-08 04:15:37: ◇ injected env (0) from .env // tip: ⌘ enable debugging { debug: true }
2026-06-08 04:15:44: ◇ injected env (0) from .env // tip: ⌁ auth for agents [www.vestauth.com]
2026-06-08 04:15:50: ◇ injected env (0) from .env // tip: ⌘ enable debugging { debug: true }
2026-06-08 04:15:57: ◇ injected env (0) from .env // tip: ⌘ override existing { override: true }
2026-06-08 04:16:03: ◇ injected env (0) from .env // tip: ⌁ auth for agents [www.vestauth.com]
2026-06-08 04:16:10: ◇ injected env (0) from .env // tip: ⌘ suppress logs { quiet: true }
2026-06-08 04:16:16: ◇ injected env (0) from .env // tip: ◈ encrypted .env [www.dotenvx.com]
2026-06-08 04:16:22: ◇ injected env (0) from .env // tip: ◈ secrets for agents [www.dotenvx.com]
2026-06-08 04:16:29: ◇ injected env (0) from .env // tip: ⌘ enable debugging { debug: true }
2026-06-08 04:16:35: ◇ injected env (0) from .env // tip: ⌁ auth for agents [www.vestauth.com]
2026-06-08 04:16:42: ◇ injected env (0) from .env // tip: ⌁ auth for agents [www.vestauth.com]
2026-06-08 04:16:48: ◇ injected env (0) from .env // tip: ⌘ suppress logs { quiet: true }
2026-06-08 04:16:55: ◇ injected env (0) from .env // tip: ⌘ enable debugging { debug: true }
2026-06-08 04:17:01: ◇ injected env (0) from .env // tip: ⌘ custom filepath { path: '/custom/path/.env' }
2026-06-08 04:17:07: ◇ injected env (0) from .env // tip: ⌘ enable debugging { debug: true }
2026-06-08 04:17:14: ◇ injected env (0) from .env // tip: ⌘ enable debugging { debug: true }
2026-06-08 04:17:20: ◇ injected env (0) from .env // tip: ⌘ custom filepath { path: '/custom/path/.env' }
2026-06-08 04:17:27: ◇ injected env (0) from .env // tip: ⌘ multiple files { path: ['.env.local', '.env'] }
2026-06-08 04:17:33: ◇ injected env (0) from .env // tip: ⌁ auth for agents [www.vestauth.com]
2026-06-08 04:17:40: ◇ injected env (0) from .env // tip: ⌘ enable debugging { debug: true }
2026-06-08 04:17:46: ◇ injected env (0) from .env // tip: ◈ secrets for agents [www.dotenvx.com]
2026-06-08 04:17:52: ◇ injected env (0) from .env // tip: ⌘ multiple files { path: ['.env.local', '.env'] }
2026-06-08 04:17:59: ◇ injected env (0) from .env // tip: ◈ encrypted .env [www.dotenvx.com]
2026-06-08 04:18:05: ◇ injected env (0) from .env // tip: ⌁ auth for agents [www.vestauth.com]
2026-06-08 04:18:12: ◇ injected env (0) from .env // tip: ⌁ auth for agents [www.vestauth.com]
2026-06-08 04:18:18: ◇ injected env (0) from .env // tip: ◈ encrypted .env [www.dotenvx.com]
2026-06-08 04:18:24: ◇ injected env (0) from .env // tip: ⌁ auth for agents [www.vestauth.com]
2026-06-08 04:18:31: ◇ injected env (0) from .env // tip: ⌁ auth for agents [www.vestauth.com]
2026-06-08 04:18:37: ◇ injected env (0) from .env // tip: ⌘ multiple files { path: ['.env.local', '.env'] }
2026-06-08 04:18:44: ◇ injected env (0) from .env // tip: ⌘ override existing { override: true }
2026-06-08 04:18:50: ◇ injected env (0) from .env // tip: ⌘ suppress logs { quiet: true }
2026-06-08 04:18:56: ◇ injected env (0) from .env // tip: ⌘ suppress logs { quiet: true }
2026-06-08 04:19:03: ◇ injected env (0) from .env // tip: ⌘ override existing { override: true }
2026-06-08 04:19:09: ◇ injected env (0) from .env // tip: ⌘ suppress logs { quiet: true }
2026-06-08 04:19:16: ◇ injected env (0) from .env // tip: ⌘ enable debugging { debug: true }
2026-06-08 04:19:22: ◇ injected env (0) from .env // tip: ⌘ suppress logs { quiet: true }
2026-06-08 04:19:28: ◇ injected env (0) from .env // tip: ⌁ auth for agents [www.vestauth.com]
2026-06-08 04:19:35: ◇ injected env (0) from .env // tip: ⌁ auth for agents [www.vestauth.com]
2026-06-08 04:19:41: ◇ injected env (0) from .env // tip: ⌘ multiple files { path: ['.env.local', '.env'] }
2026-06-08 04:19:47: ◇ injected env (0) from .env // tip: ⌁ auth for agents [www.vestauth.com]
2026-06-08 04:19:54: ◇ injected env (0) from .env // tip: ⌘ multiple files { path: ['.env.local', '.env'] }
2026-06-08 04:20:00: ◇ injected env (0) from .env // tip: ⌘ custom filepath { path: '/custom/path/.env' }
2026-06-08 04:20:07: ◇ injected env (0) from .env // tip: ⌘ multiple files { path: ['.env.local', '.env'] }
2026-06-08 04:20:13: ◇ injected env (0) from .env // tip: ⌘ custom filepath { path: '/custom/path/.env' }
2026-06-08 04:20:20: ◇ injected env (0) from .env // tip: ⌘ multiple files { path: ['.env.local', '.env'] }
2026-06-08 04:20:26: ◇ injected env (0) from .env // tip: ⌘ multiple files { path: ['.env.local', '.env'] }
2026-06-08 04:20:32: ◇ injected env (0) from .env // tip: ◈ encrypted .env [www.dotenvx.com]
2026-06-08 04:20:39: ◇ injected env (0) from .env // tip: ⌁ auth for agents [www.vestauth.com]
2026-06-08 04:20:46: ◇ injected env (0) from .env // tip: ◈ secrets for agents [www.dotenvx.com]
2026-06-08 04:20:52: ◇ injected env (0) from .env // tip: ⌘ custom filepath { path: '/custom/path/.env' }
2026-06-08 04:20:58: ◇ injected env (0) from .env // tip: ◈ secrets for agents [www.dotenvx.com]
2026-06-08 04:21:05: ◇ injected env (0) from .env // tip: ⌘ override existing { override: true }
2026-06-08 04:21:12: ◇ injected env (0) from .env // tip: ◈ secrets for agents [www.dotenvx.com]
2026-06-08 04:21:20: ◇ injected env (0) from .env // tip: ⌘ enable debugging { debug: true }
2026-06-08 04:21:27: ◇ injected env (0) from .env // tip: ⌘ override existing { override: true }
2026-06-08 04:21:33: ◇ injected env (0) from .env // tip: ⌘ suppress logs { quiet: true }
2026-06-08 04:21:40: ◇ injected env (0) from .env // tip: ⌘ enable debugging { debug: true }
2026-06-08 04:21:47: ◇ injected env (0) from .env // tip: ⌘ suppress logs { quiet: true }
2026-06-08 04:21:55: ◇ injected env (0) from .env // tip: ⌘ multiple files { path: ['.env.local', '.env'] }
2026-06-08 04:22:02: ◇ injected env (0) from .env // tip: ⌘ suppress logs { quiet: true }
2026-06-08 04:22:10: ◇ injected env (0) from .env // tip: ⌘ override existing { override: true }
2026-06-08 04:22:18: ◇ injected env (0) from .env // tip: ⌘ multiple files { path: ['.env.local', '.env'] }
2026-06-08 04:22:26: ◇ injected env (0) from .env // tip: ⌘ custom filepath { path: '/custom/path/.env' }
2026-06-08 04:22:33: ◇ injected env (0) from .env // tip: ⌘ multiple files { path: ['.env.local', '.env'] }
2026-06-08 04:22:41: ◇ injected env (0) from .env // tip: ⌘ enable debugging { debug: true }
2026-06-08 04:22:49: ◇ injected env (0) from .env // tip: ⌁ auth for agents [www.vestauth.com]
2026-06-08 04:22:57: ◇ injected env (0) from .env // tip: ◈ secrets for agents [www.dotenvx.com]
2026-06-08 04:23:05: ◇ injected env (0) from .env // tip: ⌘ enable debugging { debug: true }
2026-06-08 04:23:12: ◇ injected env (0) from .env // tip: ⌘ override existing { override: true }
2026-06-08 04:23:19: ◇ injected env (0) from .env // tip: ◈ encrypted .env [www.dotenvx.com]
2026-06-08 04:23:27: ◇ injected env (0) from .env // tip: ⌘ enable debugging { debug: true }
2026-06-08 04:23:35: ◇ injected env (0) from .env // tip: ⌘ multiple files { path: ['.env.local', '.env'] }
2026-06-08 04:23:43: ◇ injected env (0) from .env // tip: ◈ encrypted .env [www.dotenvx.com]
2026-06-08 04:23:50: ◇ injected env (0) from .env // tip: ◈ encrypted .env [www.dotenvx.com]
2026-06-08 04:23:57: ◇ injected env (0) from .env // tip: ⌁ auth for agents [www.vestauth.com]
2026-06-08 04:24:04: ◇ injected env (0) from .env // tip: ⌘ override existing { override: true }
2026-06-08 04:24:12: ◇ injected env (0) from .env // tip: ⌘ suppress logs { quiet: true }
2026-06-08 04:24:19: ◇ injected env (0) from .env // tip: ⌘ custom filepath { path: '/custom/path/.env' }
2026-06-08 04:24:26: ◇ injected env (0) from .env // tip: ⌘ multiple files { path: ['.env.local', '.env'] }
2026-06-08 04:24:33: ◇ injected env (0) from .env // tip: ⌘ override existing { override: true }
2026-06-08 04:24:40: ◇ injected env (0) from .env // tip: ⌘ override existing { override: true }
2026-06-08 04:24:49: ◇ injected env (0) from .env // tip: ⌘ enable debugging { debug: true }
2026-06-08 04:24:56: ◇ injected env (0) from .env // tip: ⌘ custom filepath { path: '/custom/path/.env' }
2026-06-08 04:25:04: ◇ injected env (0) from .env // tip: ⌘ enable debugging { debug: true }
2026-06-08 04:25:12: ◇ injected env (0) from .env // tip: ⌘ suppress logs { quiet: true }
2026-06-08 04:25:19: ◇ injected env (0) from .env // tip: ⌘ override existing { override: true }
2026-06-08 04:25:29: ◇ injected env (0) from .env // tip: ⌘ multiple files { path: ['.env.local', '.env'] }
2026-06-08 04:25:37: ◇ injected env (0) from .env // tip: ⌘ multiple files { path: ['.env.local', '.env'] }
2026-06-08 04:25:46: ◇ injected env (0) from .env // tip: ⌘ custom filepath { path: '/custom/path/.env' }
2026-06-08 04:25:54: ◇ injected env (0) from .env // tip: ⌁ auth for agents [www.vestauth.com]
2026-06-08 04:26:02: ◇ injected env (0) from .env // tip: ◈ encrypted .env [www.dotenvx.com]
2026-06-08 04:26:10: ◇ injected env (0) from .env // tip: ⌘ override existing { override: true }
2026-06-08 04:26:21: ◇ injected env (0) from .env // tip: ⌘ suppress logs { quiet: true }
2026-06-08 04:26:30: ◇ injected env (0) from .env // tip: ⌘ suppress logs { quiet: true }
2026-06-08 04:26:40: ◇ injected env (0) from .env // tip: ◈ encrypted .env [www.dotenvx.com]
2026-06-08 04:26:50: ◇ injected env (0) from .env // tip: ◈ encrypted .env [www.dotenvx.com]
2026-06-08 04:26:59: ◇ injected env (0) from .env // tip: ⌘ custom filepath { path: '/custom/path/.env' }
2026-06-08 04:27:07: ◇ injected env (0) from .env // tip: ⌘ override existing { override: true }
2026-06-08 04:27:13: ◇ injected env (0) from .env // tip: ⌘ override existing { override: true }
2026-06-08 04:27:18: ◇ injected env (0) from .env // tip: ⌘ custom filepath { path: '/custom/path/.env' }
2026-06-08 04:27:24: ◇ injected env (0) from .env // tip: ◈ encrypted .env [www.dotenvx.com]
2026-06-08 04:27:30: ◇ injected env (0) from .env // tip: ⌘ override existing { override: true }
2026-06-08 04:27:38: ◇ injected env (0) from .env // tip: ⌁ auth for agents [www.vestauth.com]
2026-06-08 04:27:48: ◇ injected env (0) from .env // tip: ⌘ enable debugging { debug: true }
2026-06-08 04:27:55: ◇ injected env (0) from .env // tip: ⌁ auth for agents [www.vestauth.com]
2026-06-08 04:27:59: ◇ injected env (0) from .env // tip: ⌘ multiple files { path: ['.env.local', '.env'] }
2026-06-08 04:28:02: ◇ injected env (0) from .env // tip: ⌘ custom filepath { path: '/custom/path/.env' }
2026-06-08 04:28:06: ◇ injected env (0) from .env // tip: ⌘ custom filepath { path: '/custom/path/.env' }
2026-06-08 04:28:14: ◇ injected env (0) from .env // tip: ⌘ override existing { override: true }
2026-06-08 04:28:22: ◇ injected env (0) from .env // tip: ◈ secrets for agents [www.dotenvx.com]
2026-06-08 04:28:30: ◇ injected env (0) from .env // tip: ⌘ override existing { override: true }
2026-06-08 04:28:37: ◇ injected env (0) from .env // tip: ⌁ auth for agents [www.vestauth.com]
2026-06-08 04:28:45: ◇ injected env (0) from .env // tip: ⌘ suppress logs { quiet: true }
2026-06-08 04:28:50: ◇ injected env (0) from .env // tip: ⌘ enable debugging { debug: true }
2026-06-08 04:28:52: ◇ injected env (0) from .env // tip: ⌘ override existing { override: true }
2026-06-08 04:28:58: ◇ injected env (0) from .env // tip: ⌘ suppress logs { quiet: true }
2026-06-08 04:29:01: ◇ injected env (0) from .env // tip: ⌘ override existing { override: true }
2026-06-08 04:29:07: ◇ injected env (0) from .env // tip: ◈ secrets for agents [www.dotenvx.com]
2026-06-08 04:29:13: ◇ injected env (0) from .env // tip: ⌘ override existing { override: true }
2026-06-08 04:29:18: ◇ injected env (0) from .env // tip: ⌘ multiple files { path: ['.env.local', '.env'] }
2026-06-08 04:29:26: ◇ injected env (0) from .env // tip: ⌘ custom filepath { path: '/custom/path/.env' }
2026-06-08 04:29:34: ◇ injected env (0) from .env // tip: ⌁ auth for agents [www.vestauth.com]
2026-06-08 04:29:42: ◇ injected env (0) from .env // tip: ⌘ suppress logs { quiet: true }
2026-06-08 04:29:50: ◇ injected env (0) from .env // tip: ⌘ enable debugging { debug: true }
2026-06-08 04:29:58: ◇ injected env (0) from .env // tip: ⌘ custom filepath { path: '/custom/path/.env' }
2026-06-08 04:30:07: ◇ injected env (0) from .env // tip: ⌘ override existing { override: true }
2026-06-08 04:30:15: ◇ injected env (0) from .env // tip: ⌘ suppress logs { quiet: true }
2026-06-08 04:30:24: ◇ injected env (0) from .env // tip: ⌘ override existing { override: true }
2026-06-08 04:30:31: ◇ injected env (0) from .env // tip: ⌁ auth for agents [www.vestauth.com]
2026-06-08 04:30:39: ◇ injected env (0) from .env // tip: ⌁ auth for agents [www.vestauth.com]
2026-06-08 04:30:47: ◇ injected env (0) from .env // tip: ◈ encrypted .env [www.dotenvx.com]
2026-06-08 04:30:55: ◇ injected env (0) from .env // tip: ⌘ multiple files { path: ['.env.local', '.env'] }
2026-06-08 04:31:03: ◇ injected env (0) from .env // tip: ◈ encrypted .env [www.dotenvx.com]
2026-06-08 04:31:11: ◇ injected env (0) from .env // tip: ⌘ multiple files { path: ['.env.local', '.env'] }
2026-06-08 04:31:18: ◇ injected env (0) from .env // tip: ◈ secrets for agents [www.dotenvx.com]
2026-06-08 04:31:27: ◇ injected env (0) from .env // tip: ⌘ multiple files { path: ['.env.local', '.env'] }
2026-06-08 04:31:33: ◇ injected env (0) from .env // tip: ◈ encrypted .env [www.dotenvx.com]
2026-06-08 04:31:40: ◇ injected env (0) from .env // tip: ⌘ enable debugging { debug: true }
2026-06-08 04:31:47: ◇ injected env (0) from .env // tip: ⌘ override existing { override: true }
2026-06-08 04:31:51: ◇ injected env (0) from .env // tip: ⌘ multiple files { path: ['.env.local', '.env'] }
2026-06-08 04:31:54: ◇ injected env (0) from .env // tip: ⌘ suppress logs { quiet: true }
2026-06-08 04:31:59: ◇ injected env (0) from .env // tip: ⌁ auth for agents [www.vestauth.com]
2026-06-08 04:32:02: ◇ injected env (0) from .env // tip: ⌘ suppress logs { quiet: true }
2026-06-08 04:32:05: ◇ injected env (0) from .env // tip: ⌘ enable debugging { debug: true }
2026-06-08 04:32:14: ◇ injected env (0) from .env // tip: ⌁ auth for agents [www.vestauth.com]
2026-06-08 04:32:22: ◇ injected env (0) from .env // tip: ⌘ multiple files { path: ['.env.local', '.env'] }
2026-06-08 04:32:30: ◇ injected env (0) from .env // tip: ◈ encrypted .env [www.dotenvx.com]
2026-06-08 04:32:38: ◇ injected env (0) from .env // tip: ⌁ auth for agents [www.vestauth.com]
2026-06-08 04:32:46: ◇ injected env (0) from .env // tip: ⌘ override existing { override: true }
2026-06-08 04:32:54: ◇ injected env (0) from .env // tip: ⌁ auth for agents [www.vestauth.com]
2026-06-08 04:33:01: ◇ injected env (0) from .env // tip: ⌘ suppress logs { quiet: true }
2026-06-08 04:33:08: ◇ injected env (0) from .env // tip: ⌘ suppress logs { quiet: true }
2026-06-08 04:33:16: ◇ injected env (0) from .env // tip: ⌘ suppress logs { quiet: true }
2026-06-08 04:33:23: ◇ injected env (0) from .env // tip: ⌘ multiple files { path: ['.env.local', '.env'] }
2026-06-08 04:33:31: ◇ injected env (0) from .env // tip: ⌘ enable debugging { debug: true }
2026-06-08 04:33:40: ◇ injected env (0) from .env // tip: ⌘ enable debugging { debug: true }
2026-06-08 04:33:48: ◇ injected env (0) from .env // tip: ⌘ enable debugging { debug: true }
2026-06-08 04:33:56: ◇ injected env (0) from .env // tip: ◈ encrypted .env [www.dotenvx.com]
2026-06-08 04:34:05: ◇ injected env (0) from .env // tip: ⌁ auth for agents [www.vestauth.com]
2026-06-08 04:34:12: ◇ injected env (0) from .env // tip: ⌘ multiple files { path: ['.env.local', '.env'] }
2026-06-08 04:34:20: ◇ injected env (0) from .env // tip: ⌘ suppress logs { quiet: true }
2026-06-08 04:34:27: ◇ injected env (0) from .env // tip: ◈ secrets for agents [www.dotenvx.com]
2026-06-08 04:34:34: ◇ injected env (0) from .env // tip: ◈ secrets for agents [www.dotenvx.com]
2026-06-08 04:34:41: ◇ injected env (0) from .env // tip: ⌘ override existing { override: true }
2026-06-08 04:34:45: ◇ injected env (0) from .env // tip: ⌘ override existing { override: true }
2026-06-08 04:34:51: ◇ injected env (0) from .env // tip: ⌘ enable debugging { debug: true }
2026-06-08 04:34:57: ◇ injected env (0) from .env // tip: ⌁ auth for agents [www.vestauth.com]
2026-06-08 04:34:59: ◇ injected env (0) from .env // tip: ⌘ custom filepath { path: '/custom/path/.env' }
2026-06-08 04:35:05: ◇ injected env (0) from .env // tip: ⌘ enable debugging { debug: true }
2026-06-08 04:35:10: ◇ injected env (0) from .env // tip: ◈ encrypted .env [www.dotenvx.com]
2026-06-08 04:35:15: ◇ injected env (0) from .env // tip: ◈ secrets for agents [www.dotenvx.com]
2026-06-08 04:35:21: ◇ injected env (0) from .env // tip: ⌘ override existing { override: true }
2026-06-08 04:35:26: ◇ injected env (0) from .env // tip: ⌘ multiple files { path: ['.env.local', '.env'] }
2026-06-08 04:35:29: ◇ injected env (0) from .env // tip: ◈ encrypted .env [www.dotenvx.com]
2026-06-08 04:35:35: ◇ injected env (0) from .env // tip: ◈ secrets for agents [www.dotenvx.com]
2026-06-08 04:35:38: ◇ injected env (0) from .env // tip: ◈ secrets for agents [www.dotenvx.com]
2026-06-08 04:35:45: ◇ injected env (0) from .env // tip: ⌘ override existing { override: true }
2026-06-08 04:35:49: ◇ injected env (0) from .env // tip: ◈ encrypted .env [www.dotenvx.com]
2026-06-08 04:35:52: ◇ injected env (0) from .env // tip: ⌘ custom filepath { path: '/custom/path/.env' }
2026-06-08 04:35:57: ◇ injected env (0) from .env // tip: ◈ secrets for agents [www.dotenvx.com]
2026-06-08 04:36:01: ◇ injected env (0) from .env // tip: ⌘ override existing { override: true }
2026-06-08 04:36:09: ◇ injected env (0) from .env // tip: ◈ encrypted .env [www.dotenvx.com]
2026-06-08 04:36:16: ◇ injected env (0) from .env // tip: ⌘ override existing { override: true }
2026-06-08 04:36:23: ◇ injected env (0) from .env // tip: ⌘ custom filepath { path: '/custom/path/.env' }
2026-06-08 04:36:28: ◇ injected env (0) from .env // tip: ⌘ suppress logs { quiet: true }
2026-06-08 04:36:30: ◇ injected env (0) from .env // tip: ⌘ enable debugging { debug: true }
2026-06-08 04:36:33: ◇ injected env (0) from .env // tip: ⌘ enable debugging { debug: true }
2026-06-08 04:36:41: ◇ injected env (0) from .env // tip: ⌘ custom filepath { path: '/custom/path/.env' }
2026-06-08 04:36:47: ◇ injected env (0) from .env // tip: ⌘ custom filepath { path: '/custom/path/.env' }
2026-06-08 04:36:52: ◇ injected env (0) from .env // tip: ⌘ override existing { override: true }
2026-06-08 04:36:55: ◇ injected env (0) from .env // tip: ⌘ enable debugging { debug: true }
2026-06-08 04:37:00: ◇ injected env (0) from .env // tip: ⌘ override existing { override: true }
2026-06-08 04:37:03: ◇ injected env (0) from .env // tip: ⌘ suppress logs { quiet: true }
2026-06-08 04:37:08: ◇ injected env (0) from .env // tip: ⌁ auth for agents [www.vestauth.com]
2026-06-08 04:37:11: ◇ injected env (0) from .env // tip: ◈ encrypted .env [www.dotenvx.com]
2026-06-08 04:37:16: ◇ injected env (0) from .env // tip: ⌘ enable debugging { debug: true }
2026-06-08 04:37:18: ◇ injected env (0) from .env // tip: ◈ encrypted .env [www.dotenvx.com]
2026-06-08 04:37:24: ◇ injected env (0) from .env // tip: ⌘ override existing { override: true }
2026-06-08 04:37:26: ◇ injected env (0) from .env // tip: ◈ encrypted .env [www.dotenvx.com]
2026-06-08 04:37:32: ◇ injected env (0) from .env // tip: ⌘ enable debugging { debug: true }
2026-06-08 04:37:37: ◇ injected env (0) from .env // tip: ⌘ custom filepath { path: '/custom/path/.env' }
2026-06-08 04:37:42: ◇ injected env (0) from .env // tip: ⌁ auth for agents [www.vestauth.com]
2026-06-08 04:37:50: ◇ injected env (0) from .env // tip: ◈ encrypted .env [www.dotenvx.com]
2026-06-08 04:37:57: ◇ injected env (0) from .env // tip: ⌘ enable debugging { debug: true }
2026-06-08 04:38:03: ◇ injected env (0) from .env // tip: ⌘ multiple files { path: ['.env.local', '.env'] }
2026-06-08 04:38:08: ◇ injected env (0) from .env // tip: ◈ secrets for agents [www.dotenvx.com]
2026-06-08 04:38:11: ◇ injected env (0) from .env // tip: ⌘ enable debugging { debug: true }
2026-06-08 04:38:17: ◇ injected env (0) from .env // tip: ⌘ custom filepath { path: '/custom/path/.env' }
2026-06-08 04:38:20: ◇ injected env (0) from .env // tip: ⌘ custom filepath { path: '/custom/path/.env' }
2026-06-08 04:38:27: ◇ injected env (0) from .env // tip: ⌘ custom filepath { path: '/custom/path/.env' }
2026-06-08 04:38:32: ◇ injected env (0) from .env // tip: ⌘ multiple files { path: ['.env.local', '.env'] }
2026-06-08 04:38:34: ◇ injected env (0) from .env // tip: ⌘ suppress logs { quiet: true }
2026-06-08 04:38:39: ◇ injected env (0) from .env // tip: ⌘ suppress logs { quiet: true }
2026-06-08 04:38:41: ◇ injected env (0) from .env // tip: ⌘ override existing { override: true }
2026-06-08 04:38:44: ◇ injected env (0) from .env // tip: ⌁ auth for agents [www.vestauth.com]
2026-06-08 04:38:51: ◇ injected env (0) from .env // tip: ◈ secrets for agents [www.dotenvx.com]
2026-06-08 04:38:57: ◇ injected env (0) from .env // tip: ⌘ custom filepath { path: '/custom/path/.env' }
2026-06-08 04:39:01: ◇ injected env (0) from .env // tip: ⌘ multiple files { path: ['.env.local', '.env'] }
2026-06-08 04:39:10: ◇ injected env (0) from .env // tip: ◈ secrets for agents [www.dotenvx.com]
2026-06-08 04:39:17: ◇ injected env (0) from .env // tip: ⌘ multiple files { path: ['.env.local', '.env'] }
2026-06-08 04:39:23: ◇ injected env (0) from .env // tip: ⌘ suppress logs { quiet: true }
2026-06-08 04:39:27: ◇ injected env (0) from .env // tip: ⌘ custom filepath { path: '/custom/path/.env' }
2026-06-08 04:39:31: ◇ injected env (0) from .env // tip: ⌘ override existing { override: true }
2026-06-08 04:39:36: ◇ injected env (0) from .env // tip: ⌘ custom filepath { path: '/custom/path/.env' }
2026-06-08 04:39:41: ◇ injected env (0) from .env // tip: ⌘ suppress logs { quiet: true }
2026-06-08 04:39:48: ◇ injected env (0) from .env // tip: ⌘ suppress logs { quiet: true }
2026-06-08 04:39:53: ◇ injected env (0) from .env // tip: ⌘ suppress logs { quiet: true }
2026-06-08 04:39:55: ◇ injected env (0) from .env // tip: ⌘ custom filepath { path: '/custom/path/.env' }
2026-06-08 04:40:01: ◇ injected env (0) from .env // tip: ⌘ custom filepath { path: '/custom/path/.env' }
2026-06-08 04:40:05: ◇ injected env (0) from .env // tip: ◈ secrets for agents [www.dotenvx.com]
2026-06-08 04:40:13: ◇ injected env (0) from .env // tip: ⌘ override existing { override: true }
2026-06-08 04:40:21: ◇ injected env (0) from .env // tip: ⌘ custom filepath { path: '/custom/path/.env' }
2026-06-08 04:40:29: ◇ injected env (0) from .env // tip: ⌁ auth for agents [www.vestauth.com]
2026-06-08 04:40:38: ◇ injected env (0) from .env // tip: ⌁ auth for agents [www.vestauth.com]
2026-06-08 04:40:46: ◇ injected env (0) from .env // tip: ⌘ suppress logs { quiet: true }
2026-06-08 04:40:53: ◇ injected env (0) from .env // tip: ⌘ custom filepath { path: '/custom/path/.env' }
2026-06-08 04:41:03: ◇ injected env (0) from .env // tip: ⌘ enable debugging { debug: true }
2026-06-08 04:41:12: ◇ injected env (0) from .env // tip: ⌘ override existing { override: true }
2026-06-08 04:41:19: ◇ injected env (0) from .env // tip: ◈ encrypted .env [www.dotenvx.com]
2026-06-08 04:41:27: ◇ injected env (0) from .env // tip: ◈ secrets for agents [www.dotenvx.com]
2026-06-08 04:41:35: ◇ injected env (0) from .env // tip: ◈ secrets for agents [www.dotenvx.com]
2026-06-08 04:41:44: ◇ injected env (0) from .env // tip: ◈ encrypted .env [www.dotenvx.com]
2026-06-08 04:41:52: ◇ injected env (0) from .env // tip: ⌘ custom filepath { path: '/custom/path/.env' }
2026-06-08 04:42:01: ◇ injected env (0) from .env // tip: ◈ secrets for agents [www.dotenvx.com]
2026-06-08 04:42:10: ◇ injected env (0) from .env // tip: ⌘ override existing { override: true }
2026-06-08 04:42:19: ◇ injected env (0) from .env // tip: ⌘ enable debugging { debug: true }
2026-06-08 04:42:27: ◇ injected env (0) from .env // tip: ◈ secrets for agents [www.dotenvx.com]
2026-06-08 04:42:36: ◇ injected env (0) from .env // tip: ⌘ suppress logs { quiet: true }
2026-06-08 04:42:46: ◇ injected env (0) from .env // tip: ⌘ multiple files { path: ['.env.local', '.env'] }
2026-06-08 04:42:53: ◇ injected env (0) from .env // tip: ⌘ enable debugging { debug: true }
2026-06-12 02:34:42: ◇ injected env (7) from backend\.env // tip: ◈ secrets for agents [www.dotenvx.com]
2026-06-12 02:34:44: 🚀 NestIQ server running on port 5000
2026-06-12 02:34:44: 🛡️  Helmet security headers: ON
2026-06-12 02:34:44: ⚡ Gzip compression: ON
2026-06-12 02:34:44: 🍪 Cookie parser: ON
2026-06-12 02:34:44: 🔒 Rate limiting: ON (150 req/min general, 30/15min for writes)
2026-06-12 02:34:45: ✅ MongoDB Connected: ac-xq7poi6-shard-00-01.jb1raqw.mongodb.net
